<?xml version="1.0" encoding="UTF-8"?>
<!--
This is a random problem, generated with these parameters:
nCargo = 15
nTanks = 35
nEmptyTanks = 1
tankMinSize = 200
tankMaxSize = 1000
tankFillRatioMin = 0.9
tankFillRatioMax = 1.0
connectivityRatio = 0.5
impossibleCargoRatio = 0.25
notNeighbouringRatio = 0.75
-->
<problem>
<cargos nb="15">
	<cargo id="1" name="c1" volume="1116"/>
	<cargo id="2" name="c2" volume="1133"/>
	<cargo id="3" name="c3" volume="1287"/>
	<cargo id="4" name="c4" volume="2466"/>
	<cargo id="5" name="c5" volume="1416"/>
	<cargo id="6" name="c6" volume="1831"/>
	<cargo id="7" name="c7" volume="0"/>
	<cargo id="8" name="c8" volume="346"/>
	<cargo id="9" name="c9" volume="1456"/>
	<cargo id="10" name="c10" volume="1393"/>
	<cargo id="11" name="c11" volume="1085"/>
	<cargo id="12" name="c12" volume="580"/>
	<cargo id="13" name="c13" volume="344"/>
	<cargo id="14" name="c14" volume="912"/>
	<cargo id="15" name="c15" volume="3311"/>
</cargos>
<incompatibles>
	<incompatible cargo1="2"  cargo2="13"/>
	<incompatible cargo1="3"  cargo2="7"/>
	<incompatible cargo1="4"  cargo2="7"/>
	<incompatible cargo1="5"  cargo2="7"/>
	<incompatible cargo1="6"  cargo2="7"/>
	<incompatible cargo1="6"  cargo2="8"/>
	<incompatible cargo1="6"  cargo2="9"/>
	<incompatible cargo1="6"  cargo2="14"/>
	<incompatible cargo1="7"  cargo2="8"/>
	<incompatible cargo1="7"  cargo2="9"/>
	<incompatible cargo1="7"  cargo2="11"/>
	<incompatible cargo1="7"  cargo2="12"/>
	<incompatible cargo1="7"  cargo2="13"/>
	<incompatible cargo1="7"  cargo2="14"/>
	<incompatible cargo1="7"  cargo2="15"/>
	<incompatible cargo1="8"  cargo2="13"/>
	<incompatible cargo1="10"  cargo2="13"/>
	<incompatible cargo1="13"  cargo2="14"/>
</incompatibles>
<tanks nb="35">
	<tank id="1" capa="640">
		<impossiblecargos>
			<cargo id="2"/>
			<cargo id="5"/>
			<cargo id="6"/>
		</impossiblecargos>
		<neighbours>
			<tank id="23"/>
			<tank id="5"/>
			<tank id="8"/>
			<tank id="31"/>
			<tank id="29"/>
			<tank id="17"/>
			<tank id="32"/>
			<tank id="21"/>
			<tank id="7"/>
			<tank id="16"/>
			<tank id="33"/>
			<tank id="10"/>
			<tank id="27"/>
			<tank id="24"/>
			<tank id="19"/>
			<tank id="22"/>
			<tank id="15"/>
			<tank id="20"/>
			<tank id="34"/>
			<tank id="12"/>
			<tank id="9"/>
		</neighbours>
	</tank>
	<tank id="2" capa="638">
		<impossiblecargos>
			<cargo id="7"/>
			<cargo id="10"/>
			<cargo id="14"/>
			<cargo id="15"/>
		</impossiblecargos>
		<neighbours>
			<tank id="22"/>
			<tank id="14"/>
			<tank id="34"/>
			<tank id="28"/>
			<tank id="6"/>
			<tank id="17"/>
			<tank id="4"/>
			<tank id="8"/>
			<tank id="5"/>
			<tank id="7"/>
			<tank id="11"/>
			<tank id="21"/>
			<tank id="29"/>
			<tank id="26"/>
			<tank id="31"/>
			<tank id="32"/>
			<tank id="30"/>
			<tank id="18"/>
			<tank id="19"/>
		</neighbours>
	</tank>
	<tank id="3" capa="359">
		<impossiblecargos>
			<cargo id="3"/>
			<cargo id="6"/>
			<cargo id="14"/>
		</impossiblecargos>
		<neighbours>
			<tank id="24"/>
			<tank id="16"/>
			<tank id="17"/>
			<tank id="35"/>
			<tank id="5"/>
			<tank id="19"/>
			<tank id="15"/>
			<tank id="7"/>
			<tank id="31"/>
			<tank id="21"/>
			<tank id="18"/>
			<tank id="13"/>
			<tank id="25"/>
			<tank id="12"/>
		</neighbours>
	</tank>
	<tank id="4" capa="691">
		<impossiblecargos>
			<cargo id="1"/>
			<cargo id="5"/>
			<cargo id="6"/>
			<cargo id="7"/>
			<cargo id="9"/>
		</impossiblecargos>
		<neighbours>
			<tank id="33"/>
			<tank id="24"/>
			<tank id="12"/>
			<tank id="23"/>
			<tank id="7"/>
			<tank id="2"/>
			<tank id="21"/>
			<tank id="15"/>
			<tank id="16"/>
			<tank id="26"/>
			<tank id="20"/>
		</neighbours>
	</tank>
	<tank id="5" capa="379">
		<impossiblecargos>
			<cargo id="1"/>
			<cargo id="2"/>
			<cargo id="4"/>
			<cargo id="11"/>
		</impossiblecargos>
		<neighbours>
			<tank id="1"/>
			<tank id="24"/>
			<tank id="23"/>
			<tank id="13"/>
			<tank id="25"/>
			<tank id="27"/>
			<tank id="6"/>
			<tank id="20"/>
			<tank id="2"/>
			<tank id="3"/>
			<tank id="21"/>
			<tank id="18"/>
			<tank id="35"/>
			<tank id="19"/>
			<tank id="9"/>
			<tank id="17"/>
			<tank id="16"/>
			<tank id="29"/>
			<tank id="31"/>
		</neighbours>
	</tank>
	<tank id="6" capa="385">
		<impossiblecargos>
			<cargo id="8"/>
			<cargo id="13"/>
		</impossiblecargos>
		<neighbours>
			<tank id="16"/>
			<tank id="25"/>
			<tank id="7"/>
			<tank id="17"/>
			<tank id="2"/>
			<tank id="29"/>
			<tank id="5"/>
			<tank id="32"/>
			<tank id="35"/>
			<tank id="31"/>
			<tank id="34"/>
			<tank id="18"/>
			<tank id="8"/>
			<tank id="21"/>
			<tank id="9"/>
			<tank id="30"/>
			<tank id="23"/>
			<tank id="33"/>
		</neighbours>
	</tank>
	<tank id="7" capa="803">
		<impossiblecargos>
			<cargo id="2"/>
			<cargo id="7"/>
			<cargo id="9"/>
			<cargo id="15"/>
		</impossiblecargos>
		<neighbours>
			<tank id="19"/>
			<tank id="6"/>
			<tank id="31"/>
			<tank id="4"/>
			<tank id="1"/>
			<tank id="18"/>
			<tank id="2"/>
			<tank id="12"/>
			<tank id="3"/>
			<tank id="13"/>
			<tank id="21"/>
			<tank id="17"/>
			<tank id="35"/>
		</neighbours>
	</tank>
	<tank id="8" capa="999">
		<impossiblecargos>
			<cargo id="3"/>
			<cargo id="9"/>
		</impossiblecargos>
		<neighbours>
			<tank id="1"/>
			<tank id="9"/>
			<tank id="14"/>
			<tank id="31"/>
			<tank id="13"/>
			<tank id="25"/>
			<tank id="2"/>
			<tank id="27"/>
			<tank id="15"/>
			<tank id="16"/>
			<tank id="30"/>
			<tank id="32"/>
			<tank id="33"/>
			<tank id="11"/>
			<tank id="28"/>
			<tank id="12"/>
			<tank id="29"/>
			<tank id="6"/>
		</neighbours>
	</tank>
	<tank id="9" capa="559">
		<impossiblecargos>
			<cargo id="1"/>
			<cargo id="4"/>
			<cargo id="6"/>
			<cargo id="11"/>
			<cargo id="13"/>
			<cargo id="14"/>
			<cargo id="15"/>
		</impossiblecargos>
		<neighbours>
			<tank id="16"/>
			<tank id="8"/>
			<tank id="32"/>
			<tank id="28"/>
			<tank id="10"/>
			<tank id="11"/>
			<tank id="15"/>
			<tank id="13"/>
			<tank id="14"/>
			<tank id="18"/>
			<tank id="22"/>
			<tank id="21"/>
			<tank id="29"/>
			<tank id="19"/>
			<tank id="5"/>
			<tank id="24"/>
			<tank id="6"/>
			<tank id="1"/>
			<tank id="25"/>
		</neighbours>
	</tank>
	<tank id="10" capa="599">
		<impossiblecargos>
			<cargo id="1"/>
			<cargo id="4"/>
		</impossiblecargos>
		<neighbours>
			<tank id="12"/>
			<tank id="9"/>
			<tank id="35"/>
			<tank id="33"/>
			<tank id="20"/>
			<tank id="1"/>
			<tank id="23"/>
			<tank id="22"/>
			<tank id="13"/>
			<tank id="26"/>
			<tank id="28"/>
			<tank id="18"/>
			<tank id="29"/>
			<tank id="27"/>
		</neighbours>
	</tank>
	<tank id="11" capa="550">
		<impossiblecargos>
			<cargo id="1"/>
			<cargo id="2"/>
			<cargo id="12"/>
		</impossiblecargos>
		<neighbours>
			<tank id="34"/>
			<tank id="16"/>
			<tank id="35"/>
			<tank id="21"/>
			<tank id="9"/>
			<tank id="29"/>
			<tank id="2"/>
			<tank id="26"/>
			<tank id="24"/>
			<tank id="8"/>
			<tank id="13"/>
			<tank id="28"/>
		</neighbours>
	</tank>
	<tank id="12" capa="202">
		<impossiblecargos>
			<cargo id="2"/>
			<cargo id="3"/>
			<cargo id="5"/>
			<cargo id="7"/>
			<cargo id="10"/>
		</impossiblecargos>
		<neighbours>
			<tank id="10"/>
			<tank id="14"/>
			<tank id="19"/>
			<tank id="20"/>
			<tank id="4"/>
			<tank id="17"/>
			<tank id="25"/>
			<tank id="22"/>
			<tank id="7"/>
			<tank id="26"/>
			<tank id="13"/>
			<tank id="21"/>
			<tank id="29"/>
			<tank id="8"/>
			<tank id="33"/>
			<tank id="1"/>
			<tank id="3"/>
		</neighbours>
	</tank>
	<tank id="13" capa="747">
		<impossiblecargos>
			<cargo id="7"/>
			<cargo id="8"/>
			<cargo id="9"/>
			<cargo id="14"/>
		</impossiblecargos>
		<neighbours>
			<tank id="35"/>
			<tank id="24"/>
			<tank id="28"/>
			<tank id="26"/>
			<tank id="5"/>
			<tank id="34"/>
			<tank id="15"/>
			<tank id="33"/>
			<tank id="8"/>
			<tank id="20"/>
			<tank id="9"/>
			<tank id="23"/>
			<tank id="30"/>
			<tank id="10"/>
			<tank id="12"/>
			<tank id="25"/>
			<tank id="7"/>
			<tank id="14"/>
			<tank id="32"/>
			<tank id="3"/>
			<tank id="19"/>
			<tank id="27"/>
			<tank id="18"/>
			<tank id="11"/>
			<tank id="16"/>
		</neighbours>
	</tank>
	<tank id="14" capa="975">
		<impossiblecargos>
			<cargo id="3"/>
			<cargo id="4"/>
			<cargo id="9"/>
		</impossiblecargos>
		<neighbours>
			<tank id="31"/>
			<tank id="12"/>
			<tank id="26"/>
			<tank id="35"/>
			<tank id="8"/>
			<tank id="2"/>
			<tank id="29"/>
			<tank id="15"/>
			<tank id="23"/>
			<tank id="9"/>
			<tank id="32"/>
			<tank id="33"/>
			<tank id="21"/>
			<tank id="13"/>
			<tank id="30"/>
		</neighbours>
	</tank>
	<tank id="15" capa="746">
		<impossiblecargos>
			<cargo id="9"/>
			<cargo id="10"/>
			<cargo id="12"/>
			<cargo id="13"/>
			<cargo id="15"/>
		</impossiblecargos>
		<neighbours>
			<tank id="19"/>
			<tank id="13"/>
			<tank id="20"/>
			<tank id="14"/>
			<tank id="9"/>
			<tank id="25"/>
			<tank id="27"/>
			<tank id="8"/>
			<tank id="26"/>
			<tank id="3"/>
			<tank id="30"/>
			<tank id="4"/>
			<tank id="1"/>
			<tank id="28"/>
			<tank id="17"/>
			<tank id="24"/>
		</neighbours>
	</tank>
	<tank id="16" capa="385">
		<impossiblecargos>
			<cargo id="3"/>
			<cargo id="7"/>
			<cargo id="12"/>
			<cargo id="13"/>
			<cargo id="15"/>
		</impossiblecargos>
		<neighbours>
			<tank id="6"/>
			<tank id="3"/>
			<tank id="9"/>
			<tank id="11"/>
			<tank id="1"/>
			<tank id="8"/>
			<tank id="23"/>
			<tank id="21"/>
			<tank id="17"/>
			<tank id="34"/>
			<tank id="26"/>
			<tank id="30"/>
			<tank id="4"/>
			<tank id="5"/>
			<tank id="28"/>
			<tank id="20"/>
			<tank id="19"/>
			<tank id="35"/>
			<tank id="13"/>
		</neighbours>
	</tank>
	<tank id="17" capa="426">
		<impossiblecargos>
			<cargo id="2"/>
			<cargo id="4"/>
			<cargo id="7"/>
			<cargo id="12"/>
		</impossiblecargos>
		<neighbours>
			<tank id="6"/>
			<tank id="1"/>
			<tank id="18"/>
			<tank id="12"/>
			<tank id="2"/>
			<tank id="26"/>
			<tank id="3"/>
			<tank id="21"/>
			<tank id="31"/>
			<tank id="24"/>
			<tank id="16"/>
			<tank id="5"/>
			<tank id="32"/>
			<tank id="33"/>
			<tank id="29"/>
			<tank id="7"/>
			<tank id="27"/>
			<tank id="15"/>
			<tank id="20"/>
		</neighbours>
	</tank>
	<tank id="18" capa="568">
		<impossiblecargos>
			<cargo id="3"/>
			<cargo id="5"/>
			<cargo id="9"/>
		</impossiblecargos>
		<neighbours>
			<tank id="26"/>
			<tank id="34"/>
			<tank id="17"/>
			<tank id="29"/>
			<tank id="9"/>
			<tank id="7"/>
			<tank id="6"/>
			<tank id="5"/>
			<tank id="19"/>
			<tank id="27"/>
			<tank id="24"/>
			<tank id="21"/>
			<tank id="3"/>
			<tank id="23"/>
			<tank id="2"/>
			<tank id="10"/>
			<tank id="20"/>
			<tank id="13"/>
		</neighbours>
	</tank>
	<tank id="19" capa="409">
		<impossiblecargos>
			<cargo id="1"/>
			<cargo id="6"/>
			<cargo id="7"/>
			<cargo id="12"/>
			<cargo id="13"/>
		</impossiblecargos>
		<neighbours>
			<tank id="7"/>
			<tank id="15"/>
			<tank id="34"/>
			<tank id="12"/>
			<tank id="29"/>
			<tank id="32"/>
			<tank id="23"/>
			<tank id="26"/>
			<tank id="18"/>
			<tank id="3"/>
			<tank id="9"/>
			<tank id="5"/>
			<tank id="35"/>
			<tank id="1"/>
			<tank id="13"/>
			<tank id="16"/>
			<tank id="27"/>
			<tank id="30"/>
			<tank id="2"/>
		</neighbours>
	</tank>
	<tank id="20" capa="628">
		<impossiblecargos>
			<cargo id="13"/>
		</impossiblecargos>
		<neighbours>
			<tank id="22"/>
			<tank id="12"/>
			<tank id="32"/>
			<tank id="15"/>
			<tank id="30"/>
			<tank id="13"/>
			<tank id="33"/>
			<tank id="5"/>
			<tank id="10"/>
			<tank id="24"/>
			<tank id="28"/>
			<tank id="1"/>
			<tank id="34"/>
			<tank id="4"/>
			<tank id="16"/>
			<tank id="17"/>
			<tank id="31"/>
			<tank id="18"/>
		</neighbours>
	</tank>
	<tank id="21" capa="505">
		<impossiblecargos>
			<cargo id="4"/>
			<cargo id="5"/>
			<cargo id="8"/>
			<cargo id="11"/>
		</impossiblecargos>
		<neighbours>
			<tank id="28"/>
			<tank id="23"/>
			<tank id="11"/>
			<tank id="27"/>
			<tank id="24"/>
			<tank id="30"/>
			<tank id="1"/>
			<tank id="17"/>
			<tank id="9"/>
			<tank id="34"/>
			<tank id="5"/>
			<tank id="16"/>
			<tank id="12"/>
			<tank id="2"/>
			<tank id="14"/>
			<tank id="4"/>
			<tank id="26"/>
			<tank id="7"/>
			<tank id="3"/>
			<tank id="18"/>
			<tank id="29"/>
			<tank id="33"/>
			<tank id="32"/>
			<tank id="6"/>
		</neighbours>
	</tank>
	<tank id="22" capa="927">
		<impossiblecargos>
			<cargo id="11"/>
		</impossiblecargos>
		<neighbours>
			<tank id="28"/>
			<tank id="20"/>
			<tank id="30"/>
			<tank id="2"/>
			<tank id="24"/>
			<tank id="29"/>
			<tank id="9"/>
			<tank id="12"/>
			<tank id="10"/>
			<tank id="1"/>
			<tank id="27"/>
			<tank id="33"/>
		</neighbours>
	</tank>
	<tank id="23" capa="368">
		<impossiblecargos>
			<cargo id="1"/>
			<cargo id="4"/>
			<cargo id="6"/>
		</impossiblecargos>
		<neighbours>
			<tank id="1"/>
			<tank id="5"/>
			<tank id="21"/>
			<tank id="30"/>
			<tank id="25"/>
			<tank id="14"/>
			<tank id="4"/>
			<tank id="19"/>
			<tank id="13"/>
			<tank id="34"/>
			<tank id="10"/>
			<tank id="16"/>
			<tank id="24"/>
			<tank id="18"/>
			<tank id="6"/>
		</neighbours>
	</tank>
	<tank id="24" capa="542">
		<impossiblecargos>
			<cargo id="1"/>
			<cargo id="2"/>
			<cargo id="5"/>
			<cargo id="14"/>
		</impossiblecargos>
		<neighbours>
			<tank id="5"/>
			<tank id="3"/>
			<tank id="13"/>
			<tank id="27"/>
			<tank id="4"/>
			<tank id="33"/>
			<tank id="22"/>
			<tank id="21"/>
			<tank id="31"/>
			<tank id="11"/>
			<tank id="17"/>
			<tank id="18"/>
			<tank id="20"/>
			<tank id="1"/>
			<tank id="25"/>
			<tank id="35"/>
			<tank id="9"/>
			<tank id="23"/>
			<tank id="15"/>
			<tank id="26"/>
		</neighbours>
	</tank>
	<tank id="25" capa="377">
		<impossiblecargos>
			<cargo id="8"/>
			<cargo id="12"/>
		</impossiblecargos>
		<neighbours>
			<tank id="6"/>
			<tank id="5"/>
			<tank id="23"/>
			<tank id="26"/>
			<tank id="29"/>
			<tank id="27"/>
			<tank id="35"/>
			<tank id="8"/>
			<tank id="15"/>
			<tank id="12"/>
			<tank id="13"/>
			<tank id="24"/>
			<tank id="3"/>
			<tank id="34"/>
			<tank id="9"/>
		</neighbours>
	</tank>
	<tank id="26" capa="219">
		<impossiblecargos>
			<cargo id="3"/>
			<cargo id="4"/>
			<cargo id="6"/>
			<cargo id="8"/>
			<cargo id="15"/>
		</impossiblecargos>
		<neighbours>
			<tank id="18"/>
			<tank id="13"/>
			<tank id="32"/>
			<tank id="14"/>
			<tank id="25"/>
			<tank id="35"/>
			<tank id="17"/>
			<tank id="33"/>
			<tank id="19"/>
			<tank id="15"/>
			<tank id="11"/>
			<tank id="12"/>
			<tank id="10"/>
			<tank id="21"/>
			<tank id="16"/>
			<tank id="2"/>
			<tank id="4"/>
			<tank id="24"/>
		</neighbours>
	</tank>
	<tank id="27" capa="209">
		<impossiblecargos>
			<cargo id="2"/>
			<cargo id="3"/>
			<cargo id="5"/>
			<cargo id="6"/>
			<cargo id="11"/>
		</impossiblecargos>
		<neighbours>
			<tank id="24"/>
			<tank id="21"/>
			<tank id="25"/>
			<tank id="5"/>
			<tank id="8"/>
			<tank id="15"/>
			<tank id="1"/>
			<tank id="18"/>
			<tank id="33"/>
			<tank id="17"/>
			<tank id="22"/>
			<tank id="19"/>
			<tank id="35"/>
			<tank id="10"/>
			<tank id="13"/>
		</neighbours>
	</tank>
	<tank id="28" capa="309">
		<impossiblecargos>
			<cargo id="4"/>
			<cargo id="7"/>
			<cargo id="10"/>
			<cargo id="11"/>
		</impossiblecargos>
		<neighbours>
			<tank id="22"/>
			<tank id="13"/>
			<tank id="21"/>
			<tank id="9"/>
			<tank id="2"/>
			<tank id="31"/>
			<tank id="35"/>
			<tank id="30"/>
			<tank id="8"/>
			<tank id="33"/>
			<tank id="10"/>
			<tank id="20"/>
			<tank id="16"/>
			<tank id="15"/>
			<tank id="11"/>
		</neighbours>
	</tank>
	<tank id="29" capa="834">
		<impossiblecargos>
			<cargo id="1"/>
			<cargo id="6"/>
			<cargo id="8"/>
			<cargo id="13"/>
			<cargo id="14"/>
		</impossiblecargos>
		<neighbours>
			<tank id="34"/>
			<tank id="31"/>
			<tank id="19"/>
			<tank id="1"/>
			<tank id="25"/>
			<tank id="14"/>
			<tank id="6"/>
			<tank id="11"/>
			<tank id="18"/>
			<tank id="22"/>
			<tank id="9"/>
			<tank id="12"/>
			<tank id="2"/>
			<tank id="21"/>
			<tank id="17"/>
			<tank id="8"/>
			<tank id="5"/>
			<tank id="10"/>
			<tank id="32"/>
		</neighbours>
	</tank>
	<tank id="30" capa="867">
		<impossiblecargos>
			<cargo id="4"/>
			<cargo id="7"/>
			<cargo id="13"/>
			<cargo id="14"/>
		</impossiblecargos>
		<neighbours>
			<tank id="22"/>
			<tank id="34"/>
			<tank id="23"/>
			<tank id="20"/>
			<tank id="31"/>
			<tank id="32"/>
			<tank id="21"/>
			<tank id="8"/>
			<tank id="13"/>
			<tank id="15"/>
			<tank id="28"/>
			<tank id="14"/>
			<tank id="16"/>
			<tank id="6"/>
			<tank id="19"/>
			<tank id="2"/>
		</neighbours>
	</tank>
	<tank id="31" capa="629">
		<impossiblecargos>
			<cargo id="3"/>
			<cargo id="5"/>
			<cargo id="10"/>
			<cargo id="12"/>
			<cargo id="15"/>
		</impossiblecargos>
		<neighbours>
			<tank id="14"/>
			<tank id="1"/>
			<tank id="29"/>
			<tank id="8"/>
			<tank id="7"/>
			<tank id="30"/>
			<tank id="28"/>
			<tank id="24"/>
			<tank id="17"/>
			<tank id="35"/>
			<tank id="6"/>
			<tank id="3"/>
			<tank id="2"/>
			<tank id="32"/>
			<tank id="5"/>
			<tank id="20"/>
		</neighbours>
	</tank>
	<tank id="32" capa="794">
		<impossiblecargos>
			<cargo id="3"/>
			<cargo id="10"/>
			<cargo id="13"/>
		</impossiblecargos>
		<neighbours>
			<tank id="9"/>
			<tank id="20"/>
			<tank id="26"/>
			<tank id="19"/>
			<tank id="30"/>
			<tank id="1"/>
			<tank id="33"/>
			<tank id="35"/>
			<tank id="6"/>
			<tank id="14"/>
			<tank id="8"/>
			<tank id="17"/>
			<tank id="21"/>
			<tank id="13"/>
			<tank id="2"/>
			<tank id="31"/>
			<tank id="29"/>
		</neighbours>
	</tank>
	<tank id="33" capa="378">
		<impossiblecargos>
			<cargo id="4"/>
			<cargo id="5"/>
			<cargo id="7"/>
		</impossiblecargos>
		<neighbours>
			<tank id="4"/>
			<tank id="13"/>
			<tank id="24"/>
			<tank id="10"/>
			<tank id="32"/>
			<tank id="20"/>
			<tank id="26"/>
			<tank id="1"/>
			<tank id="14"/>
			<tank id="8"/>
			<tank id="27"/>
			<tank id="28"/>
			<tank id="17"/>
			<tank id="21"/>
			<tank id="12"/>
			<tank id="22"/>
			<tank id="6"/>
		</neighbours>
	</tank>
	<tank id="34" capa="975">
		<impossiblecargos>
			<cargo id="2"/>
			<cargo id="8"/>
			<cargo id="10"/>
		</impossiblecargos>
		<neighbours>
			<tank id="29"/>
			<tank id="19"/>
			<tank id="30"/>
			<tank id="11"/>
			<tank id="13"/>
			<tank id="18"/>
			<tank id="2"/>
			<tank id="23"/>
			<tank id="6"/>
			<tank id="21"/>
			<tank id="16"/>
			<tank id="20"/>
			<tank id="1"/>
			<tank id="25"/>
		</neighbours>
	</tank>
	<tank id="35" capa="638">
		<impossiblecargos>
			<cargo id="5"/>
			<cargo id="9"/>
		</impossiblecargos>
		<neighbours>
			<tank id="13"/>
			<tank id="14"/>
			<tank id="10"/>
			<tank id="11"/>
			<tank id="26"/>
			<tank id="25"/>
			<tank id="28"/>
			<tank id="32"/>
			<tank id="3"/>
			<tank id="6"/>
			<tank id="31"/>
			<tank id="5"/>
			<tank id="19"/>
			<tank id="24"/>
			<tank id="7"/>
			<tank id="16"/>
			<tank id="27"/>
		</neighbours>
	</tank>
</tanks>
</problem>
