<?xml version="1.0" encoding="UTF-8"?>
<!--
This is a random problem, generated with these parameters:
nCargo = 15
nTanks = 40
nEmptyTanks = 1
tankMinSize = 200
tankMaxSize = 1000
tankFillRatioMin = 0.5
tankFillRatioMax = 1.0
connectivityRatio = 0.75
impossibleCargoRatio = 0.5
notNeighbouringRatio = 0.75
-->
<problem>
<cargos nb="15">
	<cargo id="1" name="c1" volume="775"/>
	<cargo id="2" name="c2" volume="2064"/>
	<cargo id="3" name="c3" volume="1476"/>
	<cargo id="4" name="c4" volume="1358"/>
	<cargo id="5" name="c5" volume="1710"/>
	<cargo id="6" name="c6" volume="1585"/>
	<cargo id="7" name="c7" volume="570"/>
	<cargo id="8" name="c8" volume="928"/>
	<cargo id="9" name="c9" volume="1505"/>
	<cargo id="10" name="c10" volume="1962"/>
	<cargo id="11" name="c11" volume="1104"/>
	<cargo id="12" name="c12" volume="452"/>
	<cargo id="13" name="c13" volume="961"/>
	<cargo id="14" name="c14" volume="156"/>
	<cargo id="15" name="c15" volume="1193"/>
</cargos>
<incompatibles>
</incompatibles>
<tanks nb="40">
	<tank id="1" capa="367">
		<impossiblecargos>
			<cargo id="3"/>
			<cargo id="4"/>
			<cargo id="11"/>
			<cargo id="14"/>
			<cargo id="15"/>
		</impossiblecargos>
		<neighbours>
			<tank id="40"/>
			<tank id="35"/>
			<tank id="18"/>
			<tank id="5"/>
			<tank id="26"/>
			<tank id="3"/>
			<tank id="27"/>
			<tank id="37"/>
			<tank id="36"/>
			<tank id="30"/>
			<tank id="13"/>
			<tank id="22"/>
			<tank id="20"/>
			<tank id="6"/>
			<tank id="34"/>
			<tank id="28"/>
			<tank id="38"/>
			<tank id="9"/>
			<tank id="8"/>
			<tank id="25"/>
			<tank id="31"/>
			<tank id="32"/>
			<tank id="33"/>
			<tank id="29"/>
			<tank id="17"/>
			<tank id="21"/>
			<tank id="15"/>
			<tank id="23"/>
		</neighbours>
	</tank>
	<tank id="2" capa="585">
		<impossiblecargos>
			<cargo id="1"/>
			<cargo id="6"/>
			<cargo id="7"/>
			<cargo id="8"/>
			<cargo id="11"/>
			<cargo id="13"/>
			<cargo id="14"/>
		</impossiblecargos>
		<neighbours>
			<tank id="15"/>
			<tank id="36"/>
			<tank id="34"/>
			<tank id="23"/>
			<tank id="19"/>
			<tank id="3"/>
			<tank id="17"/>
			<tank id="24"/>
			<tank id="8"/>
			<tank id="30"/>
			<tank id="29"/>
			<tank id="4"/>
			<tank id="13"/>
			<tank id="27"/>
			<tank id="31"/>
			<tank id="21"/>
			<tank id="22"/>
			<tank id="37"/>
			<tank id="20"/>
			<tank id="40"/>
			<tank id="12"/>
			<tank id="16"/>
			<tank id="18"/>
			<tank id="35"/>
			<tank id="39"/>
			<tank id="11"/>
			<tank id="38"/>
			<tank id="9"/>
		</neighbours>
	</tank>
	<tank id="3" capa="872">
		<impossiblecargos>
			<cargo id="2"/>
			<cargo id="3"/>
			<cargo id="4"/>
			<cargo id="7"/>
			<cargo id="10"/>
			<cargo id="13"/>
			<cargo id="14"/>
		</impossiblecargos>
		<neighbours>
			<tank id="13"/>
			<tank id="14"/>
			<tank id="23"/>
			<tank id="28"/>
			<tank id="27"/>
			<tank id="35"/>
			<tank id="21"/>
			<tank id="34"/>
			<tank id="2"/>
			<tank id="16"/>
			<tank id="38"/>
			<tank id="15"/>
			<tank id="1"/>
			<tank id="18"/>
			<tank id="6"/>
			<tank id="40"/>
			<tank id="37"/>
			<tank id="36"/>
			<tank id="26"/>
			<tank id="30"/>
			<tank id="32"/>
			<tank id="9"/>
			<tank id="29"/>
			<tank id="12"/>
			<tank id="5"/>
			<tank id="31"/>
			<tank id="25"/>
			<tank id="10"/>
			<tank id="33"/>
			<tank id="24"/>
			<tank id="20"/>
			<tank id="8"/>
		</neighbours>
	</tank>
	<tank id="4" capa="999">
		<impossiblecargos>
			<cargo id="1"/>
			<cargo id="3"/>
			<cargo id="4"/>
			<cargo id="6"/>
			<cargo id="8"/>
			<cargo id="10"/>
			<cargo id="11"/>
			<cargo id="14"/>
			<cargo id="15"/>
		</impossiblecargos>
		<neighbours>
			<tank id="19"/>
			<tank id="23"/>
			<tank id="26"/>
			<tank id="38"/>
			<tank id="33"/>
			<tank id="35"/>
			<tank id="9"/>
			<tank id="11"/>
			<tank id="13"/>
			<tank id="2"/>
			<tank id="8"/>
			<tank id="12"/>
			<tank id="36"/>
			<tank id="17"/>
			<tank id="27"/>
			<tank id="7"/>
			<tank id="25"/>
			<tank id="34"/>
			<tank id="32"/>
			<tank id="10"/>
			<tank id="40"/>
			<tank id="22"/>
			<tank id="30"/>
			<tank id="6"/>
			<tank id="21"/>
			<tank id="16"/>
			<tank id="18"/>
			<tank id="14"/>
			<tank id="28"/>
		</neighbours>
	</tank>
	<tank id="5" capa="267">
		<impossiblecargos>
			<cargo id="1"/>
			<cargo id="2"/>
			<cargo id="5"/>
			<cargo id="7"/>
			<cargo id="10"/>
			<cargo id="11"/>
		</impossiblecargos>
		<neighbours>
			<tank id="25"/>
			<tank id="39"/>
			<tank id="34"/>
			<tank id="18"/>
			<tank id="29"/>
			<tank id="11"/>
			<tank id="1"/>
			<tank id="36"/>
			<tank id="12"/>
			<tank id="28"/>
			<tank id="32"/>
			<tank id="8"/>
			<tank id="26"/>
			<tank id="22"/>
			<tank id="13"/>
			<tank id="14"/>
			<tank id="24"/>
			<tank id="3"/>
			<tank id="17"/>
			<tank id="35"/>
			<tank id="30"/>
			<tank id="7"/>
			<tank id="23"/>
			<tank id="33"/>
			<tank id="19"/>
			<tank id="15"/>
			<tank id="31"/>
			<tank id="10"/>
		</neighbours>
	</tank>
	<tank id="6" capa="770">
		<impossiblecargos>
			<cargo id="4"/>
			<cargo id="5"/>
			<cargo id="13"/>
			<cargo id="14"/>
		</impossiblecargos>
		<neighbours>
			<tank id="40"/>
			<tank id="37"/>
			<tank id="32"/>
			<tank id="17"/>
			<tank id="21"/>
			<tank id="35"/>
			<tank id="20"/>
			<tank id="27"/>
			<tank id="3"/>
			<tank id="19"/>
			<tank id="8"/>
			<tank id="22"/>
			<tank id="15"/>
			<tank id="1"/>
			<tank id="38"/>
			<tank id="25"/>
			<tank id="14"/>
			<tank id="36"/>
			<tank id="4"/>
			<tank id="18"/>
			<tank id="28"/>
			<tank id="31"/>
			<tank id="24"/>
			<tank id="26"/>
			<tank id="39"/>
			<tank id="12"/>
		</neighbours>
	</tank>
	<tank id="7" capa="600">
		<impossiblecargos>
			<cargo id="1"/>
			<cargo id="2"/>
			<cargo id="6"/>
			<cargo id="7"/>
			<cargo id="9"/>
			<cargo id="12"/>
			<cargo id="13"/>
		</impossiblecargos>
		<neighbours>
			<tank id="24"/>
			<tank id="36"/>
			<tank id="38"/>
			<tank id="11"/>
			<tank id="31"/>
			<tank id="12"/>
			<tank id="25"/>
			<tank id="34"/>
			<tank id="9"/>
			<tank id="37"/>
			<tank id="27"/>
			<tank id="8"/>
			<tank id="40"/>
			<tank id="30"/>
			<tank id="4"/>
			<tank id="14"/>
			<tank id="23"/>
			<tank id="17"/>
			<tank id="26"/>
			<tank id="5"/>
			<tank id="39"/>
			<tank id="16"/>
			<tank id="19"/>
			<tank id="10"/>
			<tank id="29"/>
			<tank id="33"/>
		</neighbours>
	</tank>
	<tank id="8" capa="397">
		<impossiblecargos>
			<cargo id="1"/>
			<cargo id="3"/>
			<cargo id="4"/>
			<cargo id="5"/>
			<cargo id="6"/>
			<cargo id="8"/>
			<cargo id="11"/>
			<cargo id="12"/>
			<cargo id="14"/>
			<cargo id="15"/>
		</impossiblecargos>
		<neighbours>
			<tank id="31"/>
			<tank id="24"/>
			<tank id="26"/>
			<tank id="25"/>
			<tank id="38"/>
			<tank id="35"/>
			<tank id="36"/>
			<tank id="39"/>
			<tank id="33"/>
			<tank id="2"/>
			<tank id="12"/>
			<tank id="7"/>
			<tank id="32"/>
			<tank id="5"/>
			<tank id="6"/>
			<tank id="4"/>
			<tank id="11"/>
			<tank id="15"/>
			<tank id="34"/>
			<tank id="9"/>
			<tank id="13"/>
			<tank id="30"/>
			<tank id="1"/>
			<tank id="18"/>
			<tank id="17"/>
			<tank id="29"/>
			<tank id="27"/>
			<tank id="16"/>
			<tank id="28"/>
			<tank id="40"/>
			<tank id="3"/>
		</neighbours>
	</tank>
	<tank id="9" capa="779">
		<impossiblecargos>
			<cargo id="1"/>
			<cargo id="2"/>
			<cargo id="4"/>
			<cargo id="5"/>
			<cargo id="7"/>
			<cargo id="8"/>
			<cargo id="9"/>
			<cargo id="12"/>
			<cargo id="14"/>
		</impossiblecargos>
		<neighbours>
			<tank id="34"/>
			<tank id="33"/>
			<tank id="32"/>
			<tank id="35"/>
			<tank id="10"/>
			<tank id="20"/>
			<tank id="40"/>
			<tank id="27"/>
			<tank id="7"/>
			<tank id="4"/>
			<tank id="37"/>
			<tank id="29"/>
			<tank id="38"/>
			<tank id="26"/>
			<tank id="18"/>
			<tank id="17"/>
			<tank id="28"/>
			<tank id="22"/>
			<tank id="23"/>
			<tank id="8"/>
			<tank id="30"/>
			<tank id="16"/>
			<tank id="3"/>
			<tank id="12"/>
			<tank id="1"/>
			<tank id="19"/>
			<tank id="24"/>
			<tank id="25"/>
			<tank id="36"/>
			<tank id="2"/>
		</neighbours>
	</tank>
	<tank id="10" capa="867">
		<impossiblecargos>
			<cargo id="1"/>
			<cargo id="2"/>
			<cargo id="5"/>
			<cargo id="6"/>
			<cargo id="8"/>
			<cargo id="9"/>
			<cargo id="10"/>
			<cargo id="11"/>
			<cargo id="12"/>
			<cargo id="13"/>
			<cargo id="15"/>
		</impossiblecargos>
		<neighbours>
			<tank id="17"/>
			<tank id="14"/>
			<tank id="9"/>
			<tank id="16"/>
			<tank id="32"/>
			<tank id="36"/>
			<tank id="29"/>
			<tank id="37"/>
			<tank id="19"/>
			<tank id="26"/>
			<tank id="23"/>
			<tank id="28"/>
			<tank id="39"/>
			<tank id="4"/>
			<tank id="33"/>
			<tank id="18"/>
			<tank id="3"/>
			<tank id="30"/>
			<tank id="40"/>
			<tank id="24"/>
			<tank id="25"/>
			<tank id="7"/>
			<tank id="31"/>
			<tank id="12"/>
			<tank id="11"/>
			<tank id="5"/>
			<tank id="38"/>
		</neighbours>
	</tank>
	<tank id="11" capa="627">
		<impossiblecargos>
			<cargo id="2"/>
			<cargo id="3"/>
			<cargo id="5"/>
			<cargo id="7"/>
			<cargo id="8"/>
			<cargo id="11"/>
			<cargo id="14"/>
			<cargo id="15"/>
		</impossiblecargos>
		<neighbours>
			<tank id="33"/>
			<tank id="13"/>
			<tank id="23"/>
			<tank id="20"/>
			<tank id="31"/>
			<tank id="21"/>
			<tank id="29"/>
			<tank id="7"/>
			<tank id="25"/>
			<tank id="5"/>
			<tank id="4"/>
			<tank id="16"/>
			<tank id="27"/>
			<tank id="8"/>
			<tank id="39"/>
			<tank id="19"/>
			<tank id="36"/>
			<tank id="40"/>
			<tank id="38"/>
			<tank id="24"/>
			<tank id="10"/>
			<tank id="35"/>
			<tank id="30"/>
			<tank id="14"/>
			<tank id="12"/>
			<tank id="18"/>
			<tank id="2"/>
			<tank id="15"/>
		</neighbours>
	</tank>
	<tank id="12" capa="889">
		<impossiblecargos>
			<cargo id="1"/>
			<cargo id="2"/>
			<cargo id="5"/>
			<cargo id="7"/>
			<cargo id="10"/>
			<cargo id="11"/>
			<cargo id="12"/>
			<cargo id="13"/>
		</impossiblecargos>
		<neighbours>
			<tank id="24"/>
			<tank id="13"/>
			<tank id="27"/>
			<tank id="7"/>
			<tank id="23"/>
			<tank id="25"/>
			<tank id="5"/>
			<tank id="17"/>
			<tank id="8"/>
			<tank id="21"/>
			<tank id="15"/>
			<tank id="29"/>
			<tank id="4"/>
			<tank id="35"/>
			<tank id="22"/>
			<tank id="3"/>
			<tank id="9"/>
			<tank id="14"/>
			<tank id="34"/>
			<tank id="33"/>
			<tank id="16"/>
			<tank id="28"/>
			<tank id="26"/>
			<tank id="2"/>
			<tank id="10"/>
			<tank id="19"/>
			<tank id="18"/>
			<tank id="39"/>
			<tank id="11"/>
			<tank id="6"/>
			<tank id="38"/>
		</neighbours>
	</tank>
	<tank id="13" capa="462">
		<impossiblecargos>
			<cargo id="1"/>
			<cargo id="4"/>
			<cargo id="6"/>
			<cargo id="13"/>
			<cargo id="14"/>
			<cargo id="15"/>
		</impossiblecargos>
		<neighbours>
			<tank id="11"/>
			<tank id="37"/>
			<tank id="3"/>
			<tank id="12"/>
			<tank id="15"/>
			<tank id="25"/>
			<tank id="24"/>
			<tank id="30"/>
			<tank id="23"/>
			<tank id="19"/>
			<tank id="18"/>
			<tank id="16"/>
			<tank id="29"/>
			<tank id="1"/>
			<tank id="4"/>
			<tank id="14"/>
			<tank id="28"/>
			<tank id="5"/>
			<tank id="2"/>
			<tank id="26"/>
			<tank id="36"/>
			<tank id="38"/>
			<tank id="8"/>
			<tank id="34"/>
			<tank id="40"/>
			<tank id="35"/>
			<tank id="17"/>
			<tank id="31"/>
			<tank id="39"/>
			<tank id="33"/>
		</neighbours>
	</tank>
	<tank id="14" capa="672">
		<impossiblecargos>
			<cargo id="3"/>
			<cargo id="4"/>
			<cargo id="5"/>
			<cargo id="12"/>
			<cargo id="13"/>
			<cargo id="14"/>
		</impossiblecargos>
		<neighbours>
			<tank id="3"/>
			<tank id="37"/>
			<tank id="10"/>
			<tank id="27"/>
			<tank id="19"/>
			<tank id="21"/>
			<tank id="38"/>
			<tank id="23"/>
			<tank id="13"/>
			<tank id="16"/>
			<tank id="28"/>
			<tank id="22"/>
			<tank id="6"/>
			<tank id="39"/>
			<tank id="5"/>
			<tank id="36"/>
			<tank id="7"/>
			<tank id="17"/>
			<tank id="12"/>
			<tank id="30"/>
			<tank id="20"/>
			<tank id="25"/>
			<tank id="18"/>
			<tank id="4"/>
			<tank id="33"/>
			<tank id="40"/>
			<tank id="29"/>
			<tank id="35"/>
			<tank id="11"/>
			<tank id="26"/>
		</neighbours>
	</tank>
	<tank id="15" capa="830">
		<impossiblecargos>
			<cargo id="7"/>
			<cargo id="8"/>
			<cargo id="9"/>
			<cargo id="14"/>
			<cargo id="15"/>
		</impossiblecargos>
		<neighbours>
			<tank id="2"/>
			<tank id="18"/>
			<tank id="23"/>
			<tank id="13"/>
			<tank id="20"/>
			<tank id="34"/>
			<tank id="35"/>
			<tank id="19"/>
			<tank id="3"/>
			<tank id="12"/>
			<tank id="38"/>
			<tank id="24"/>
			<tank id="8"/>
			<tank id="6"/>
			<tank id="26"/>
			<tank id="31"/>
			<tank id="36"/>
			<tank id="5"/>
			<tank id="11"/>
			<tank id="1"/>
			<tank id="40"/>
			<tank id="21"/>
		</neighbours>
	</tank>
	<tank id="16" capa="229">
		<impossiblecargos>
			<cargo id="2"/>
			<cargo id="3"/>
			<cargo id="4"/>
			<cargo id="8"/>
			<cargo id="9"/>
			<cargo id="10"/>
			<cargo id="14"/>
			<cargo id="15"/>
		</impossiblecargos>
		<neighbours>
			<tank id="26"/>
			<tank id="36"/>
			<tank id="35"/>
			<tank id="10"/>
			<tank id="3"/>
			<tank id="17"/>
			<tank id="39"/>
			<tank id="13"/>
			<tank id="27"/>
			<tank id="22"/>
			<tank id="11"/>
			<tank id="19"/>
			<tank id="14"/>
			<tank id="32"/>
			<tank id="23"/>
			<tank id="25"/>
			<tank id="9"/>
			<tank id="31"/>
			<tank id="12"/>
			<tank id="7"/>
			<tank id="24"/>
			<tank id="4"/>
			<tank id="29"/>
			<tank id="33"/>
			<tank id="8"/>
			<tank id="2"/>
			<tank id="28"/>
			<tank id="37"/>
			<tank id="18"/>
			<tank id="38"/>
		</neighbours>
	</tank>
	<tank id="17" capa="845">
		<impossiblecargos>
			<cargo id="2"/>
			<cargo id="3"/>
			<cargo id="6"/>
			<cargo id="7"/>
			<cargo id="8"/>
			<cargo id="11"/>
			<cargo id="12"/>
			<cargo id="13"/>
		</impossiblecargos>
		<neighbours>
			<tank id="10"/>
			<tank id="22"/>
			<tank id="24"/>
			<tank id="30"/>
			<tank id="6"/>
			<tank id="2"/>
			<tank id="16"/>
			<tank id="26"/>
			<tank id="32"/>
			<tank id="12"/>
			<tank id="9"/>
			<tank id="31"/>
			<tank id="4"/>
			<tank id="27"/>
			<tank id="14"/>
			<tank id="7"/>
			<tank id="19"/>
			<tank id="33"/>
			<tank id="21"/>
			<tank id="5"/>
			<tank id="36"/>
			<tank id="38"/>
			<tank id="13"/>
			<tank id="37"/>
			<tank id="28"/>
			<tank id="40"/>
			<tank id="18"/>
			<tank id="8"/>
			<tank id="25"/>
			<tank id="1"/>
			<tank id="34"/>
		</neighbours>
	</tank>
	<tank id="18" capa="651">
		<impossiblecargos>
			<cargo id="5"/>
			<cargo id="7"/>
			<cargo id="8"/>
			<cargo id="11"/>
			<cargo id="14"/>
			<cargo id="15"/>
		</impossiblecargos>
		<neighbours>
			<tank id="30"/>
			<tank id="24"/>
			<tank id="15"/>
			<tank id="5"/>
			<tank id="1"/>
			<tank id="37"/>
			<tank id="39"/>
			<tank id="13"/>
			<tank id="3"/>
			<tank id="33"/>
			<tank id="9"/>
			<tank id="25"/>
			<tank id="40"/>
			<tank id="34"/>
			<tank id="31"/>
			<tank id="38"/>
			<tank id="10"/>
			<tank id="14"/>
			<tank id="26"/>
			<tank id="28"/>
			<tank id="6"/>
			<tank id="17"/>
			<tank id="8"/>
			<tank id="4"/>
			<tank id="2"/>
			<tank id="12"/>
			<tank id="19"/>
			<tank id="22"/>
			<tank id="11"/>
			<tank id="16"/>
		</neighbours>
	</tank>
	<tank id="19" capa="924">
		<impossiblecargos>
			<cargo id="2"/>
			<cargo id="3"/>
			<cargo id="7"/>
			<cargo id="8"/>
			<cargo id="9"/>
			<cargo id="11"/>
			<cargo id="12"/>
			<cargo id="15"/>
		</impossiblecargos>
		<neighbours>
			<tank id="4"/>
			<tank id="21"/>
			<tank id="32"/>
			<tank id="2"/>
			<tank id="30"/>
			<tank id="34"/>
			<tank id="14"/>
			<tank id="25"/>
			<tank id="15"/>
			<tank id="13"/>
			<tank id="10"/>
			<tank id="33"/>
			<tank id="37"/>
			<tank id="27"/>
			<tank id="6"/>
			<tank id="16"/>
			<tank id="20"/>
			<tank id="22"/>
			<tank id="40"/>
			<tank id="24"/>
			<tank id="17"/>
			<tank id="11"/>
			<tank id="7"/>
			<tank id="9"/>
			<tank id="12"/>
			<tank id="18"/>
			<tank id="26"/>
			<tank id="5"/>
		</neighbours>
	</tank>
	<tank id="20" capa="863">
		<impossiblecargos>
			<cargo id="4"/>
			<cargo id="7"/>
			<cargo id="8"/>
			<cargo id="9"/>
			<cargo id="11"/>
			<cargo id="13"/>
		</impossiblecargos>
		<neighbours>
			<tank id="39"/>
			<tank id="23"/>
			<tank id="11"/>
			<tank id="9"/>
			<tank id="15"/>
			<tank id="6"/>
			<tank id="27"/>
			<tank id="1"/>
			<tank id="19"/>
			<tank id="26"/>
			<tank id="29"/>
			<tank id="21"/>
			<tank id="40"/>
			<tank id="35"/>
			<tank id="14"/>
			<tank id="2"/>
			<tank id="33"/>
			<tank id="28"/>
			<tank id="32"/>
			<tank id="24"/>
			<tank id="36"/>
			<tank id="3"/>
			<tank id="38"/>
		</neighbours>
	</tank>
	<tank id="21" capa="775">
		<impossiblecargos>
			<cargo id="1"/>
			<cargo id="2"/>
			<cargo id="3"/>
			<cargo id="4"/>
			<cargo id="5"/>
			<cargo id="9"/>
			<cargo id="11"/>
		</impossiblecargos>
		<neighbours>
			<tank id="19"/>
			<tank id="37"/>
			<tank id="38"/>
			<tank id="39"/>
			<tank id="11"/>
			<tank id="3"/>
			<tank id="14"/>
			<tank id="34"/>
			<tank id="6"/>
			<tank id="32"/>
			<tank id="28"/>
			<tank id="12"/>
			<tank id="26"/>
			<tank id="2"/>
			<tank id="25"/>
			<tank id="33"/>
			<tank id="20"/>
			<tank id="17"/>
			<tank id="30"/>
			<tank id="24"/>
			<tank id="4"/>
			<tank id="27"/>
			<tank id="31"/>
			<tank id="22"/>
			<tank id="36"/>
			<tank id="1"/>
			<tank id="23"/>
			<tank id="15"/>
		</neighbours>
	</tank>
	<tank id="22" capa="335">
		<impossiblecargos>
			<cargo id="5"/>
			<cargo id="7"/>
			<cargo id="11"/>
			<cargo id="13"/>
			<cargo id="14"/>
		</impossiblecargos>
		<neighbours>
			<tank id="17"/>
			<tank id="32"/>
			<tank id="23"/>
			<tank id="35"/>
			<tank id="24"/>
			<tank id="31"/>
			<tank id="1"/>
			<tank id="6"/>
			<tank id="40"/>
			<tank id="9"/>
			<tank id="16"/>
			<tank id="30"/>
			<tank id="14"/>
			<tank id="5"/>
			<tank id="12"/>
			<tank id="19"/>
			<tank id="33"/>
			<tank id="2"/>
			<tank id="4"/>
			<tank id="39"/>
			<tank id="34"/>
			<tank id="21"/>
			<tank id="36"/>
			<tank id="38"/>
			<tank id="29"/>
			<tank id="28"/>
			<tank id="27"/>
			<tank id="18"/>
			<tank id="26"/>
		</neighbours>
	</tank>
	<tank id="23" capa="302">
		<impossiblecargos>
			<cargo id="2"/>
			<cargo id="3"/>
			<cargo id="5"/>
			<cargo id="8"/>
			<cargo id="11"/>
			<cargo id="12"/>
			<cargo id="13"/>
			<cargo id="14"/>
		</impossiblecargos>
		<neighbours>
			<tank id="20"/>
			<tank id="2"/>
			<tank id="3"/>
			<tank id="11"/>
			<tank id="4"/>
			<tank id="15"/>
			<tank id="29"/>
			<tank id="12"/>
			<tank id="22"/>
			<tank id="38"/>
			<tank id="13"/>
			<tank id="25"/>
			<tank id="26"/>
			<tank id="14"/>
			<tank id="10"/>
			<tank id="27"/>
			<tank id="9"/>
			<tank id="31"/>
			<tank id="16"/>
			<tank id="30"/>
			<tank id="7"/>
			<tank id="40"/>
			<tank id="34"/>
			<tank id="5"/>
			<tank id="35"/>
			<tank id="36"/>
			<tank id="24"/>
			<tank id="39"/>
			<tank id="33"/>
			<tank id="21"/>
			<tank id="1"/>
		</neighbours>
	</tank>
	<tank id="24" capa="670">
		<impossiblecargos>
			<cargo id="3"/>
			<cargo id="5"/>
			<cargo id="6"/>
			<cargo id="11"/>
			<cargo id="12"/>
			<cargo id="13"/>
			<cargo id="15"/>
		</impossiblecargos>
		<neighbours>
			<tank id="18"/>
			<tank id="8"/>
			<tank id="12"/>
			<tank id="17"/>
			<tank id="7"/>
			<tank id="25"/>
			<tank id="37"/>
			<tank id="40"/>
			<tank id="29"/>
			<tank id="34"/>
			<tank id="2"/>
			<tank id="13"/>
			<tank id="33"/>
			<tank id="22"/>
			<tank id="31"/>
			<tank id="15"/>
			<tank id="19"/>
			<tank id="36"/>
			<tank id="32"/>
			<tank id="5"/>
			<tank id="28"/>
			<tank id="39"/>
			<tank id="27"/>
			<tank id="21"/>
			<tank id="11"/>
			<tank id="30"/>
			<tank id="10"/>
			<tank id="16"/>
			<tank id="26"/>
			<tank id="23"/>
			<tank id="6"/>
			<tank id="9"/>
			<tank id="20"/>
			<tank id="3"/>
			<tank id="35"/>
		</neighbours>
	</tank>
	<tank id="25" capa="278">
		<impossiblecargos>
			<cargo id="1"/>
			<cargo id="2"/>
			<cargo id="3"/>
			<cargo id="4"/>
			<cargo id="5"/>
			<cargo id="7"/>
			<cargo id="8"/>
			<cargo id="11"/>
			<cargo id="13"/>
		</impossiblecargos>
		<neighbours>
			<tank id="32"/>
			<tank id="5"/>
			<tank id="34"/>
			<tank id="8"/>
			<tank id="24"/>
			<tank id="40"/>
			<tank id="13"/>
			<tank id="29"/>
			<tank id="19"/>
			<tank id="31"/>
			<tank id="7"/>
			<tank id="12"/>
			<tank id="33"/>
			<tank id="11"/>
			<tank id="36"/>
			<tank id="23"/>
			<tank id="18"/>
			<tank id="28"/>
			<tank id="6"/>
			<tank id="38"/>
			<tank id="16"/>
			<tank id="4"/>
			<tank id="21"/>
			<tank id="3"/>
			<tank id="35"/>
			<tank id="14"/>
			<tank id="27"/>
			<tank id="39"/>
			<tank id="1"/>
			<tank id="10"/>
			<tank id="17"/>
			<tank id="30"/>
			<tank id="9"/>
		</neighbours>
	</tank>
	<tank id="26" capa="962">
		<impossiblecargos>
			<cargo id="1"/>
			<cargo id="4"/>
			<cargo id="8"/>
			<cargo id="9"/>
			<cargo id="12"/>
			<cargo id="14"/>
			<cargo id="15"/>
		</impossiblecargos>
		<neighbours>
			<tank id="16"/>
			<tank id="39"/>
			<tank id="8"/>
			<tank id="4"/>
			<tank id="17"/>
			<tank id="36"/>
			<tank id="1"/>
			<tank id="23"/>
			<tank id="10"/>
			<tank id="31"/>
			<tank id="9"/>
			<tank id="30"/>
			<tank id="21"/>
			<tank id="34"/>
			<tank id="5"/>
			<tank id="3"/>
			<tank id="13"/>
			<tank id="37"/>
			<tank id="32"/>
			<tank id="20"/>
			<tank id="7"/>
			<tank id="15"/>
			<tank id="18"/>
			<tank id="27"/>
			<tank id="12"/>
			<tank id="24"/>
			<tank id="28"/>
			<tank id="19"/>
			<tank id="6"/>
			<tank id="35"/>
			<tank id="14"/>
			<tank id="22"/>
		</neighbours>
	</tank>
	<tank id="27" capa="432">
		<impossiblecargos>
			<cargo id="1"/>
			<cargo id="3"/>
			<cargo id="4"/>
			<cargo id="6"/>
			<cargo id="7"/>
			<cargo id="9"/>
			<cargo id="10"/>
			<cargo id="12"/>
			<cargo id="13"/>
		</impossiblecargos>
		<neighbours>
			<tank id="32"/>
			<tank id="3"/>
			<tank id="14"/>
			<tank id="12"/>
			<tank id="9"/>
			<tank id="36"/>
			<tank id="6"/>
			<tank id="1"/>
			<tank id="39"/>
			<tank id="7"/>
			<tank id="20"/>
			<tank id="31"/>
			<tank id="19"/>
			<tank id="16"/>
			<tank id="23"/>
			<tank id="38"/>
			<tank id="11"/>
			<tank id="2"/>
			<tank id="4"/>
			<tank id="17"/>
			<tank id="35"/>
			<tank id="24"/>
			<tank id="29"/>
			<tank id="25"/>
			<tank id="26"/>
			<tank id="21"/>
			<tank id="8"/>
			<tank id="22"/>
		</neighbours>
	</tank>
	<tank id="28" capa="791">
		<impossiblecargos>
			<cargo id="1"/>
			<cargo id="10"/>
			<cargo id="11"/>
			<cargo id="12"/>
			<cargo id="13"/>
			<cargo id="15"/>
		</impossiblecargos>
		<neighbours>
			<tank id="38"/>
			<tank id="3"/>
			<tank id="34"/>
			<tank id="32"/>
			<tank id="31"/>
			<tank id="30"/>
			<tank id="21"/>
			<tank id="5"/>
			<tank id="39"/>
			<tank id="9"/>
			<tank id="10"/>
			<tank id="25"/>
			<tank id="14"/>
			<tank id="13"/>
			<tank id="1"/>
			<tank id="37"/>
			<tank id="24"/>
			<tank id="40"/>
			<tank id="18"/>
			<tank id="12"/>
			<tank id="17"/>
			<tank id="6"/>
			<tank id="33"/>
			<tank id="4"/>
			<tank id="16"/>
			<tank id="26"/>
			<tank id="22"/>
			<tank id="20"/>
			<tank id="8"/>
			<tank id="29"/>
		</neighbours>
	</tank>
	<tank id="29" capa="577">
		<impossiblecargos>
			<cargo id="2"/>
			<cargo id="5"/>
			<cargo id="9"/>
			<cargo id="10"/>
		</impossiblecargos>
		<neighbours>
			<tank id="36"/>
			<tank id="23"/>
			<tank id="11"/>
			<tank id="24"/>
			<tank id="25"/>
			<tank id="32"/>
			<tank id="10"/>
			<tank id="5"/>
			<tank id="9"/>
			<tank id="34"/>
			<tank id="13"/>
			<tank id="2"/>
			<tank id="12"/>
			<tank id="38"/>
			<tank id="35"/>
			<tank id="3"/>
			<tank id="39"/>
			<tank id="20"/>
			<tank id="30"/>
			<tank id="27"/>
			<tank id="8"/>
			<tank id="7"/>
			<tank id="16"/>
			<tank id="22"/>
			<tank id="37"/>
			<tank id="1"/>
			<tank id="14"/>
			<tank id="28"/>
		</neighbours>
	</tank>
	<tank id="30" capa="642">
		<impossiblecargos>
			<cargo id="2"/>
			<cargo id="6"/>
			<cargo id="7"/>
			<cargo id="9"/>
			<cargo id="14"/>
			<cargo id="15"/>
		</impossiblecargos>
		<neighbours>
			<tank id="18"/>
			<tank id="19"/>
			<tank id="37"/>
			<tank id="17"/>
			<tank id="34"/>
			<tank id="28"/>
			<tank id="13"/>
			<tank id="2"/>
			<tank id="33"/>
			<tank id="1"/>
			<tank id="26"/>
			<tank id="39"/>
			<tank id="22"/>
			<tank id="31"/>
			<tank id="38"/>
			<tank id="7"/>
			<tank id="23"/>
			<tank id="9"/>
			<tank id="3"/>
			<tank id="29"/>
			<tank id="36"/>
			<tank id="35"/>
			<tank id="14"/>
			<tank id="5"/>
			<tank id="21"/>
			<tank id="8"/>
			<tank id="4"/>
			<tank id="10"/>
			<tank id="24"/>
			<tank id="11"/>
			<tank id="25"/>
		</neighbours>
	</tank>
	<tank id="31" capa="360">
		<impossiblecargos>
			<cargo id="2"/>
			<cargo id="4"/>
			<cargo id="9"/>
			<cargo id="11"/>
			<cargo id="13"/>
			<cargo id="14"/>
		</impossiblecargos>
		<neighbours>
			<tank id="8"/>
			<tank id="11"/>
			<tank id="28"/>
			<tank id="39"/>
			<tank id="34"/>
			<tank id="7"/>
			<tank id="25"/>
			<tank id="37"/>
			<tank id="22"/>
			<tank id="24"/>
			<tank id="26"/>
			<tank id="38"/>
			<tank id="27"/>
			<tank id="30"/>
			<tank id="17"/>
			<tank id="23"/>
			<tank id="18"/>
			<tank id="32"/>
			<tank id="2"/>
			<tank id="3"/>
			<tank id="40"/>
			<tank id="35"/>
			<tank id="16"/>
			<tank id="15"/>
			<tank id="6"/>
			<tank id="21"/>
			<tank id="10"/>
			<tank id="13"/>
			<tank id="1"/>
			<tank id="5"/>
			<tank id="36"/>
		</neighbours>
	</tank>
	<tank id="32" capa="409">
		<impossiblecargos>
			<cargo id="3"/>
			<cargo id="4"/>
			<cargo id="7"/>
			<cargo id="11"/>
			<cargo id="13"/>
			<cargo id="14"/>
		</impossiblecargos>
		<neighbours>
			<tank id="25"/>
			<tank id="19"/>
			<tank id="34"/>
			<tank id="9"/>
			<tank id="27"/>
			<tank id="22"/>
			<tank id="6"/>
			<tank id="28"/>
			<tank id="33"/>
			<tank id="10"/>
			<tank id="35"/>
			<tank id="38"/>
			<tank id="29"/>
			<tank id="21"/>
			<tank id="17"/>
			<tank id="5"/>
			<tank id="8"/>
			<tank id="39"/>
			<tank id="16"/>
			<tank id="31"/>
			<tank id="26"/>
			<tank id="4"/>
			<tank id="3"/>
			<tank id="24"/>
			<tank id="36"/>
			<tank id="1"/>
			<tank id="20"/>
		</neighbours>
	</tank>
	<tank id="33" capa="288">
		<impossiblecargos>
			<cargo id="2"/>
			<cargo id="3"/>
			<cargo id="4"/>
			<cargo id="6"/>
			<cargo id="8"/>
			<cargo id="9"/>
			<cargo id="11"/>
			<cargo id="12"/>
			<cargo id="14"/>
			<cargo id="15"/>
		</impossiblecargos>
		<neighbours>
			<tank id="11"/>
			<tank id="9"/>
			<tank id="37"/>
			<tank id="32"/>
			<tank id="4"/>
			<tank id="24"/>
			<tank id="25"/>
			<tank id="8"/>
			<tank id="18"/>
			<tank id="19"/>
			<tank id="30"/>
			<tank id="22"/>
			<tank id="21"/>
			<tank id="17"/>
			<tank id="12"/>
			<tank id="10"/>
			<tank id="3"/>
			<tank id="28"/>
			<tank id="20"/>
			<tank id="5"/>
			<tank id="16"/>
			<tank id="14"/>
			<tank id="7"/>
			<tank id="1"/>
			<tank id="13"/>
			<tank id="23"/>
		</neighbours>
	</tank>
	<tank id="34" capa="725">
		<impossiblecargos>
			<cargo id="1"/>
			<cargo id="2"/>
			<cargo id="3"/>
			<cargo id="4"/>
			<cargo id="6"/>
			<cargo id="7"/>
			<cargo id="9"/>
			<cargo id="12"/>
			<cargo id="14"/>
			<cargo id="15"/>
		</impossiblecargos>
		<neighbours>
			<tank id="2"/>
			<tank id="9"/>
			<tank id="5"/>
			<tank id="25"/>
			<tank id="32"/>
			<tank id="28"/>
			<tank id="30"/>
			<tank id="19"/>
			<tank id="40"/>
			<tank id="3"/>
			<tank id="31"/>
			<tank id="24"/>
			<tank id="15"/>
			<tank id="21"/>
			<tank id="7"/>
			<tank id="35"/>
			<tank id="38"/>
			<tank id="29"/>
			<tank id="26"/>
			<tank id="8"/>
			<tank id="1"/>
			<tank id="18"/>
			<tank id="4"/>
			<tank id="13"/>
			<tank id="23"/>
			<tank id="12"/>
			<tank id="22"/>
			<tank id="39"/>
			<tank id="36"/>
			<tank id="17"/>
		</neighbours>
	</tank>
	<tank id="35" capa="317">
		<impossiblecargos>
			<cargo id="2"/>
			<cargo id="4"/>
			<cargo id="5"/>
			<cargo id="7"/>
			<cargo id="8"/>
			<cargo id="10"/>
			<cargo id="12"/>
			<cargo id="15"/>
		</impossiblecargos>
		<neighbours>
			<tank id="1"/>
			<tank id="9"/>
			<tank id="8"/>
			<tank id="16"/>
			<tank id="3"/>
			<tank id="32"/>
			<tank id="4"/>
			<tank id="6"/>
			<tank id="22"/>
			<tank id="15"/>
			<tank id="34"/>
			<tank id="39"/>
			<tank id="36"/>
			<tank id="37"/>
			<tank id="12"/>
			<tank id="29"/>
			<tank id="27"/>
			<tank id="25"/>
			<tank id="30"/>
			<tank id="31"/>
			<tank id="5"/>
			<tank id="13"/>
			<tank id="20"/>
			<tank id="40"/>
			<tank id="23"/>
			<tank id="11"/>
			<tank id="2"/>
			<tank id="14"/>
			<tank id="24"/>
			<tank id="26"/>
		</neighbours>
	</tank>
	<tank id="36" capa="342">
		<impossiblecargos>
			<cargo id="1"/>
			<cargo id="6"/>
			<cargo id="9"/>
			<cargo id="14"/>
			<cargo id="15"/>
		</impossiblecargos>
		<neighbours>
			<tank id="2"/>
			<tank id="29"/>
			<tank id="7"/>
			<tank id="16"/>
			<tank id="8"/>
			<tank id="10"/>
			<tank id="27"/>
			<tank id="40"/>
			<tank id="26"/>
			<tank id="37"/>
			<tank id="5"/>
			<tank id="35"/>
			<tank id="25"/>
			<tank id="1"/>
			<tank id="3"/>
			<tank id="4"/>
			<tank id="13"/>
			<tank id="24"/>
			<tank id="14"/>
			<tank id="6"/>
			<tank id="30"/>
			<tank id="11"/>
			<tank id="17"/>
			<tank id="39"/>
			<tank id="15"/>
			<tank id="32"/>
			<tank id="38"/>
			<tank id="23"/>
			<tank id="22"/>
			<tank id="21"/>
			<tank id="20"/>
			<tank id="9"/>
			<tank id="34"/>
			<tank id="31"/>
		</neighbours>
	</tank>
	<tank id="37" capa="479">
		<impossiblecargos>
			<cargo id="1"/>
			<cargo id="3"/>
			<cargo id="6"/>
			<cargo id="11"/>
			<cargo id="12"/>
			<cargo id="13"/>
			<cargo id="15"/>
		</impossiblecargos>
		<neighbours>
			<tank id="13"/>
			<tank id="21"/>
			<tank id="14"/>
			<tank id="30"/>
			<tank id="33"/>
			<tank id="6"/>
			<tank id="24"/>
			<tank id="18"/>
			<tank id="7"/>
			<tank id="36"/>
			<tank id="31"/>
			<tank id="10"/>
			<tank id="9"/>
			<tank id="1"/>
			<tank id="19"/>
			<tank id="3"/>
			<tank id="35"/>
			<tank id="26"/>
			<tank id="28"/>
			<tank id="2"/>
			<tank id="38"/>
			<tank id="17"/>
			<tank id="40"/>
			<tank id="29"/>
			<tank id="39"/>
			<tank id="16"/>
		</neighbours>
	</tank>
	<tank id="38" capa="801">
		<impossiblecargos>
			<cargo id="2"/>
			<cargo id="4"/>
			<cargo id="5"/>
			<cargo id="7"/>
			<cargo id="10"/>
			<cargo id="12"/>
			<cargo id="15"/>
		</impossiblecargos>
		<neighbours>
			<tank id="28"/>
			<tank id="8"/>
			<tank id="21"/>
			<tank id="4"/>
			<tank id="7"/>
			<tank id="32"/>
			<tank id="3"/>
			<tank id="14"/>
			<tank id="40"/>
			<tank id="23"/>
			<tank id="34"/>
			<tank id="9"/>
			<tank id="31"/>
			<tank id="15"/>
			<tank id="27"/>
			<tank id="29"/>
			<tank id="6"/>
			<tank id="30"/>
			<tank id="25"/>
			<tank id="13"/>
			<tank id="18"/>
			<tank id="39"/>
			<tank id="37"/>
			<tank id="1"/>
			<tank id="17"/>
			<tank id="11"/>
			<tank id="36"/>
			<tank id="22"/>
			<tank id="2"/>
			<tank id="20"/>
			<tank id="12"/>
			<tank id="10"/>
			<tank id="16"/>
		</neighbours>
	</tank>
	<tank id="39" capa="411">
		<impossiblecargos>
			<cargo id="1"/>
			<cargo id="2"/>
			<cargo id="7"/>
			<cargo id="12"/>
			<cargo id="14"/>
			<cargo id="15"/>
		</impossiblecargos>
		<neighbours>
			<tank id="20"/>
			<tank id="5"/>
			<tank id="26"/>
			<tank id="21"/>
			<tank id="8"/>
			<tank id="40"/>
			<tank id="31"/>
			<tank id="16"/>
			<tank id="18"/>
			<tank id="35"/>
			<tank id="27"/>
			<tank id="28"/>
			<tank id="30"/>
			<tank id="32"/>
			<tank id="10"/>
			<tank id="14"/>
			<tank id="11"/>
			<tank id="29"/>
			<tank id="24"/>
			<tank id="38"/>
			<tank id="36"/>
			<tank id="25"/>
			<tank id="7"/>
			<tank id="22"/>
			<tank id="34"/>
			<tank id="12"/>
			<tank id="13"/>
			<tank id="37"/>
			<tank id="2"/>
			<tank id="6"/>
			<tank id="23"/>
		</neighbours>
	</tank>
	<tank id="40" capa="846">
		<impossiblecargos>
			<cargo id="1"/>
			<cargo id="3"/>
			<cargo id="4"/>
			<cargo id="5"/>
			<cargo id="7"/>
			<cargo id="8"/>
			<cargo id="11"/>
			<cargo id="12"/>
		</impossiblecargos>
		<neighbours>
			<tank id="1"/>
			<tank id="6"/>
			<tank id="9"/>
			<tank id="25"/>
			<tank id="24"/>
			<tank id="39"/>
			<tank id="34"/>
			<tank id="38"/>
			<tank id="36"/>
			<tank id="7"/>
			<tank id="3"/>
			<tank id="22"/>
			<tank id="18"/>
			<tank id="19"/>
			<tank id="4"/>
			<tank id="23"/>
			<tank id="31"/>
			<tank id="20"/>
			<tank id="13"/>
			<tank id="28"/>
			<tank id="11"/>
			<tank id="17"/>
			<tank id="37"/>
			<tank id="10"/>
			<tank id="2"/>
			<tank id="35"/>
			<tank id="14"/>
			<tank id="8"/>
			<tank id="15"/>
		</neighbours>
	</tank>
</tanks>
</problem>
