<?xml version="1.0" encoding="UTF-8"?>
<!--
This is a random problem, generated with these parameters:
nCargo = 15
nTanks = 25
nEmptyTanks = 1
tankMinSize = 200
tankMaxSize = 1000
tankFillRatioMin = 0.9
tankFillRatioMax = 1.0
connectivityRatio = 0.75
impossibleCargoRatio = 0.5
notNeighbouringRatio = 0.25
-->
<problem>
<cargos nb="15">
	<cargo id="1" name="c1" volume="0"/>
	<cargo id="2" name="c2" volume="2277"/>
	<cargo id="3" name="c3" volume="1313"/>
	<cargo id="4" name="c4" volume="616"/>
	<cargo id="5" name="c5" volume="1777"/>
	<cargo id="6" name="c6" volume="738"/>
	<cargo id="7" name="c7" volume="1191"/>
	<cargo id="8" name="c8" volume="0"/>
	<cargo id="9" name="c9" volume="571"/>
	<cargo id="10" name="c10" volume="988"/>
	<cargo id="11" name="c11" volume="352"/>
	<cargo id="12" name="c12" volume="826"/>
	<cargo id="13" name="c13" volume="1767"/>
	<cargo id="14" name="c14" volume="942"/>
	<cargo id="15" name="c15" volume="1408"/>
</cargos>
<incompatibles>
	<incompatible cargo1="1"  cargo2="5"/>
	<incompatible cargo1="1"  cargo2="7"/>
	<incompatible cargo1="1"  cargo2="9"/>
	<incompatible cargo1="1"  cargo2="15"/>
	<incompatible cargo1="3"  cargo2="6"/>
	<incompatible cargo1="6"  cargo2="8"/>
	<incompatible cargo1="8"  cargo2="10"/>
	<incompatible cargo1="8"  cargo2="13"/>
	<incompatible cargo1="8"  cargo2="14"/>
</incompatibles>
<tanks nb="25">
	<tank id="1" capa="776">
		<impossiblecargos>
			<cargo id="1"/>
			<cargo id="2"/>
			<cargo id="3"/>
			<cargo id="4"/>
			<cargo id="9"/>
			<cargo id="10"/>
			<cargo id="15"/>
		</impossiblecargos>
		<neighbours>
			<tank id="16"/>
			<tank id="11"/>
			<tank id="8"/>
			<tank id="12"/>
			<tank id="5"/>
			<tank id="4"/>
			<tank id="17"/>
			<tank id="24"/>
			<tank id="6"/>
			<tank id="14"/>
			<tank id="9"/>
			<tank id="13"/>
			<tank id="10"/>
			<tank id="18"/>
			<tank id="23"/>
			<tank id="21"/>
		</neighbours>
	</tank>
	<tank id="2" capa="305">
		<impossiblecargos>
			<cargo id="3"/>
			<cargo id="6"/>
			<cargo id="8"/>
			<cargo id="10"/>
			<cargo id="12"/>
		</impossiblecargos>
		<neighbours>
			<tank id="5"/>
			<tank id="20"/>
			<tank id="12"/>
			<tank id="25"/>
			<tank id="4"/>
			<tank id="16"/>
			<tank id="3"/>
			<tank id="8"/>
			<tank id="14"/>
			<tank id="11"/>
			<tank id="17"/>
			<tank id="24"/>
			<tank id="7"/>
			<tank id="6"/>
			<tank id="21"/>
			<tank id="23"/>
		</neighbours>
	</tank>
	<tank id="3" capa="839">
		<impossiblecargos>
			<cargo id="2"/>
			<cargo id="3"/>
			<cargo id="4"/>
			<cargo id="9"/>
			<cargo id="11"/>
			<cargo id="12"/>
		</impossiblecargos>
		<neighbours>
			<tank id="19"/>
			<tank id="21"/>
			<tank id="12"/>
			<tank id="14"/>
			<tank id="2"/>
			<tank id="25"/>
			<tank id="7"/>
			<tank id="22"/>
			<tank id="11"/>
			<tank id="17"/>
			<tank id="9"/>
			<tank id="5"/>
			<tank id="13"/>
			<tank id="18"/>
			<tank id="16"/>
			<tank id="23"/>
			<tank id="24"/>
			<tank id="10"/>
			<tank id="15"/>
		</neighbours>
	</tank>
	<tank id="4" capa="861">
		<impossiblecargos>
			<cargo id="3"/>
			<cargo id="11"/>
		</impossiblecargos>
		<neighbours>
			<tank id="2"/>
			<tank id="11"/>
			<tank id="19"/>
			<tank id="16"/>
			<tank id="10"/>
			<tank id="1"/>
			<tank id="22"/>
			<tank id="21"/>
			<tank id="9"/>
			<tank id="24"/>
			<tank id="12"/>
			<tank id="15"/>
			<tank id="20"/>
			<tank id="7"/>
			<tank id="13"/>
			<tank id="6"/>
			<tank id="17"/>
		</neighbours>
	</tank>
	<tank id="5" capa="511">
		<impossiblecargos>
			<cargo id="3"/>
			<cargo id="4"/>
			<cargo id="5"/>
			<cargo id="9"/>
			<cargo id="12"/>
			<cargo id="15"/>
		</impossiblecargos>
		<neighbours>
			<tank id="16"/>
			<tank id="2"/>
			<tank id="13"/>
			<tank id="19"/>
			<tank id="9"/>
			<tank id="23"/>
			<tank id="6"/>
			<tank id="18"/>
			<tank id="1"/>
			<tank id="24"/>
			<tank id="12"/>
			<tank id="17"/>
			<tank id="3"/>
			<tank id="25"/>
			<tank id="21"/>
			<tank id="14"/>
			<tank id="10"/>
			<tank id="22"/>
			<tank id="7"/>
		</neighbours>
	</tank>
	<tank id="6" capa="758">
		<impossiblecargos>
			<cargo id="1"/>
			<cargo id="2"/>
			<cargo id="3"/>
			<cargo id="4"/>
			<cargo id="8"/>
			<cargo id="10"/>
			<cargo id="11"/>
			<cargo id="12"/>
		</impossiblecargos>
		<neighbours>
			<tank id="21"/>
			<tank id="8"/>
			<tank id="15"/>
			<tank id="10"/>
			<tank id="23"/>
			<tank id="5"/>
			<tank id="17"/>
			<tank id="13"/>
			<tank id="14"/>
			<tank id="16"/>
			<tank id="11"/>
			<tank id="20"/>
			<tank id="24"/>
			<tank id="1"/>
			<tank id="12"/>
			<tank id="2"/>
			<tank id="4"/>
			<tank id="9"/>
			<tank id="18"/>
		</neighbours>
	</tank>
	<tank id="7" capa="968">
		<impossiblecargos>
			<cargo id="5"/>
			<cargo id="6"/>
			<cargo id="8"/>
			<cargo id="9"/>
			<cargo id="10"/>
			<cargo id="12"/>
			<cargo id="14"/>
			<cargo id="15"/>
		</impossiblecargos>
		<neighbours>
			<tank id="24"/>
			<tank id="11"/>
			<tank id="21"/>
			<tank id="15"/>
			<tank id="13"/>
			<tank id="3"/>
			<tank id="25"/>
			<tank id="8"/>
			<tank id="17"/>
			<tank id="2"/>
			<tank id="4"/>
			<tank id="18"/>
			<tank id="9"/>
			<tank id="19"/>
			<tank id="5"/>
			<tank id="16"/>
			<tank id="12"/>
			<tank id="10"/>
		</neighbours>
	</tank>
	<tank id="8" capa="574">
		<impossiblecargos>
			<cargo id="5"/>
			<cargo id="7"/>
			<cargo id="8"/>
			<cargo id="9"/>
			<cargo id="13"/>
		</impossiblecargos>
		<neighbours>
			<tank id="14"/>
			<tank id="15"/>
			<tank id="6"/>
			<tank id="1"/>
			<tank id="17"/>
			<tank id="25"/>
			<tank id="16"/>
			<tank id="2"/>
			<tank id="9"/>
			<tank id="22"/>
			<tank id="13"/>
			<tank id="20"/>
			<tank id="7"/>
			<tank id="18"/>
			<tank id="21"/>
			<tank id="23"/>
			<tank id="10"/>
		</neighbours>
	</tank>
	<tank id="9" capa="370">
		<impossiblecargos>
			<cargo id="1"/>
			<cargo id="3"/>
			<cargo id="5"/>
			<cargo id="6"/>
			<cargo id="7"/>
			<cargo id="12"/>
			<cargo id="14"/>
			<cargo id="15"/>
		</impossiblecargos>
		<neighbours>
			<tank id="10"/>
			<tank id="5"/>
			<tank id="16"/>
			<tank id="17"/>
			<tank id="19"/>
			<tank id="11"/>
			<tank id="8"/>
			<tank id="3"/>
			<tank id="23"/>
			<tank id="4"/>
			<tank id="18"/>
			<tank id="24"/>
			<tank id="21"/>
			<tank id="1"/>
			<tank id="22"/>
			<tank id="12"/>
			<tank id="6"/>
			<tank id="7"/>
			<tank id="13"/>
			<tank id="15"/>
		</neighbours>
	</tank>
	<tank id="10" capa="819">
		<impossiblecargos>
			<cargo id="8"/>
			<cargo id="10"/>
			<cargo id="11"/>
			<cargo id="13"/>
			<cargo id="14"/>
		</impossiblecargos>
		<neighbours>
			<tank id="9"/>
			<tank id="15"/>
			<tank id="20"/>
			<tank id="23"/>
			<tank id="6"/>
			<tank id="17"/>
			<tank id="21"/>
			<tank id="4"/>
			<tank id="12"/>
			<tank id="19"/>
			<tank id="11"/>
			<tank id="8"/>
			<tank id="1"/>
			<tank id="3"/>
			<tank id="5"/>
			<tank id="18"/>
			<tank id="7"/>
		</neighbours>
	</tank>
	<tank id="11" capa="625">
		<impossiblecargos>
			<cargo id="3"/>
			<cargo id="7"/>
			<cargo id="8"/>
			<cargo id="10"/>
			<cargo id="13"/>
			<cargo id="15"/>
		</impossiblecargos>
		<neighbours>
			<tank id="19"/>
			<tank id="1"/>
			<tank id="14"/>
			<tank id="7"/>
			<tank id="4"/>
			<tank id="21"/>
			<tank id="9"/>
			<tank id="22"/>
			<tank id="3"/>
			<tank id="15"/>
			<tank id="2"/>
			<tank id="6"/>
			<tank id="12"/>
			<tank id="10"/>
			<tank id="18"/>
			<tank id="16"/>
			<tank id="20"/>
		</neighbours>
	</tank>
	<tank id="12" capa="957">
		<impossiblecargos>
			<cargo id="4"/>
			<cargo id="7"/>
			<cargo id="8"/>
			<cargo id="11"/>
			<cargo id="12"/>
		</impossiblecargos>
		<neighbours>
			<tank id="2"/>
			<tank id="3"/>
			<tank id="19"/>
			<tank id="21"/>
			<tank id="14"/>
			<tank id="23"/>
			<tank id="1"/>
			<tank id="20"/>
			<tank id="10"/>
			<tank id="5"/>
			<tank id="17"/>
			<tank id="11"/>
			<tank id="13"/>
			<tank id="16"/>
			<tank id="4"/>
			<tank id="6"/>
			<tank id="22"/>
			<tank id="25"/>
			<tank id="24"/>
			<tank id="9"/>
			<tank id="18"/>
			<tank id="7"/>
		</neighbours>
	</tank>
	<tank id="13" capa="643">
		<impossiblecargos>
			<cargo id="6"/>
			<cargo id="7"/>
			<cargo id="10"/>
			<cargo id="11"/>
			<cargo id="13"/>
		</impossiblecargos>
		<neighbours>
			<tank id="5"/>
			<tank id="17"/>
			<tank id="20"/>
			<tank id="18"/>
			<tank id="7"/>
			<tank id="14"/>
			<tank id="22"/>
			<tank id="6"/>
			<tank id="21"/>
			<tank id="8"/>
			<tank id="12"/>
			<tank id="3"/>
			<tank id="15"/>
			<tank id="4"/>
			<tank id="1"/>
			<tank id="9"/>
			<tank id="16"/>
		</neighbours>
	</tank>
	<tank id="14" capa="685">
		<impossiblecargos>
			<cargo id="1"/>
			<cargo id="6"/>
			<cargo id="9"/>
			<cargo id="10"/>
			<cargo id="11"/>
			<cargo id="12"/>
			<cargo id="15"/>
		</impossiblecargos>
		<neighbours>
			<tank id="8"/>
			<tank id="23"/>
			<tank id="18"/>
			<tank id="21"/>
			<tank id="11"/>
			<tank id="22"/>
			<tank id="3"/>
			<tank id="12"/>
			<tank id="13"/>
			<tank id="19"/>
			<tank id="15"/>
			<tank id="2"/>
			<tank id="6"/>
			<tank id="1"/>
			<tank id="17"/>
			<tank id="25"/>
			<tank id="5"/>
			<tank id="24"/>
		</neighbours>
	</tank>
	<tank id="15" capa="368">
		<impossiblecargos>
			<cargo id="1"/>
			<cargo id="3"/>
			<cargo id="5"/>
			<cargo id="6"/>
			<cargo id="10"/>
			<cargo id="12"/>
		</impossiblecargos>
		<neighbours>
			<tank id="19"/>
			<tank id="10"/>
			<tank id="8"/>
			<tank id="24"/>
			<tank id="6"/>
			<tank id="7"/>
			<tank id="18"/>
			<tank id="14"/>
			<tank id="11"/>
			<tank id="22"/>
			<tank id="13"/>
			<tank id="25"/>
			<tank id="20"/>
			<tank id="4"/>
			<tank id="17"/>
			<tank id="21"/>
			<tank id="16"/>
			<tank id="23"/>
			<tank id="9"/>
			<tank id="3"/>
		</neighbours>
	</tank>
	<tank id="16" capa="377">
		<impossiblecargos>
			<cargo id="1"/>
			<cargo id="6"/>
			<cargo id="7"/>
			<cargo id="10"/>
			<cargo id="12"/>
			<cargo id="14"/>
			<cargo id="15"/>
		</impossiblecargos>
		<neighbours>
			<tank id="1"/>
			<tank id="5"/>
			<tank id="25"/>
			<tank id="9"/>
			<tank id="23"/>
			<tank id="19"/>
			<tank id="2"/>
			<tank id="17"/>
			<tank id="4"/>
			<tank id="8"/>
			<tank id="21"/>
			<tank id="22"/>
			<tank id="6"/>
			<tank id="24"/>
			<tank id="12"/>
			<tank id="18"/>
			<tank id="3"/>
			<tank id="20"/>
			<tank id="15"/>
			<tank id="11"/>
			<tank id="13"/>
			<tank id="7"/>
		</neighbours>
	</tank>
	<tank id="17" capa="366">
		<impossiblecargos>
			<cargo id="3"/>
			<cargo id="5"/>
			<cargo id="6"/>
			<cargo id="7"/>
			<cargo id="9"/>
			<cargo id="10"/>
			<cargo id="11"/>
			<cargo id="14"/>
		</impossiblecargos>
		<neighbours>
			<tank id="25"/>
			<tank id="9"/>
			<tank id="13"/>
			<tank id="10"/>
			<tank id="8"/>
			<tank id="23"/>
			<tank id="16"/>
			<tank id="6"/>
			<tank id="24"/>
			<tank id="1"/>
			<tank id="12"/>
			<tank id="5"/>
			<tank id="3"/>
			<tank id="2"/>
			<tank id="7"/>
			<tank id="20"/>
			<tank id="14"/>
			<tank id="18"/>
			<tank id="15"/>
			<tank id="4"/>
		</neighbours>
	</tank>
	<tank id="18" capa="664">
		<impossiblecargos>
			<cargo id="1"/>
			<cargo id="2"/>
			<cargo id="3"/>
			<cargo id="4"/>
			<cargo id="11"/>
			<cargo id="15"/>
		</impossiblecargos>
		<neighbours>
			<tank id="14"/>
			<tank id="21"/>
			<tank id="13"/>
			<tank id="5"/>
			<tank id="15"/>
			<tank id="9"/>
			<tank id="3"/>
			<tank id="23"/>
			<tank id="8"/>
			<tank id="16"/>
			<tank id="11"/>
			<tank id="17"/>
			<tank id="20"/>
			<tank id="19"/>
			<tank id="6"/>
			<tank id="7"/>
			<tank id="1"/>
			<tank id="10"/>
			<tank id="25"/>
			<tank id="12"/>
		</neighbours>
	</tank>
	<tank id="19" capa="281">
		<impossiblecargos>
			<cargo id="1"/>
			<cargo id="3"/>
			<cargo id="7"/>
			<cargo id="9"/>
			<cargo id="11"/>
			<cargo id="13"/>
			<cargo id="15"/>
		</impossiblecargos>
		<neighbours>
			<tank id="11"/>
			<tank id="3"/>
			<tank id="15"/>
			<tank id="5"/>
			<tank id="16"/>
			<tank id="22"/>
			<tank id="12"/>
			<tank id="23"/>
			<tank id="4"/>
			<tank id="9"/>
			<tank id="20"/>
			<tank id="14"/>
			<tank id="10"/>
			<tank id="18"/>
			<tank id="7"/>
			<tank id="25"/>
		</neighbours>
	</tank>
	<tank id="20" capa="616">
		<impossiblecargos>
			<cargo id="1"/>
			<cargo id="4"/>
			<cargo id="11"/>
		</impossiblecargos>
		<neighbours>
			<tank id="2"/>
			<tank id="10"/>
			<tank id="25"/>
			<tank id="13"/>
			<tank id="19"/>
			<tank id="12"/>
			<tank id="24"/>
			<tank id="6"/>
			<tank id="8"/>
			<tank id="21"/>
			<tank id="15"/>
			<tank id="4"/>
			<tank id="17"/>
			<tank id="23"/>
			<tank id="16"/>
			<tank id="18"/>
			<tank id="22"/>
			<tank id="11"/>
		</neighbours>
	</tank>
	<tank id="21" capa="990">
		<impossiblecargos>
			<cargo id="1"/>
			<cargo id="4"/>
			<cargo id="8"/>
			<cargo id="9"/>
			<cargo id="12"/>
			<cargo id="14"/>
		</impossiblecargos>
		<neighbours>
			<tank id="6"/>
			<tank id="3"/>
			<tank id="14"/>
			<tank id="18"/>
			<tank id="7"/>
			<tank id="12"/>
			<tank id="11"/>
			<tank id="10"/>
			<tank id="16"/>
			<tank id="13"/>
			<tank id="4"/>
			<tank id="20"/>
			<tank id="9"/>
			<tank id="8"/>
			<tank id="5"/>
			<tank id="15"/>
			<tank id="2"/>
			<tank id="1"/>
		</neighbours>
	</tank>
	<tank id="22" capa="532">
		<impossiblecargos>
			<cargo id="2"/>
			<cargo id="8"/>
			<cargo id="9"/>
			<cargo id="10"/>
			<cargo id="11"/>
			<cargo id="15"/>
		</impossiblecargos>
		<neighbours>
			<tank id="14"/>
			<tank id="19"/>
			<tank id="23"/>
			<tank id="13"/>
			<tank id="24"/>
			<tank id="3"/>
			<tank id="4"/>
			<tank id="8"/>
			<tank id="11"/>
			<tank id="16"/>
			<tank id="15"/>
			<tank id="12"/>
			<tank id="9"/>
			<tank id="5"/>
			<tank id="20"/>
		</neighbours>
	</tank>
	<tank id="23" capa="886">
		<impossiblecargos>
			<cargo id="2"/>
			<cargo id="4"/>
			<cargo id="8"/>
			<cargo id="10"/>
			<cargo id="11"/>
		</impossiblecargos>
		<neighbours>
			<tank id="14"/>
			<tank id="16"/>
			<tank id="5"/>
			<tank id="10"/>
			<tank id="6"/>
			<tank id="17"/>
			<tank id="19"/>
			<tank id="12"/>
			<tank id="22"/>
			<tank id="9"/>
			<tank id="24"/>
			<tank id="18"/>
			<tank id="3"/>
			<tank id="20"/>
			<tank id="8"/>
			<tank id="15"/>
			<tank id="2"/>
			<tank id="1"/>
		</neighbours>
	</tank>
	<tank id="24" capa="680">
		<impossiblecargos>
			<cargo id="1"/>
			<cargo id="4"/>
			<cargo id="6"/>
			<cargo id="8"/>
			<cargo id="10"/>
			<cargo id="13"/>
			<cargo id="14"/>
			<cargo id="15"/>
		</impossiblecargos>
		<neighbours>
			<tank id="7"/>
			<tank id="15"/>
			<tank id="5"/>
			<tank id="20"/>
			<tank id="22"/>
			<tank id="17"/>
			<tank id="16"/>
			<tank id="6"/>
			<tank id="2"/>
			<tank id="1"/>
			<tank id="4"/>
			<tank id="9"/>
			<tank id="23"/>
			<tank id="12"/>
			<tank id="3"/>
			<tank id="25"/>
			<tank id="14"/>
		</neighbours>
	</tank>
	<tank id="25" capa="862">
		<impossiblecargos>
			<cargo id="1"/>
			<cargo id="2"/>
			<cargo id="4"/>
			<cargo id="5"/>
			<cargo id="6"/>
			<cargo id="10"/>
			<cargo id="12"/>
			<cargo id="14"/>
			<cargo id="15"/>
		</impossiblecargos>
		<neighbours>
			<tank id="17"/>
			<tank id="16"/>
			<tank id="2"/>
			<tank id="20"/>
			<tank id="8"/>
			<tank id="3"/>
			<tank id="7"/>
			<tank id="5"/>
			<tank id="15"/>
			<tank id="12"/>
			<tank id="14"/>
			<tank id="24"/>
			<tank id="18"/>
			<tank id="19"/>
		</neighbours>
	</tank>
</tanks>
</problem>
