<?xml version="1.0" encoding="UTF-8"?>
<!--
This is a random problem, generated with these parameters:
nCargo = 25
nTanks = 40
nEmptyTanks = 1
tankMinSize = 200
tankMaxSize = 1000
tankFillRatioMin = 0.9
tankFillRatioMax = 1.0
connectivityRatio = 0.75
impossibleCargoRatio = 0.5
notNeighbouringRatio = 0.25
-->
<problem>
<cargos nb="25">
	<cargo id="1" name="c1" volume="2172"/>
	<cargo id="2" name="c2" volume="1550"/>
	<cargo id="3" name="c3" volume="1011"/>
	<cargo id="4" name="c4" volume="347"/>
	<cargo id="5" name="c5" volume="0"/>
	<cargo id="6" name="c6" volume="919"/>
	<cargo id="7" name="c7" volume="1155"/>
	<cargo id="8" name="c8" volume="921"/>
	<cargo id="9" name="c9" volume="1528"/>
	<cargo id="10" name="c10" volume="1385"/>
	<cargo id="11" name="c11" volume="762"/>
	<cargo id="12" name="c12" volume="1197"/>
	<cargo id="13" name="c13" volume="0"/>
	<cargo id="14" name="c14" volume="319"/>
	<cargo id="15" name="c15" volume="2256"/>
	<cargo id="16" name="c16" volume="1430"/>
	<cargo id="17" name="c17" volume="2264"/>
	<cargo id="18" name="c18" volume="0"/>
	<cargo id="19" name="c19" volume="636"/>
	<cargo id="20" name="c20" volume="0"/>
	<cargo id="21" name="c21" volume="502"/>
	<cargo id="22" name="c22" volume="0"/>
	<cargo id="23" name="c23" volume="1289"/>
	<cargo id="24" name="c24" volume="569"/>
	<cargo id="25" name="c25" volume="0"/>
</cargos>
<incompatibles>
	<incompatible cargo1="1"  cargo2="5"/>
	<incompatible cargo1="2"  cargo2="13"/>
	<incompatible cargo1="3"  cargo2="5"/>
	<incompatible cargo1="3"  cargo2="13"/>
	<incompatible cargo1="3"  cargo2="22"/>
	<incompatible cargo1="3"  cargo2="25"/>
	<incompatible cargo1="4"  cargo2="18"/>
	<incompatible cargo1="4"  cargo2="19"/>
	<incompatible cargo1="5"  cargo2="12"/>
	<incompatible cargo1="5"  cargo2="16"/>
	<incompatible cargo1="5"  cargo2="17"/>
	<incompatible cargo1="5"  cargo2="20"/>
	<incompatible cargo1="7"  cargo2="22"/>
	<incompatible cargo1="8"  cargo2="24"/>
	<incompatible cargo1="8"  cargo2="25"/>
	<incompatible cargo1="9"  cargo2="20"/>
	<incompatible cargo1="9"  cargo2="22"/>
	<incompatible cargo1="12"  cargo2="18"/>
	<incompatible cargo1="13"  cargo2="14"/>
	<incompatible cargo1="13"  cargo2="15"/>
	<incompatible cargo1="13"  cargo2="18"/>
	<incompatible cargo1="13"  cargo2="19"/>
	<incompatible cargo1="13"  cargo2="24"/>
	<incompatible cargo1="14"  cargo2="20"/>
	<incompatible cargo1="14"  cargo2="22"/>
	<incompatible cargo1="17"  cargo2="18"/>
	<incompatible cargo1="18"  cargo2="23"/>
	<incompatible cargo1="20"  cargo2="24"/>
	<incompatible cargo1="22"  cargo2="24"/>
	<incompatible cargo1="22"  cargo2="25"/>
	<incompatible cargo1="23"  cargo2="25"/>
</incompatibles>
<tanks nb="40">
	<tank id="1" capa="395">
		<impossiblecargos>
			<cargo id="1"/>
			<cargo id="4"/>
			<cargo id="5"/>
			<cargo id="6"/>
			<cargo id="7"/>
			<cargo id="10"/>
			<cargo id="13"/>
			<cargo id="14"/>
			<cargo id="15"/>
			<cargo id="17"/>
			<cargo id="18"/>
			<cargo id="19"/>
			<cargo id="21"/>
			<cargo id="24"/>
		</impossiblecargos>
		<neighbours>
			<tank id="31"/>
			<tank id="23"/>
			<tank id="11"/>
			<tank id="21"/>
			<tank id="30"/>
			<tank id="7"/>
			<tank id="36"/>
			<tank id="5"/>
			<tank id="6"/>
			<tank id="17"/>
			<tank id="29"/>
			<tank id="26"/>
			<tank id="16"/>
			<tank id="40"/>
			<tank id="13"/>
			<tank id="9"/>
			<tank id="37"/>
			<tank id="18"/>
			<tank id="20"/>
			<tank id="19"/>
			<tank id="15"/>
			<tank id="2"/>
			<tank id="8"/>
			<tank id="24"/>
			<tank id="28"/>
			<tank id="4"/>
			<tank id="14"/>
			<tank id="25"/>
		</neighbours>
	</tank>
	<tank id="2" capa="791">
		<impossiblecargos>
			<cargo id="2"/>
			<cargo id="4"/>
			<cargo id="5"/>
			<cargo id="8"/>
			<cargo id="11"/>
			<cargo id="12"/>
			<cargo id="13"/>
			<cargo id="14"/>
			<cargo id="16"/>
			<cargo id="19"/>
			<cargo id="23"/>
			<cargo id="24"/>
			<cargo id="25"/>
		</impossiblecargos>
		<neighbours>
			<tank id="29"/>
			<tank id="14"/>
			<tank id="26"/>
			<tank id="20"/>
			<tank id="38"/>
			<tank id="9"/>
			<tank id="17"/>
			<tank id="28"/>
			<tank id="33"/>
			<tank id="21"/>
			<tank id="7"/>
			<tank id="31"/>
			<tank id="3"/>
			<tank id="34"/>
			<tank id="13"/>
			<tank id="8"/>
			<tank id="40"/>
			<tank id="27"/>
			<tank id="10"/>
			<tank id="24"/>
			<tank id="15"/>
			<tank id="22"/>
			<tank id="4"/>
			<tank id="12"/>
			<tank id="39"/>
			<tank id="5"/>
			<tank id="32"/>
			<tank id="36"/>
			<tank id="18"/>
			<tank id="1"/>
			<tank id="16"/>
			<tank id="35"/>
		</neighbours>
	</tank>
	<tank id="3" capa="203">
		<impossiblecargos>
			<cargo id="8"/>
			<cargo id="10"/>
			<cargo id="11"/>
			<cargo id="12"/>
			<cargo id="13"/>
			<cargo id="16"/>
			<cargo id="18"/>
			<cargo id="19"/>
			<cargo id="21"/>
			<cargo id="22"/>
			<cargo id="23"/>
			<cargo id="24"/>
		</impossiblecargos>
		<neighbours>
			<tank id="14"/>
			<tank id="19"/>
			<tank id="33"/>
			<tank id="26"/>
			<tank id="27"/>
			<tank id="10"/>
			<tank id="35"/>
			<tank id="24"/>
			<tank id="20"/>
			<tank id="2"/>
			<tank id="8"/>
			<tank id="12"/>
			<tank id="31"/>
			<tank id="13"/>
			<tank id="11"/>
			<tank id="29"/>
			<tank id="36"/>
			<tank id="17"/>
			<tank id="39"/>
			<tank id="37"/>
			<tank id="34"/>
			<tank id="23"/>
			<tank id="15"/>
			<tank id="5"/>
			<tank id="16"/>
			<tank id="7"/>
			<tank id="21"/>
			<tank id="18"/>
			<tank id="25"/>
		</neighbours>
	</tank>
	<tank id="4" capa="540">
		<impossiblecargos>
			<cargo id="1"/>
			<cargo id="2"/>
			<cargo id="3"/>
			<cargo id="5"/>
			<cargo id="10"/>
			<cargo id="11"/>
			<cargo id="14"/>
			<cargo id="16"/>
			<cargo id="17"/>
			<cargo id="20"/>
			<cargo id="21"/>
			<cargo id="23"/>
		</impossiblecargos>
		<neighbours>
			<tank id="38"/>
			<tank id="22"/>
			<tank id="23"/>
			<tank id="5"/>
			<tank id="30"/>
			<tank id="11"/>
			<tank id="6"/>
			<tank id="19"/>
			<tank id="31"/>
			<tank id="21"/>
			<tank id="17"/>
			<tank id="28"/>
			<tank id="13"/>
			<tank id="36"/>
			<tank id="32"/>
			<tank id="10"/>
			<tank id="2"/>
			<tank id="34"/>
			<tank id="39"/>
			<tank id="40"/>
			<tank id="24"/>
			<tank id="7"/>
			<tank id="1"/>
			<tank id="25"/>
			<tank id="37"/>
			<tank id="14"/>
			<tank id="9"/>
			<tank id="18"/>
			<tank id="33"/>
			<tank id="12"/>
		</neighbours>
	</tank>
	<tank id="5" capa="817">
		<impossiblecargos>
			<cargo id="2"/>
			<cargo id="3"/>
			<cargo id="4"/>
			<cargo id="5"/>
			<cargo id="6"/>
			<cargo id="7"/>
			<cargo id="10"/>
			<cargo id="11"/>
			<cargo id="20"/>
			<cargo id="21"/>
		</impossiblecargos>
		<neighbours>
			<tank id="15"/>
			<tank id="22"/>
			<tank id="4"/>
			<tank id="38"/>
			<tank id="20"/>
			<tank id="16"/>
			<tank id="11"/>
			<tank id="31"/>
			<tank id="40"/>
			<tank id="27"/>
			<tank id="13"/>
			<tank id="1"/>
			<tank id="6"/>
			<tank id="26"/>
			<tank id="37"/>
			<tank id="18"/>
			<tank id="35"/>
			<tank id="12"/>
			<tank id="30"/>
			<tank id="19"/>
			<tank id="34"/>
			<tank id="23"/>
			<tank id="2"/>
			<tank id="3"/>
			<tank id="24"/>
			<tank id="32"/>
			<tank id="9"/>
			<tank id="28"/>
			<tank id="21"/>
		</neighbours>
	</tank>
	<tank id="6" capa="323">
		<impossiblecargos>
			<cargo id="5"/>
			<cargo id="12"/>
			<cargo id="15"/>
			<cargo id="16"/>
			<cargo id="18"/>
			<cargo id="20"/>
			<cargo id="21"/>
			<cargo id="24"/>
			<cargo id="25"/>
		</impossiblecargos>
		<neighbours>
			<tank id="19"/>
			<tank id="7"/>
			<tank id="22"/>
			<tank id="31"/>
			<tank id="40"/>
			<tank id="32"/>
			<tank id="4"/>
			<tank id="17"/>
			<tank id="36"/>
			<tank id="1"/>
			<tank id="20"/>
			<tank id="5"/>
			<tank id="25"/>
			<tank id="29"/>
			<tank id="38"/>
			<tank id="28"/>
			<tank id="26"/>
			<tank id="14"/>
			<tank id="11"/>
			<tank id="24"/>
			<tank id="16"/>
			<tank id="18"/>
			<tank id="30"/>
			<tank id="12"/>
			<tank id="8"/>
			<tank id="35"/>
			<tank id="27"/>
			<tank id="23"/>
			<tank id="37"/>
			<tank id="9"/>
			<tank id="21"/>
			<tank id="13"/>
			<tank id="15"/>
		</neighbours>
	</tank>
	<tank id="7" capa="393">
		<impossiblecargos>
			<cargo id="6"/>
			<cargo id="14"/>
			<cargo id="15"/>
			<cargo id="20"/>
			<cargo id="21"/>
			<cargo id="22"/>
			<cargo id="25"/>
		</impossiblecargos>
		<neighbours>
			<tank id="6"/>
			<tank id="9"/>
			<tank id="14"/>
			<tank id="11"/>
			<tank id="36"/>
			<tank id="19"/>
			<tank id="35"/>
			<tank id="1"/>
			<tank id="32"/>
			<tank id="39"/>
			<tank id="12"/>
			<tank id="2"/>
			<tank id="16"/>
			<tank id="24"/>
			<tank id="27"/>
			<tank id="31"/>
			<tank id="15"/>
			<tank id="22"/>
			<tank id="4"/>
			<tank id="28"/>
			<tank id="18"/>
			<tank id="29"/>
			<tank id="3"/>
			<tank id="17"/>
			<tank id="37"/>
			<tank id="20"/>
			<tank id="33"/>
			<tank id="23"/>
		</neighbours>
	</tank>
	<tank id="8" capa="876">
		<impossiblecargos>
			<cargo id="1"/>
			<cargo id="2"/>
			<cargo id="3"/>
			<cargo id="4"/>
			<cargo id="7"/>
			<cargo id="9"/>
			<cargo id="11"/>
			<cargo id="13"/>
			<cargo id="16"/>
			<cargo id="17"/>
			<cargo id="18"/>
			<cargo id="21"/>
			<cargo id="25"/>
		</impossiblecargos>
		<neighbours>
			<tank id="26"/>
			<tank id="22"/>
			<tank id="27"/>
			<tank id="14"/>
			<tank id="12"/>
			<tank id="32"/>
			<tank id="3"/>
			<tank id="29"/>
			<tank id="11"/>
			<tank id="2"/>
			<tank id="36"/>
			<tank id="20"/>
			<tank id="28"/>
			<tank id="17"/>
			<tank id="35"/>
			<tank id="15"/>
			<tank id="39"/>
			<tank id="6"/>
			<tank id="18"/>
			<tank id="21"/>
			<tank id="19"/>
			<tank id="13"/>
			<tank id="33"/>
			<tank id="24"/>
			<tank id="38"/>
			<tank id="30"/>
			<tank id="25"/>
			<tank id="1"/>
			<tank id="10"/>
			<tank id="40"/>
		</neighbours>
	</tank>
	<tank id="9" capa="582">
		<impossiblecargos>
			<cargo id="1"/>
			<cargo id="3"/>
			<cargo id="5"/>
			<cargo id="6"/>
			<cargo id="7"/>
			<cargo id="8"/>
			<cargo id="9"/>
			<cargo id="10"/>
			<cargo id="14"/>
			<cargo id="16"/>
			<cargo id="17"/>
			<cargo id="18"/>
			<cargo id="19"/>
			<cargo id="20"/>
			<cargo id="21"/>
			<cargo id="23"/>
		</impossiblecargos>
		<neighbours>
			<tank id="10"/>
			<tank id="21"/>
			<tank id="19"/>
			<tank id="7"/>
			<tank id="27"/>
			<tank id="32"/>
			<tank id="2"/>
			<tank id="33"/>
			<tank id="30"/>
			<tank id="25"/>
			<tank id="36"/>
			<tank id="39"/>
			<tank id="34"/>
			<tank id="31"/>
			<tank id="29"/>
			<tank id="13"/>
			<tank id="40"/>
			<tank id="11"/>
			<tank id="35"/>
			<tank id="1"/>
			<tank id="22"/>
			<tank id="6"/>
			<tank id="4"/>
			<tank id="26"/>
			<tank id="5"/>
			<tank id="14"/>
		</neighbours>
	</tank>
	<tank id="10" capa="899">
		<impossiblecargos>
			<cargo id="3"/>
			<cargo id="5"/>
			<cargo id="8"/>
			<cargo id="10"/>
			<cargo id="11"/>
			<cargo id="12"/>
			<cargo id="13"/>
			<cargo id="15"/>
			<cargo id="16"/>
			<cargo id="19"/>
			<cargo id="20"/>
			<cargo id="22"/>
			<cargo id="23"/>
			<cargo id="24"/>
			<cargo id="25"/>
		</impossiblecargos>
		<neighbours>
			<tank id="9"/>
			<tank id="37"/>
			<tank id="12"/>
			<tank id="19"/>
			<tank id="16"/>
			<tank id="17"/>
			<tank id="34"/>
			<tank id="3"/>
			<tank id="30"/>
			<tank id="26"/>
			<tank id="29"/>
			<tank id="25"/>
			<tank id="28"/>
			<tank id="14"/>
			<tank id="2"/>
			<tank id="24"/>
			<tank id="13"/>
			<tank id="15"/>
			<tank id="4"/>
			<tank id="40"/>
			<tank id="35"/>
			<tank id="33"/>
			<tank id="18"/>
			<tank id="38"/>
			<tank id="27"/>
			<tank id="23"/>
			<tank id="8"/>
			<tank id="32"/>
			<tank id="21"/>
		</neighbours>
	</tank>
	<tank id="11" capa="742">
		<impossiblecargos>
			<cargo id="6"/>
			<cargo id="7"/>
			<cargo id="8"/>
			<cargo id="11"/>
			<cargo id="15"/>
			<cargo id="20"/>
			<cargo id="23"/>
			<cargo id="25"/>
		</impossiblecargos>
		<neighbours>
			<tank id="16"/>
			<tank id="40"/>
			<tank id="37"/>
			<tank id="7"/>
			<tank id="4"/>
			<tank id="5"/>
			<tank id="1"/>
			<tank id="21"/>
			<tank id="18"/>
			<tank id="39"/>
			<tank id="26"/>
			<tank id="34"/>
			<tank id="31"/>
			<tank id="20"/>
			<tank id="35"/>
			<tank id="8"/>
			<tank id="22"/>
			<tank id="6"/>
			<tank id="3"/>
			<tank id="25"/>
			<tank id="19"/>
			<tank id="9"/>
			<tank id="13"/>
			<tank id="28"/>
			<tank id="15"/>
			<tank id="38"/>
			<tank id="17"/>
			<tank id="12"/>
			<tank id="14"/>
		</neighbours>
	</tank>
	<tank id="12" capa="803">
		<impossiblecargos>
			<cargo id="1"/>
			<cargo id="2"/>
			<cargo id="4"/>
			<cargo id="5"/>
			<cargo id="7"/>
			<cargo id="9"/>
			<cargo id="12"/>
			<cargo id="14"/>
			<cargo id="15"/>
			<cargo id="17"/>
			<cargo id="20"/>
			<cargo id="21"/>
			<cargo id="22"/>
			<cargo id="23"/>
			<cargo id="25"/>
		</impossiblecargos>
		<neighbours>
			<tank id="27"/>
			<tank id="14"/>
			<tank id="10"/>
			<tank id="21"/>
			<tank id="15"/>
			<tank id="23"/>
			<tank id="34"/>
			<tank id="19"/>
			<tank id="7"/>
			<tank id="13"/>
			<tank id="31"/>
			<tank id="29"/>
			<tank id="39"/>
			<tank id="8"/>
			<tank id="26"/>
			<tank id="38"/>
			<tank id="16"/>
			<tank id="3"/>
			<tank id="30"/>
			<tank id="5"/>
			<tank id="40"/>
			<tank id="36"/>
			<tank id="6"/>
			<tank id="37"/>
			<tank id="18"/>
			<tank id="22"/>
			<tank id="32"/>
			<tank id="2"/>
			<tank id="28"/>
			<tank id="11"/>
			<tank id="33"/>
			<tank id="4"/>
		</neighbours>
	</tank>
	<tank id="13" capa="982">
		<impossiblecargos>
			<cargo id="4"/>
			<cargo id="5"/>
			<cargo id="7"/>
			<cargo id="8"/>
			<cargo id="10"/>
			<cargo id="11"/>
			<cargo id="16"/>
			<cargo id="17"/>
			<cargo id="21"/>
			<cargo id="23"/>
		</impossiblecargos>
		<neighbours>
			<tank id="23"/>
			<tank id="25"/>
			<tank id="33"/>
			<tank id="22"/>
			<tank id="40"/>
			<tank id="35"/>
			<tank id="14"/>
			<tank id="5"/>
			<tank id="19"/>
			<tank id="12"/>
			<tank id="37"/>
			<tank id="30"/>
			<tank id="4"/>
			<tank id="20"/>
			<tank id="3"/>
			<tank id="2"/>
			<tank id="26"/>
			<tank id="28"/>
			<tank id="10"/>
			<tank id="9"/>
			<tank id="8"/>
			<tank id="1"/>
			<tank id="17"/>
			<tank id="36"/>
			<tank id="11"/>
			<tank id="39"/>
			<tank id="15"/>
			<tank id="32"/>
			<tank id="6"/>
		</neighbours>
	</tank>
	<tank id="14" capa="722">
		<impossiblecargos>
			<cargo id="1"/>
			<cargo id="4"/>
			<cargo id="6"/>
			<cargo id="9"/>
			<cargo id="14"/>
			<cargo id="15"/>
			<cargo id="19"/>
			<cargo id="20"/>
			<cargo id="23"/>
			<cargo id="25"/>
		</impossiblecargos>
		<neighbours>
			<tank id="34"/>
			<tank id="3"/>
			<tank id="2"/>
			<tank id="12"/>
			<tank id="20"/>
			<tank id="17"/>
			<tank id="7"/>
			<tank id="28"/>
			<tank id="22"/>
			<tank id="33"/>
			<tank id="18"/>
			<tank id="26"/>
			<tank id="13"/>
			<tank id="29"/>
			<tank id="31"/>
			<tank id="8"/>
			<tank id="24"/>
			<tank id="38"/>
			<tank id="6"/>
			<tank id="16"/>
			<tank id="10"/>
			<tank id="30"/>
			<tank id="32"/>
			<tank id="15"/>
			<tank id="19"/>
			<tank id="39"/>
			<tank id="23"/>
			<tank id="35"/>
			<tank id="1"/>
			<tank id="4"/>
			<tank id="9"/>
			<tank id="11"/>
		</neighbours>
	</tank>
	<tank id="15" capa="945">
		<impossiblecargos>
			<cargo id="1"/>
			<cargo id="3"/>
			<cargo id="7"/>
			<cargo id="8"/>
			<cargo id="12"/>
			<cargo id="13"/>
			<cargo id="15"/>
			<cargo id="16"/>
			<cargo id="20"/>
			<cargo id="21"/>
			<cargo id="22"/>
			<cargo id="24"/>
			<cargo id="25"/>
		</impossiblecargos>
		<neighbours>
			<tank id="5"/>
			<tank id="12"/>
			<tank id="40"/>
			<tank id="23"/>
			<tank id="26"/>
			<tank id="34"/>
			<tank id="38"/>
			<tank id="16"/>
			<tank id="30"/>
			<tank id="28"/>
			<tank id="33"/>
			<tank id="20"/>
			<tank id="8"/>
			<tank id="32"/>
			<tank id="10"/>
			<tank id="14"/>
			<tank id="2"/>
			<tank id="7"/>
			<tank id="31"/>
			<tank id="37"/>
			<tank id="35"/>
			<tank id="11"/>
			<tank id="3"/>
			<tank id="13"/>
			<tank id="1"/>
			<tank id="17"/>
			<tank id="19"/>
			<tank id="39"/>
			<tank id="6"/>
			<tank id="21"/>
		</neighbours>
	</tank>
	<tank id="16" capa="873">
		<impossiblecargos>
			<cargo id="3"/>
			<cargo id="5"/>
			<cargo id="9"/>
			<cargo id="10"/>
			<cargo id="11"/>
			<cargo id="14"/>
			<cargo id="17"/>
			<cargo id="18"/>
			<cargo id="23"/>
			<cargo id="24"/>
		</impossiblecargos>
		<neighbours>
			<tank id="11"/>
			<tank id="20"/>
			<tank id="24"/>
			<tank id="10"/>
			<tank id="5"/>
			<tank id="17"/>
			<tank id="30"/>
			<tank id="36"/>
			<tank id="23"/>
			<tank id="15"/>
			<tank id="7"/>
			<tank id="12"/>
			<tank id="14"/>
			<tank id="6"/>
			<tank id="1"/>
			<tank id="32"/>
			<tank id="18"/>
			<tank id="27"/>
			<tank id="28"/>
			<tank id="33"/>
			<tank id="22"/>
			<tank id="37"/>
			<tank id="2"/>
			<tank id="19"/>
			<tank id="3"/>
			<tank id="35"/>
			<tank id="31"/>
		</neighbours>
	</tank>
	<tank id="17" capa="261">
		<impossiblecargos>
			<cargo id="1"/>
			<cargo id="3"/>
			<cargo id="5"/>
			<cargo id="6"/>
			<cargo id="8"/>
			<cargo id="10"/>
			<cargo id="12"/>
			<cargo id="14"/>
			<cargo id="15"/>
			<cargo id="16"/>
			<cargo id="18"/>
			<cargo id="24"/>
			<cargo id="25"/>
		</impossiblecargos>
		<neighbours>
			<tank id="18"/>
			<tank id="14"/>
			<tank id="10"/>
			<tank id="29"/>
			<tank id="16"/>
			<tank id="2"/>
			<tank id="33"/>
			<tank id="6"/>
			<tank id="4"/>
			<tank id="26"/>
			<tank id="1"/>
			<tank id="20"/>
			<tank id="38"/>
			<tank id="27"/>
			<tank id="39"/>
			<tank id="8"/>
			<tank id="23"/>
			<tank id="21"/>
			<tank id="25"/>
			<tank id="13"/>
			<tank id="3"/>
			<tank id="30"/>
			<tank id="32"/>
			<tank id="15"/>
			<tank id="36"/>
			<tank id="11"/>
			<tank id="7"/>
			<tank id="28"/>
			<tank id="31"/>
		</neighbours>
	</tank>
	<tank id="18" capa="612">
		<impossiblecargos>
			<cargo id="4"/>
			<cargo id="6"/>
			<cargo id="8"/>
			<cargo id="9"/>
			<cargo id="10"/>
			<cargo id="11"/>
			<cargo id="12"/>
			<cargo id="13"/>
			<cargo id="17"/>
			<cargo id="19"/>
			<cargo id="24"/>
			<cargo id="25"/>
		</impossiblecargos>
		<neighbours>
			<tank id="17"/>
			<tank id="19"/>
			<tank id="21"/>
			<tank id="26"/>
			<tank id="14"/>
			<tank id="11"/>
			<tank id="29"/>
			<tank id="24"/>
			<tank id="37"/>
			<tank id="23"/>
			<tank id="20"/>
			<tank id="5"/>
			<tank id="27"/>
			<tank id="32"/>
			<tank id="40"/>
			<tank id="6"/>
			<tank id="35"/>
			<tank id="8"/>
			<tank id="12"/>
			<tank id="33"/>
			<tank id="16"/>
			<tank id="28"/>
			<tank id="10"/>
			<tank id="1"/>
			<tank id="25"/>
			<tank id="2"/>
			<tank id="7"/>
			<tank id="39"/>
			<tank id="3"/>
			<tank id="4"/>
		</neighbours>
	</tank>
	<tank id="19" capa="921">
		<impossiblecargos>
			<cargo id="2"/>
			<cargo id="3"/>
			<cargo id="6"/>
			<cargo id="7"/>
			<cargo id="8"/>
			<cargo id="9"/>
			<cargo id="13"/>
			<cargo id="17"/>
			<cargo id="18"/>
			<cargo id="19"/>
			<cargo id="20"/>
			<cargo id="21"/>
			<cargo id="22"/>
			<cargo id="24"/>
		</impossiblecargos>
		<neighbours>
			<tank id="6"/>
			<tank id="38"/>
			<tank id="3"/>
			<tank id="9"/>
			<tank id="33"/>
			<tank id="10"/>
			<tank id="18"/>
			<tank id="21"/>
			<tank id="26"/>
			<tank id="36"/>
			<tank id="7"/>
			<tank id="12"/>
			<tank id="13"/>
			<tank id="4"/>
			<tank id="31"/>
			<tank id="20"/>
			<tank id="29"/>
			<tank id="40"/>
			<tank id="24"/>
			<tank id="11"/>
			<tank id="5"/>
			<tank id="8"/>
			<tank id="14"/>
			<tank id="39"/>
			<tank id="1"/>
			<tank id="27"/>
			<tank id="15"/>
			<tank id="16"/>
			<tank id="23"/>
			<tank id="25"/>
		</neighbours>
	</tank>
	<tank id="20" capa="941">
		<impossiblecargos>
			<cargo id="1"/>
			<cargo id="6"/>
			<cargo id="10"/>
			<cargo id="12"/>
			<cargo id="13"/>
			<cargo id="14"/>
			<cargo id="19"/>
			<cargo id="25"/>
		</impossiblecargos>
		<neighbours>
			<tank id="33"/>
			<tank id="26"/>
			<tank id="30"/>
			<tank id="16"/>
			<tank id="23"/>
			<tank id="14"/>
			<tank id="5"/>
			<tank id="2"/>
			<tank id="27"/>
			<tank id="36"/>
			<tank id="37"/>
			<tank id="21"/>
			<tank id="24"/>
			<tank id="6"/>
			<tank id="40"/>
			<tank id="11"/>
			<tank id="34"/>
			<tank id="17"/>
			<tank id="3"/>
			<tank id="19"/>
			<tank id="18"/>
			<tank id="13"/>
			<tank id="29"/>
			<tank id="8"/>
			<tank id="15"/>
			<tank id="38"/>
			<tank id="25"/>
			<tank id="32"/>
			<tank id="22"/>
			<tank id="1"/>
			<tank id="39"/>
			<tank id="35"/>
			<tank id="7"/>
			<tank id="31"/>
		</neighbours>
	</tank>
	<tank id="21" capa="339">
		<impossiblecargos>
			<cargo id="1"/>
			<cargo id="4"/>
			<cargo id="5"/>
			<cargo id="6"/>
			<cargo id="7"/>
			<cargo id="9"/>
			<cargo id="10"/>
			<cargo id="11"/>
			<cargo id="13"/>
			<cargo id="14"/>
			<cargo id="15"/>
			<cargo id="17"/>
			<cargo id="18"/>
			<cargo id="19"/>
			<cargo id="20"/>
			<cargo id="22"/>
			<cargo id="23"/>
		</impossiblecargos>
		<neighbours>
			<tank id="9"/>
			<tank id="24"/>
			<tank id="12"/>
			<tank id="25"/>
			<tank id="19"/>
			<tank id="35"/>
			<tank id="18"/>
			<tank id="11"/>
			<tank id="1"/>
			<tank id="31"/>
			<tank id="2"/>
			<tank id="20"/>
			<tank id="27"/>
			<tank id="38"/>
			<tank id="33"/>
			<tank id="4"/>
			<tank id="26"/>
			<tank id="17"/>
			<tank id="34"/>
			<tank id="8"/>
			<tank id="29"/>
			<tank id="30"/>
			<tank id="36"/>
			<tank id="37"/>
			<tank id="23"/>
			<tank id="6"/>
			<tank id="3"/>
			<tank id="22"/>
			<tank id="15"/>
			<tank id="10"/>
			<tank id="5"/>
		</neighbours>
	</tank>
	<tank id="22" capa="533">
		<impossiblecargos>
			<cargo id="3"/>
			<cargo id="4"/>
			<cargo id="6"/>
			<cargo id="7"/>
			<cargo id="8"/>
			<cargo id="10"/>
			<cargo id="13"/>
			<cargo id="14"/>
			<cargo id="24"/>
		</impossiblecargos>
		<neighbours>
			<tank id="35"/>
			<tank id="4"/>
			<tank id="5"/>
			<tank id="6"/>
			<tank id="8"/>
			<tank id="38"/>
			<tank id="14"/>
			<tank id="28"/>
			<tank id="13"/>
			<tank id="40"/>
			<tank id="26"/>
			<tank id="34"/>
			<tank id="32"/>
			<tank id="23"/>
			<tank id="33"/>
			<tank id="30"/>
			<tank id="11"/>
			<tank id="37"/>
			<tank id="25"/>
			<tank id="2"/>
			<tank id="7"/>
			<tank id="12"/>
			<tank id="31"/>
			<tank id="9"/>
			<tank id="20"/>
			<tank id="16"/>
			<tank id="39"/>
			<tank id="24"/>
			<tank id="29"/>
			<tank id="21"/>
			<tank id="36"/>
		</neighbours>
	</tank>
	<tank id="23" capa="702">
		<impossiblecargos>
			<cargo id="2"/>
			<cargo id="3"/>
			<cargo id="4"/>
			<cargo id="7"/>
			<cargo id="8"/>
			<cargo id="9"/>
			<cargo id="12"/>
			<cargo id="13"/>
			<cargo id="14"/>
			<cargo id="15"/>
			<cargo id="16"/>
			<cargo id="20"/>
			<cargo id="23"/>
		</impossiblecargos>
		<neighbours>
			<tank id="39"/>
			<tank id="13"/>
			<tank id="31"/>
			<tank id="20"/>
			<tank id="4"/>
			<tank id="38"/>
			<tank id="15"/>
			<tank id="1"/>
			<tank id="12"/>
			<tank id="29"/>
			<tank id="25"/>
			<tank id="32"/>
			<tank id="16"/>
			<tank id="18"/>
			<tank id="22"/>
			<tank id="24"/>
			<tank id="30"/>
			<tank id="40"/>
			<tank id="17"/>
			<tank id="26"/>
			<tank id="5"/>
			<tank id="36"/>
			<tank id="34"/>
			<tank id="6"/>
			<tank id="35"/>
			<tank id="3"/>
			<tank id="21"/>
			<tank id="10"/>
			<tank id="14"/>
			<tank id="19"/>
			<tank id="7"/>
		</neighbours>
	</tank>
	<tank id="24" capa="260">
		<impossiblecargos>
			<cargo id="1"/>
			<cargo id="3"/>
			<cargo id="8"/>
			<cargo id="10"/>
			<cargo id="13"/>
			<cargo id="17"/>
			<cargo id="20"/>
			<cargo id="22"/>
			<cargo id="23"/>
			<cargo id="25"/>
		</impossiblecargos>
		<neighbours>
			<tank id="16"/>
			<tank id="21"/>
			<tank id="36"/>
			<tank id="38"/>
			<tank id="29"/>
			<tank id="31"/>
			<tank id="20"/>
			<tank id="14"/>
			<tank id="18"/>
			<tank id="3"/>
			<tank id="23"/>
			<tank id="40"/>
			<tank id="19"/>
			<tank id="27"/>
			<tank id="6"/>
			<tank id="7"/>
			<tank id="2"/>
			<tank id="10"/>
			<tank id="25"/>
			<tank id="33"/>
			<tank id="8"/>
			<tank id="4"/>
			<tank id="26"/>
			<tank id="22"/>
			<tank id="1"/>
			<tank id="5"/>
			<tank id="35"/>
			<tank id="28"/>
		</neighbours>
	</tank>
	<tank id="25" capa="325">
		<impossiblecargos>
			<cargo id="3"/>
			<cargo id="4"/>
			<cargo id="5"/>
			<cargo id="10"/>
			<cargo id="12"/>
			<cargo id="13"/>
			<cargo id="15"/>
			<cargo id="17"/>
			<cargo id="18"/>
			<cargo id="19"/>
			<cargo id="20"/>
			<cargo id="22"/>
			<cargo id="23"/>
			<cargo id="24"/>
			<cargo id="25"/>
		</impossiblecargos>
		<neighbours>
			<tank id="21"/>
			<tank id="29"/>
			<tank id="13"/>
			<tank id="9"/>
			<tank id="23"/>
			<tank id="10"/>
			<tank id="6"/>
			<tank id="31"/>
			<tank id="30"/>
			<tank id="26"/>
			<tank id="34"/>
			<tank id="22"/>
			<tank id="11"/>
			<tank id="24"/>
			<tank id="40"/>
			<tank id="20"/>
			<tank id="17"/>
			<tank id="32"/>
			<tank id="18"/>
			<tank id="8"/>
			<tank id="36"/>
			<tank id="4"/>
			<tank id="1"/>
			<tank id="3"/>
			<tank id="39"/>
			<tank id="19"/>
		</neighbours>
	</tank>
	<tank id="26" capa="354">
		<impossiblecargos>
			<cargo id="2"/>
			<cargo id="5"/>
			<cargo id="6"/>
			<cargo id="7"/>
			<cargo id="10"/>
			<cargo id="13"/>
			<cargo id="14"/>
			<cargo id="16"/>
			<cargo id="17"/>
			<cargo id="20"/>
			<cargo id="22"/>
			<cargo id="24"/>
		</impossiblecargos>
		<neighbours>
			<tank id="20"/>
			<tank id="8"/>
			<tank id="31"/>
			<tank id="36"/>
			<tank id="3"/>
			<tank id="39"/>
			<tank id="19"/>
			<tank id="2"/>
			<tank id="18"/>
			<tank id="28"/>
			<tank id="15"/>
			<tank id="22"/>
			<tank id="14"/>
			<tank id="10"/>
			<tank id="34"/>
			<tank id="11"/>
			<tank id="17"/>
			<tank id="12"/>
			<tank id="27"/>
			<tank id="5"/>
			<tank id="25"/>
			<tank id="1"/>
			<tank id="6"/>
			<tank id="21"/>
			<tank id="13"/>
			<tank id="32"/>
			<tank id="23"/>
			<tank id="24"/>
			<tank id="37"/>
			<tank id="9"/>
		</neighbours>
	</tank>
	<tank id="27" capa="967">
		<impossiblecargos>
			<cargo id="1"/>
			<cargo id="2"/>
			<cargo id="3"/>
			<cargo id="5"/>
			<cargo id="7"/>
			<cargo id="8"/>
			<cargo id="11"/>
			<cargo id="12"/>
			<cargo id="13"/>
			<cargo id="14"/>
			<cargo id="16"/>
			<cargo id="17"/>
			<cargo id="20"/>
			<cargo id="21"/>
			<cargo id="25"/>
		</impossiblecargos>
		<neighbours>
			<tank id="28"/>
			<tank id="12"/>
			<tank id="30"/>
			<tank id="9"/>
			<tank id="3"/>
			<tank id="20"/>
			<tank id="5"/>
			<tank id="35"/>
			<tank id="8"/>
			<tank id="21"/>
			<tank id="26"/>
			<tank id="17"/>
			<tank id="18"/>
			<tank id="24"/>
			<tank id="2"/>
			<tank id="37"/>
			<tank id="31"/>
			<tank id="7"/>
			<tank id="6"/>
			<tank id="16"/>
			<tank id="32"/>
			<tank id="40"/>
			<tank id="19"/>
			<tank id="10"/>
			<tank id="36"/>
			<tank id="33"/>
			<tank id="39"/>
		</neighbours>
	</tank>
	<tank id="28" capa="757">
		<impossiblecargos>
			<cargo id="1"/>
			<cargo id="4"/>
			<cargo id="6"/>
			<cargo id="7"/>
			<cargo id="10"/>
			<cargo id="12"/>
			<cargo id="14"/>
			<cargo id="16"/>
			<cargo id="18"/>
			<cargo id="20"/>
			<cargo id="21"/>
			<cargo id="22"/>
		</impossiblecargos>
		<neighbours>
			<tank id="27"/>
			<tank id="40"/>
			<tank id="14"/>
			<tank id="26"/>
			<tank id="22"/>
			<tank id="2"/>
			<tank id="32"/>
			<tank id="29"/>
			<tank id="4"/>
			<tank id="10"/>
			<tank id="34"/>
			<tank id="15"/>
			<tank id="6"/>
			<tank id="8"/>
			<tank id="13"/>
			<tank id="35"/>
			<tank id="16"/>
			<tank id="36"/>
			<tank id="18"/>
			<tank id="12"/>
			<tank id="11"/>
			<tank id="31"/>
			<tank id="7"/>
			<tank id="1"/>
			<tank id="17"/>
			<tank id="5"/>
			<tank id="24"/>
		</neighbours>
	</tank>
	<tank id="29" capa="521">
		<impossiblecargos>
			<cargo id="1"/>
			<cargo id="3"/>
			<cargo id="4"/>
			<cargo id="5"/>
			<cargo id="6"/>
			<cargo id="7"/>
			<cargo id="8"/>
			<cargo id="9"/>
			<cargo id="13"/>
			<cargo id="15"/>
			<cargo id="17"/>
			<cargo id="20"/>
			<cargo id="23"/>
			<cargo id="24"/>
			<cargo id="25"/>
		</impossiblecargos>
		<neighbours>
			<tank id="2"/>
			<tank id="40"/>
			<tank id="25"/>
			<tank id="17"/>
			<tank id="30"/>
			<tank id="23"/>
			<tank id="14"/>
			<tank id="24"/>
			<tank id="12"/>
			<tank id="10"/>
			<tank id="18"/>
			<tank id="32"/>
			<tank id="28"/>
			<tank id="1"/>
			<tank id="33"/>
			<tank id="6"/>
			<tank id="19"/>
			<tank id="8"/>
			<tank id="37"/>
			<tank id="20"/>
			<tank id="31"/>
			<tank id="9"/>
			<tank id="38"/>
			<tank id="21"/>
			<tank id="3"/>
			<tank id="22"/>
			<tank id="7"/>
			<tank id="34"/>
		</neighbours>
	</tank>
	<tank id="30" capa="430">
		<impossiblecargos>
			<cargo id="2"/>
			<cargo id="3"/>
			<cargo id="4"/>
			<cargo id="6"/>
			<cargo id="9"/>
			<cargo id="10"/>
			<cargo id="11"/>
			<cargo id="12"/>
			<cargo id="17"/>
			<cargo id="18"/>
			<cargo id="19"/>
			<cargo id="20"/>
			<cargo id="23"/>
			<cargo id="24"/>
		</impossiblecargos>
		<neighbours>
			<tank id="20"/>
			<tank id="27"/>
			<tank id="36"/>
			<tank id="34"/>
			<tank id="35"/>
			<tank id="40"/>
			<tank id="4"/>
			<tank id="9"/>
			<tank id="10"/>
			<tank id="29"/>
			<tank id="16"/>
			<tank id="1"/>
			<tank id="13"/>
			<tank id="32"/>
			<tank id="15"/>
			<tank id="31"/>
			<tank id="25"/>
			<tank id="22"/>
			<tank id="23"/>
			<tank id="12"/>
			<tank id="39"/>
			<tank id="6"/>
			<tank id="14"/>
			<tank id="5"/>
			<tank id="21"/>
			<tank id="8"/>
			<tank id="17"/>
		</neighbours>
	</tank>
	<tank id="31" capa="259">
		<impossiblecargos>
			<cargo id="1"/>
			<cargo id="4"/>
			<cargo id="5"/>
			<cargo id="6"/>
			<cargo id="8"/>
			<cargo id="10"/>
			<cargo id="13"/>
			<cargo id="15"/>
			<cargo id="16"/>
			<cargo id="17"/>
			<cargo id="19"/>
			<cargo id="20"/>
			<cargo id="23"/>
			<cargo id="24"/>
			<cargo id="25"/>
		</impossiblecargos>
		<neighbours>
			<tank id="36"/>
			<tank id="23"/>
			<tank id="26"/>
			<tank id="37"/>
			<tank id="6"/>
			<tank id="1"/>
			<tank id="5"/>
			<tank id="32"/>
			<tank id="21"/>
			<tank id="12"/>
			<tank id="14"/>
			<tank id="24"/>
			<tank id="4"/>
			<tank id="11"/>
			<tank id="40"/>
			<tank id="2"/>
			<tank id="19"/>
			<tank id="25"/>
			<tank id="30"/>
			<tank id="39"/>
			<tank id="3"/>
			<tank id="29"/>
			<tank id="27"/>
			<tank id="9"/>
			<tank id="7"/>
			<tank id="15"/>
			<tank id="22"/>
			<tank id="34"/>
			<tank id="38"/>
			<tank id="28"/>
			<tank id="20"/>
			<tank id="17"/>
			<tank id="16"/>
		</neighbours>
	</tank>
	<tank id="32" capa="397">
		<impossiblecargos>
			<cargo id="1"/>
			<cargo id="4"/>
			<cargo id="5"/>
			<cargo id="8"/>
			<cargo id="11"/>
			<cargo id="12"/>
			<cargo id="13"/>
			<cargo id="15"/>
			<cargo id="16"/>
			<cargo id="20"/>
			<cargo id="22"/>
			<cargo id="23"/>
		</impossiblecargos>
		<neighbours>
			<tank id="33"/>
			<tank id="39"/>
			<tank id="9"/>
			<tank id="31"/>
			<tank id="6"/>
			<tank id="7"/>
			<tank id="29"/>
			<tank id="28"/>
			<tank id="23"/>
			<tank id="22"/>
			<tank id="30"/>
			<tank id="8"/>
			<tank id="40"/>
			<tank id="38"/>
			<tank id="37"/>
			<tank id="18"/>
			<tank id="4"/>
			<tank id="15"/>
			<tank id="14"/>
			<tank id="26"/>
			<tank id="16"/>
			<tank id="12"/>
			<tank id="27"/>
			<tank id="20"/>
			<tank id="2"/>
			<tank id="17"/>
			<tank id="25"/>
			<tank id="13"/>
			<tank id="5"/>
			<tank id="10"/>
		</neighbours>
	</tank>
	<tank id="33" capa="229">
		<impossiblecargos>
			<cargo id="1"/>
			<cargo id="3"/>
			<cargo id="4"/>
			<cargo id="9"/>
			<cargo id="10"/>
			<cargo id="12"/>
			<cargo id="13"/>
			<cargo id="14"/>
			<cargo id="16"/>
			<cargo id="17"/>
			<cargo id="18"/>
			<cargo id="20"/>
			<cargo id="22"/>
			<cargo id="23"/>
			<cargo id="24"/>
		</impossiblecargos>
		<neighbours>
			<tank id="20"/>
			<tank id="32"/>
			<tank id="40"/>
			<tank id="19"/>
			<tank id="3"/>
			<tank id="34"/>
			<tank id="14"/>
			<tank id="13"/>
			<tank id="9"/>
			<tank id="39"/>
			<tank id="17"/>
			<tank id="2"/>
			<tank id="38"/>
			<tank id="21"/>
			<tank id="29"/>
			<tank id="22"/>
			<tank id="36"/>
			<tank id="15"/>
			<tank id="37"/>
			<tank id="35"/>
			<tank id="24"/>
			<tank id="18"/>
			<tank id="8"/>
			<tank id="10"/>
			<tank id="16"/>
			<tank id="27"/>
			<tank id="12"/>
			<tank id="7"/>
			<tank id="4"/>
		</neighbours>
	</tank>
	<tank id="34" capa="402">
		<impossiblecargos>
			<cargo id="1"/>
			<cargo id="2"/>
			<cargo id="4"/>
			<cargo id="5"/>
			<cargo id="7"/>
			<cargo id="8"/>
			<cargo id="9"/>
			<cargo id="11"/>
			<cargo id="14"/>
			<cargo id="15"/>
			<cargo id="16"/>
			<cargo id="19"/>
			<cargo id="23"/>
			<cargo id="24"/>
			<cargo id="25"/>
		</impossiblecargos>
		<neighbours>
			<tank id="14"/>
			<tank id="36"/>
			<tank id="30"/>
			<tank id="33"/>
			<tank id="40"/>
			<tank id="10"/>
			<tank id="15"/>
			<tank id="12"/>
			<tank id="22"/>
			<tank id="37"/>
			<tank id="26"/>
			<tank id="11"/>
			<tank id="20"/>
			<tank id="28"/>
			<tank id="2"/>
			<tank id="9"/>
			<tank id="25"/>
			<tank id="21"/>
			<tank id="5"/>
			<tank id="23"/>
			<tank id="4"/>
			<tank id="31"/>
			<tank id="3"/>
			<tank id="38"/>
			<tank id="29"/>
		</neighbours>
	</tank>
	<tank id="35" capa="644">
		<impossiblecargos>
			<cargo id="4"/>
			<cargo id="6"/>
			<cargo id="7"/>
			<cargo id="8"/>
			<cargo id="12"/>
			<cargo id="14"/>
			<cargo id="18"/>
			<cargo id="21"/>
			<cargo id="22"/>
			<cargo id="23"/>
			<cargo id="25"/>
		</impossiblecargos>
		<neighbours>
			<tank id="22"/>
			<tank id="30"/>
			<tank id="21"/>
			<tank id="3"/>
			<tank id="13"/>
			<tank id="7"/>
			<tank id="27"/>
			<tank id="40"/>
			<tank id="39"/>
			<tank id="11"/>
			<tank id="36"/>
			<tank id="5"/>
			<tank id="33"/>
			<tank id="8"/>
			<tank id="28"/>
			<tank id="18"/>
			<tank id="37"/>
			<tank id="6"/>
			<tank id="9"/>
			<tank id="38"/>
			<tank id="10"/>
			<tank id="23"/>
			<tank id="15"/>
			<tank id="20"/>
			<tank id="14"/>
			<tank id="16"/>
			<tank id="2"/>
			<tank id="24"/>
		</neighbours>
	</tank>
	<tank id="36" capa="817">
		<impossiblecargos>
			<cargo id="4"/>
			<cargo id="7"/>
			<cargo id="10"/>
			<cargo id="14"/>
			<cargo id="16"/>
			<cargo id="17"/>
			<cargo id="21"/>
		</impossiblecargos>
		<neighbours>
			<tank id="31"/>
			<tank id="34"/>
			<tank id="30"/>
			<tank id="24"/>
			<tank id="26"/>
			<tank id="7"/>
			<tank id="40"/>
			<tank id="38"/>
			<tank id="19"/>
			<tank id="20"/>
			<tank id="9"/>
			<tank id="6"/>
			<tank id="1"/>
			<tank id="16"/>
			<tank id="4"/>
			<tank id="33"/>
			<tank id="35"/>
			<tank id="8"/>
			<tank id="12"/>
			<tank id="23"/>
			<tank id="21"/>
			<tank id="28"/>
			<tank id="3"/>
			<tank id="13"/>
			<tank id="2"/>
			<tank id="39"/>
			<tank id="17"/>
			<tank id="25"/>
			<tank id="27"/>
			<tank id="22"/>
		</neighbours>
	</tank>
	<tank id="37" capa="483">
		<impossiblecargos>
			<cargo id="8"/>
			<cargo id="9"/>
			<cargo id="12"/>
			<cargo id="13"/>
			<cargo id="14"/>
			<cargo id="17"/>
			<cargo id="18"/>
			<cargo id="21"/>
			<cargo id="22"/>
			<cargo id="25"/>
		</impossiblecargos>
		<neighbours>
			<tank id="10"/>
			<tank id="11"/>
			<tank id="31"/>
			<tank id="20"/>
			<tank id="13"/>
			<tank id="34"/>
			<tank id="18"/>
			<tank id="5"/>
			<tank id="29"/>
			<tank id="32"/>
			<tank id="33"/>
			<tank id="27"/>
			<tank id="39"/>
			<tank id="22"/>
			<tank id="12"/>
			<tank id="35"/>
			<tank id="15"/>
			<tank id="6"/>
			<tank id="1"/>
			<tank id="38"/>
			<tank id="3"/>
			<tank id="21"/>
			<tank id="16"/>
			<tank id="26"/>
			<tank id="4"/>
			<tank id="7"/>
		</neighbours>
	</tank>
	<tank id="38" capa="564">
		<impossiblecargos>
			<cargo id="1"/>
			<cargo id="3"/>
			<cargo id="8"/>
			<cargo id="10"/>
			<cargo id="12"/>
			<cargo id="14"/>
			<cargo id="19"/>
			<cargo id="21"/>
		</impossiblecargos>
		<neighbours>
			<tank id="19"/>
			<tank id="4"/>
			<tank id="23"/>
			<tank id="5"/>
			<tank id="22"/>
			<tank id="2"/>
			<tank id="36"/>
			<tank id="24"/>
			<tank id="33"/>
			<tank id="21"/>
			<tank id="15"/>
			<tank id="12"/>
			<tank id="6"/>
			<tank id="17"/>
			<tank id="14"/>
			<tank id="32"/>
			<tank id="20"/>
			<tank id="29"/>
			<tank id="35"/>
			<tank id="8"/>
			<tank id="37"/>
			<tank id="31"/>
			<tank id="39"/>
			<tank id="11"/>
			<tank id="10"/>
			<tank id="40"/>
			<tank id="34"/>
		</neighbours>
	</tank>
	<tank id="39" capa="484">
		<impossiblecargos>
			<cargo id="1"/>
			<cargo id="3"/>
			<cargo id="9"/>
			<cargo id="10"/>
			<cargo id="11"/>
			<cargo id="12"/>
			<cargo id="15"/>
			<cargo id="17"/>
			<cargo id="21"/>
			<cargo id="22"/>
			<cargo id="24"/>
			<cargo id="25"/>
		</impossiblecargos>
		<neighbours>
			<tank id="23"/>
			<tank id="32"/>
			<tank id="26"/>
			<tank id="40"/>
			<tank id="33"/>
			<tank id="7"/>
			<tank id="11"/>
			<tank id="12"/>
			<tank id="9"/>
			<tank id="35"/>
			<tank id="31"/>
			<tank id="17"/>
			<tank id="30"/>
			<tank id="37"/>
			<tank id="8"/>
			<tank id="4"/>
			<tank id="2"/>
			<tank id="14"/>
			<tank id="38"/>
			<tank id="3"/>
			<tank id="19"/>
			<tank id="13"/>
			<tank id="20"/>
			<tank id="22"/>
			<tank id="36"/>
			<tank id="18"/>
			<tank id="15"/>
			<tank id="27"/>
			<tank id="25"/>
		</neighbours>
	</tank>
	<tank id="40" capa="915">
		<impossiblecargos>
			<cargo id="1"/>
			<cargo id="2"/>
			<cargo id="3"/>
			<cargo id="4"/>
			<cargo id="6"/>
			<cargo id="7"/>
			<cargo id="8"/>
			<cargo id="9"/>
			<cargo id="10"/>
			<cargo id="14"/>
			<cargo id="17"/>
			<cargo id="18"/>
			<cargo id="23"/>
		</impossiblecargos>
		<neighbours>
			<tank id="11"/>
			<tank id="33"/>
			<tank id="28"/>
			<tank id="15"/>
			<tank id="29"/>
			<tank id="30"/>
			<tank id="36"/>
			<tank id="6"/>
			<tank id="34"/>
			<tank id="39"/>
			<tank id="13"/>
			<tank id="22"/>
			<tank id="5"/>
			<tank id="35"/>
			<tank id="31"/>
			<tank id="20"/>
			<tank id="32"/>
			<tank id="24"/>
			<tank id="19"/>
			<tank id="2"/>
			<tank id="23"/>
			<tank id="18"/>
			<tank id="12"/>
			<tank id="1"/>
			<tank id="9"/>
			<tank id="10"/>
			<tank id="25"/>
			<tank id="4"/>
			<tank id="27"/>
			<tank id="38"/>
			<tank id="8"/>
		</neighbours>
	</tank>
</tanks>
</problem>
