<?xml version="1.0" encoding="UTF-8"?>
<!--
This is a random problem, generated with these parameters:
nCargo = 25
nTanks = 35
nEmptyTanks = 1
tankMinSize = 200
tankMaxSize = 1000
tankFillRatioMin = 0.5
tankFillRatioMax = 1.0
connectivityRatio = 0.75
impossibleCargoRatio = 0.75
notNeighbouringRatio = 0.25
-->
<problem>
<cargos nb="25">
	<cargo id="1" name="c1" volume="0"/>
	<cargo id="2" name="c2" volume="1397"/>
	<cargo id="3" name="c3" volume="693"/>
	<cargo id="4" name="c4" volume="1201"/>
	<cargo id="5" name="c5" volume="0"/>
	<cargo id="6" name="c6" volume="0"/>
	<cargo id="7" name="c7" volume="592"/>
	<cargo id="8" name="c8" volume="443"/>
	<cargo id="9" name="c9" volume="1165"/>
	<cargo id="10" name="c10" volume="257"/>
	<cargo id="11" name="c11" volume="0"/>
	<cargo id="12" name="c12" volume="1009"/>
	<cargo id="13" name="c13" volume="1139"/>
	<cargo id="14" name="c14" volume="366"/>
	<cargo id="15" name="c15" volume="0"/>
	<cargo id="16" name="c16" volume="0"/>
	<cargo id="17" name="c17" volume="796"/>
	<cargo id="18" name="c18" volume="1027"/>
	<cargo id="19" name="c19" volume="1199"/>
	<cargo id="20" name="c20" volume="0"/>
	<cargo id="21" name="c21" volume="441"/>
	<cargo id="22" name="c22" volume="233"/>
	<cargo id="23" name="c23" volume="1731"/>
	<cargo id="24" name="c24" volume="1168"/>
	<cargo id="25" name="c25" volume="396"/>
</cargos>
<incompatibles>
	<incompatible cargo1="1"  cargo2="9"/>
	<incompatible cargo1="1"  cargo2="16"/>
	<incompatible cargo1="1"  cargo2="19"/>
	<incompatible cargo1="1"  cargo2="22"/>
	<incompatible cargo1="1"  cargo2="23"/>
	<incompatible cargo1="1"  cargo2="24"/>
	<incompatible cargo1="2"  cargo2="5"/>
	<incompatible cargo1="3"  cargo2="11"/>
	<incompatible cargo1="3"  cargo2="15"/>
	<incompatible cargo1="3"  cargo2="24"/>
	<incompatible cargo1="4"  cargo2="11"/>
	<incompatible cargo1="4"  cargo2="17"/>
	<incompatible cargo1="5"  cargo2="7"/>
	<incompatible cargo1="5"  cargo2="10"/>
	<incompatible cargo1="5"  cargo2="12"/>
	<incompatible cargo1="5"  cargo2="17"/>
	<incompatible cargo1="5"  cargo2="18"/>
	<incompatible cargo1="5"  cargo2="21"/>
	<incompatible cargo1="6"  cargo2="14"/>
	<incompatible cargo1="6"  cargo2="19"/>
	<incompatible cargo1="6"  cargo2="22"/>
	<incompatible cargo1="6"  cargo2="23"/>
	<incompatible cargo1="7"  cargo2="16"/>
	<incompatible cargo1="8"  cargo2="11"/>
	<incompatible cargo1="8"  cargo2="16"/>
	<incompatible cargo1="8"  cargo2="25"/>
	<incompatible cargo1="10"  cargo2="15"/>
	<incompatible cargo1="10"  cargo2="17"/>
	<incompatible cargo1="10"  cargo2="25"/>
	<incompatible cargo1="11"  cargo2="19"/>
	<incompatible cargo1="14"  cargo2="24"/>
	<incompatible cargo1="15"  cargo2="24"/>
	<incompatible cargo1="15"  cargo2="25"/>
	<incompatible cargo1="16"  cargo2="18"/>
	<incompatible cargo1="16"  cargo2="20"/>
	<incompatible cargo1="16"  cargo2="25"/>
	<incompatible cargo1="19"  cargo2="20"/>
	<incompatible cargo1="20"  cargo2="21"/>
	<incompatible cargo1="20"  cargo2="23"/>
</incompatibles>
<tanks nb="35">
	<tank id="1" capa="326">
		<impossiblecargos>
			<cargo id="1"/>
			<cargo id="2"/>
			<cargo id="4"/>
			<cargo id="6"/>
			<cargo id="7"/>
			<cargo id="11"/>
			<cargo id="12"/>
			<cargo id="13"/>
			<cargo id="14"/>
			<cargo id="15"/>
			<cargo id="19"/>
			<cargo id="20"/>
			<cargo id="22"/>
			<cargo id="23"/>
			<cargo id="24"/>
			<cargo id="25"/>
		</impossiblecargos>
		<neighbours>
			<tank id="8"/>
			<tank id="24"/>
			<tank id="16"/>
			<tank id="27"/>
			<tank id="5"/>
			<tank id="25"/>
			<tank id="6"/>
			<tank id="30"/>
			<tank id="29"/>
			<tank id="10"/>
			<tank id="18"/>
			<tank id="3"/>
			<tank id="20"/>
			<tank id="26"/>
			<tank id="11"/>
			<tank id="14"/>
			<tank id="21"/>
			<tank id="32"/>
			<tank id="19"/>
			<tank id="35"/>
			<tank id="28"/>
			<tank id="12"/>
		</neighbours>
	</tank>
	<tank id="2" capa="445">
		<impossiblecargos>
			<cargo id="1"/>
			<cargo id="3"/>
			<cargo id="4"/>
			<cargo id="5"/>
			<cargo id="6"/>
			<cargo id="7"/>
			<cargo id="8"/>
			<cargo id="11"/>
			<cargo id="12"/>
			<cargo id="14"/>
			<cargo id="15"/>
			<cargo id="18"/>
			<cargo id="19"/>
			<cargo id="21"/>
			<cargo id="22"/>
			<cargo id="23"/>
			<cargo id="24"/>
			<cargo id="25"/>
		</impossiblecargos>
		<neighbours>
			<tank id="25"/>
			<tank id="30"/>
			<tank id="4"/>
			<tank id="21"/>
			<tank id="28"/>
			<tank id="31"/>
			<tank id="12"/>
			<tank id="10"/>
			<tank id="29"/>
			<tank id="23"/>
			<tank id="13"/>
			<tank id="6"/>
			<tank id="15"/>
			<tank id="7"/>
			<tank id="22"/>
			<tank id="14"/>
			<tank id="19"/>
			<tank id="17"/>
			<tank id="5"/>
			<tank id="9"/>
			<tank id="11"/>
			<tank id="16"/>
			<tank id="3"/>
			<tank id="18"/>
			<tank id="20"/>
		</neighbours>
	</tank>
	<tank id="3" capa="785">
		<impossiblecargos>
			<cargo id="1"/>
			<cargo id="3"/>
			<cargo id="5"/>
			<cargo id="6"/>
			<cargo id="7"/>
			<cargo id="8"/>
			<cargo id="9"/>
			<cargo id="10"/>
			<cargo id="12"/>
			<cargo id="13"/>
			<cargo id="15"/>
			<cargo id="16"/>
			<cargo id="17"/>
			<cargo id="19"/>
			<cargo id="22"/>
			<cargo id="24"/>
			<cargo id="25"/>
		</impossiblecargos>
		<neighbours>
			<tank id="32"/>
			<tank id="33"/>
			<tank id="11"/>
			<tank id="19"/>
			<tank id="21"/>
			<tank id="8"/>
			<tank id="1"/>
			<tank id="6"/>
			<tank id="18"/>
			<tank id="30"/>
			<tank id="35"/>
			<tank id="26"/>
			<tank id="10"/>
			<tank id="29"/>
			<tank id="4"/>
			<tank id="20"/>
			<tank id="9"/>
			<tank id="24"/>
			<tank id="31"/>
			<tank id="14"/>
			<tank id="7"/>
			<tank id="2"/>
			<tank id="5"/>
			<tank id="17"/>
			<tank id="12"/>
		</neighbours>
	</tank>
	<tank id="4" capa="785">
		<impossiblecargos>
			<cargo id="1"/>
			<cargo id="2"/>
			<cargo id="3"/>
			<cargo id="4"/>
			<cargo id="6"/>
			<cargo id="8"/>
			<cargo id="9"/>
			<cargo id="11"/>
			<cargo id="13"/>
			<cargo id="14"/>
			<cargo id="17"/>
			<cargo id="18"/>
			<cargo id="19"/>
			<cargo id="21"/>
			<cargo id="22"/>
			<cargo id="23"/>
			<cargo id="25"/>
		</impossiblecargos>
		<neighbours>
			<tank id="26"/>
			<tank id="2"/>
			<tank id="29"/>
			<tank id="25"/>
			<tank id="15"/>
			<tank id="20"/>
			<tank id="21"/>
			<tank id="19"/>
			<tank id="18"/>
			<tank id="35"/>
			<tank id="9"/>
			<tank id="6"/>
			<tank id="27"/>
			<tank id="5"/>
			<tank id="32"/>
			<tank id="17"/>
			<tank id="28"/>
			<tank id="3"/>
			<tank id="16"/>
			<tank id="13"/>
			<tank id="8"/>
			<tank id="7"/>
			<tank id="23"/>
			<tank id="10"/>
			<tank id="34"/>
			<tank id="22"/>
		</neighbours>
	</tank>
	<tank id="5" capa="699">
		<impossiblecargos>
			<cargo id="1"/>
			<cargo id="3"/>
			<cargo id="4"/>
			<cargo id="6"/>
			<cargo id="7"/>
			<cargo id="8"/>
			<cargo id="10"/>
			<cargo id="11"/>
			<cargo id="12"/>
			<cargo id="16"/>
			<cargo id="17"/>
			<cargo id="18"/>
			<cargo id="19"/>
			<cargo id="21"/>
			<cargo id="23"/>
		</impossiblecargos>
		<neighbours>
			<tank id="30"/>
			<tank id="20"/>
			<tank id="15"/>
			<tank id="11"/>
			<tank id="6"/>
			<tank id="1"/>
			<tank id="7"/>
			<tank id="34"/>
			<tank id="13"/>
			<tank id="29"/>
			<tank id="16"/>
			<tank id="4"/>
			<tank id="31"/>
			<tank id="14"/>
			<tank id="18"/>
			<tank id="8"/>
			<tank id="17"/>
			<tank id="33"/>
			<tank id="32"/>
			<tank id="2"/>
			<tank id="26"/>
			<tank id="3"/>
			<tank id="22"/>
			<tank id="10"/>
		</neighbours>
	</tank>
	<tank id="6" capa="850">
		<impossiblecargos>
			<cargo id="1"/>
			<cargo id="2"/>
			<cargo id="3"/>
			<cargo id="5"/>
			<cargo id="7"/>
			<cargo id="8"/>
			<cargo id="9"/>
			<cargo id="10"/>
			<cargo id="11"/>
			<cargo id="12"/>
			<cargo id="13"/>
			<cargo id="14"/>
			<cargo id="15"/>
			<cargo id="16"/>
			<cargo id="17"/>
			<cargo id="21"/>
			<cargo id="23"/>
			<cargo id="25"/>
		</impossiblecargos>
		<neighbours>
			<tank id="15"/>
			<tank id="33"/>
			<tank id="7"/>
			<tank id="17"/>
			<tank id="32"/>
			<tank id="13"/>
			<tank id="5"/>
			<tank id="25"/>
			<tank id="1"/>
			<tank id="4"/>
			<tank id="30"/>
			<tank id="11"/>
			<tank id="2"/>
			<tank id="12"/>
			<tank id="3"/>
			<tank id="19"/>
			<tank id="8"/>
			<tank id="21"/>
			<tank id="16"/>
			<tank id="9"/>
			<tank id="14"/>
			<tank id="29"/>
			<tank id="31"/>
			<tank id="22"/>
			<tank id="18"/>
			<tank id="34"/>
			<tank id="10"/>
		</neighbours>
	</tank>
	<tank id="7" capa="898">
		<impossiblecargos>
			<cargo id="1"/>
			<cargo id="2"/>
			<cargo id="4"/>
			<cargo id="5"/>
			<cargo id="7"/>
			<cargo id="8"/>
			<cargo id="10"/>
			<cargo id="11"/>
			<cargo id="12"/>
			<cargo id="13"/>
			<cargo id="14"/>
			<cargo id="15"/>
			<cargo id="16"/>
			<cargo id="17"/>
			<cargo id="18"/>
			<cargo id="19"/>
			<cargo id="20"/>
			<cargo id="21"/>
			<cargo id="22"/>
			<cargo id="23"/>
			<cargo id="24"/>
		</impossiblecargos>
		<neighbours>
			<tank id="16"/>
			<tank id="6"/>
			<tank id="34"/>
			<tank id="18"/>
			<tank id="5"/>
			<tank id="28"/>
			<tank id="31"/>
			<tank id="12"/>
			<tank id="11"/>
			<tank id="10"/>
			<tank id="24"/>
			<tank id="2"/>
			<tank id="32"/>
			<tank id="26"/>
			<tank id="23"/>
			<tank id="19"/>
			<tank id="35"/>
			<tank id="17"/>
			<tank id="15"/>
			<tank id="29"/>
			<tank id="14"/>
			<tank id="4"/>
			<tank id="30"/>
			<tank id="3"/>
			<tank id="13"/>
		</neighbours>
	</tank>
	<tank id="8" capa="471">
		<impossiblecargos>
			<cargo id="3"/>
			<cargo id="4"/>
			<cargo id="8"/>
			<cargo id="9"/>
			<cargo id="10"/>
			<cargo id="11"/>
			<cargo id="13"/>
			<cargo id="14"/>
			<cargo id="15"/>
			<cargo id="16"/>
			<cargo id="19"/>
			<cargo id="20"/>
			<cargo id="21"/>
			<cargo id="22"/>
			<cargo id="23"/>
			<cargo id="24"/>
			<cargo id="25"/>
		</impossiblecargos>
		<neighbours>
			<tank id="1"/>
			<tank id="9"/>
			<tank id="14"/>
			<tank id="12"/>
			<tank id="30"/>
			<tank id="3"/>
			<tank id="21"/>
			<tank id="13"/>
			<tank id="10"/>
			<tank id="31"/>
			<tank id="6"/>
			<tank id="20"/>
			<tank id="5"/>
			<tank id="27"/>
			<tank id="35"/>
			<tank id="32"/>
			<tank id="4"/>
			<tank id="24"/>
			<tank id="23"/>
			<tank id="11"/>
			<tank id="26"/>
			<tank id="16"/>
			<tank id="19"/>
			<tank id="25"/>
			<tank id="18"/>
		</neighbours>
	</tank>
	<tank id="9" capa="373">
		<impossiblecargos>
			<cargo id="1"/>
			<cargo id="2"/>
			<cargo id="4"/>
			<cargo id="5"/>
			<cargo id="6"/>
			<cargo id="7"/>
			<cargo id="8"/>
			<cargo id="9"/>
			<cargo id="10"/>
			<cargo id="11"/>
			<cargo id="13"/>
			<cargo id="15"/>
			<cargo id="19"/>
			<cargo id="20"/>
			<cargo id="21"/>
			<cargo id="25"/>
		</impossiblecargos>
		<neighbours>
			<tank id="18"/>
			<tank id="33"/>
			<tank id="8"/>
			<tank id="28"/>
			<tank id="12"/>
			<tank id="25"/>
			<tank id="31"/>
			<tank id="4"/>
			<tank id="10"/>
			<tank id="11"/>
			<tank id="15"/>
			<tank id="20"/>
			<tank id="26"/>
			<tank id="13"/>
			<tank id="24"/>
			<tank id="22"/>
			<tank id="34"/>
			<tank id="6"/>
			<tank id="19"/>
			<tank id="3"/>
			<tank id="29"/>
			<tank id="2"/>
			<tank id="16"/>
			<tank id="21"/>
			<tank id="32"/>
			<tank id="30"/>
		</neighbours>
	</tank>
	<tank id="10" capa="699">
		<impossiblecargos>
			<cargo id="2"/>
			<cargo id="3"/>
			<cargo id="4"/>
			<cargo id="5"/>
			<cargo id="6"/>
			<cargo id="7"/>
			<cargo id="8"/>
			<cargo id="9"/>
			<cargo id="10"/>
			<cargo id="13"/>
			<cargo id="14"/>
			<cargo id="15"/>
			<cargo id="20"/>
			<cargo id="21"/>
			<cargo id="22"/>
			<cargo id="23"/>
			<cargo id="24"/>
			<cargo id="25"/>
		</impossiblecargos>
		<neighbours>
			<tank id="16"/>
			<tank id="32"/>
			<tank id="25"/>
			<tank id="33"/>
			<tank id="21"/>
			<tank id="2"/>
			<tank id="19"/>
			<tank id="1"/>
			<tank id="34"/>
			<tank id="12"/>
			<tank id="7"/>
			<tank id="23"/>
			<tank id="9"/>
			<tank id="17"/>
			<tank id="8"/>
			<tank id="13"/>
			<tank id="3"/>
			<tank id="27"/>
			<tank id="31"/>
			<tank id="11"/>
			<tank id="14"/>
			<tank id="4"/>
			<tank id="30"/>
			<tank id="29"/>
			<tank id="18"/>
			<tank id="20"/>
			<tank id="6"/>
			<tank id="5"/>
		</neighbours>
	</tank>
	<tank id="11" capa="586">
		<impossiblecargos>
			<cargo id="1"/>
			<cargo id="2"/>
			<cargo id="3"/>
			<cargo id="4"/>
			<cargo id="6"/>
			<cargo id="7"/>
			<cargo id="8"/>
			<cargo id="9"/>
			<cargo id="10"/>
			<cargo id="11"/>
			<cargo id="12"/>
			<cargo id="13"/>
			<cargo id="14"/>
			<cargo id="15"/>
			<cargo id="16"/>
			<cargo id="17"/>
			<cargo id="18"/>
			<cargo id="20"/>
			<cargo id="21"/>
			<cargo id="22"/>
			<cargo id="23"/>
			<cargo id="25"/>
		</impossiblecargos>
		<neighbours>
			<tank id="31"/>
			<tank id="3"/>
			<tank id="13"/>
			<tank id="5"/>
			<tank id="23"/>
			<tank id="7"/>
			<tank id="32"/>
			<tank id="17"/>
			<tank id="6"/>
			<tank id="34"/>
			<tank id="9"/>
			<tank id="28"/>
			<tank id="1"/>
			<tank id="12"/>
			<tank id="25"/>
			<tank id="21"/>
			<tank id="27"/>
			<tank id="35"/>
			<tank id="19"/>
			<tank id="10"/>
			<tank id="26"/>
			<tank id="16"/>
			<tank id="8"/>
			<tank id="2"/>
			<tank id="30"/>
			<tank id="24"/>
			<tank id="33"/>
			<tank id="29"/>
		</neighbours>
	</tank>
	<tank id="12" capa="396">
		<impossiblecargos>
			<cargo id="3"/>
			<cargo id="8"/>
			<cargo id="9"/>
			<cargo id="10"/>
			<cargo id="11"/>
			<cargo id="13"/>
			<cargo id="14"/>
			<cargo id="15"/>
			<cargo id="16"/>
			<cargo id="17"/>
			<cargo id="19"/>
			<cargo id="20"/>
			<cargo id="21"/>
			<cargo id="22"/>
			<cargo id="23"/>
			<cargo id="24"/>
			<cargo id="25"/>
		</impossiblecargos>
		<neighbours>
			<tank id="2"/>
			<tank id="27"/>
			<tank id="8"/>
			<tank id="21"/>
			<tank id="9"/>
			<tank id="7"/>
			<tank id="19"/>
			<tank id="32"/>
			<tank id="16"/>
			<tank id="10"/>
			<tank id="6"/>
			<tank id="29"/>
			<tank id="15"/>
			<tank id="24"/>
			<tank id="25"/>
			<tank id="30"/>
			<tank id="11"/>
			<tank id="35"/>
			<tank id="22"/>
			<tank id="34"/>
			<tank id="23"/>
			<tank id="31"/>
			<tank id="33"/>
			<tank id="18"/>
			<tank id="17"/>
			<tank id="1"/>
			<tank id="3"/>
			<tank id="13"/>
			<tank id="14"/>
		</neighbours>
	</tank>
	<tank id="13" capa="393">
		<impossiblecargos>
			<cargo id="1"/>
			<cargo id="3"/>
			<cargo id="6"/>
			<cargo id="7"/>
			<cargo id="8"/>
			<cargo id="9"/>
			<cargo id="10"/>
			<cargo id="11"/>
			<cargo id="12"/>
			<cargo id="13"/>
			<cargo id="14"/>
			<cargo id="16"/>
			<cargo id="17"/>
			<cargo id="18"/>
			<cargo id="20"/>
			<cargo id="21"/>
			<cargo id="22"/>
			<cargo id="23"/>
			<cargo id="24"/>
		</impossiblecargos>
		<neighbours>
			<tank id="20"/>
			<tank id="24"/>
			<tank id="6"/>
			<tank id="11"/>
			<tank id="22"/>
			<tank id="17"/>
			<tank id="5"/>
			<tank id="2"/>
			<tank id="8"/>
			<tank id="23"/>
			<tank id="16"/>
			<tank id="35"/>
			<tank id="10"/>
			<tank id="9"/>
			<tank id="34"/>
			<tank id="4"/>
			<tank id="26"/>
			<tank id="27"/>
			<tank id="14"/>
			<tank id="7"/>
			<tank id="28"/>
			<tank id="30"/>
			<tank id="32"/>
			<tank id="12"/>
		</neighbours>
	</tank>
	<tank id="14" capa="304">
		<impossiblecargos>
			<cargo id="1"/>
			<cargo id="2"/>
			<cargo id="3"/>
			<cargo id="4"/>
			<cargo id="5"/>
			<cargo id="6"/>
			<cargo id="7"/>
			<cargo id="8"/>
			<cargo id="9"/>
			<cargo id="12"/>
			<cargo id="13"/>
			<cargo id="15"/>
			<cargo id="17"/>
			<cargo id="18"/>
			<cargo id="19"/>
			<cargo id="20"/>
			<cargo id="21"/>
			<cargo id="22"/>
			<cargo id="23"/>
			<cargo id="24"/>
		</impossiblecargos>
		<neighbours>
			<tank id="30"/>
			<tank id="8"/>
			<tank id="16"/>
			<tank id="20"/>
			<tank id="18"/>
			<tank id="25"/>
			<tank id="31"/>
			<tank id="15"/>
			<tank id="34"/>
			<tank id="19"/>
			<tank id="22"/>
			<tank id="2"/>
			<tank id="26"/>
			<tank id="33"/>
			<tank id="5"/>
			<tank id="23"/>
			<tank id="1"/>
			<tank id="32"/>
			<tank id="21"/>
			<tank id="7"/>
			<tank id="6"/>
			<tank id="10"/>
			<tank id="3"/>
			<tank id="13"/>
			<tank id="27"/>
			<tank id="12"/>
		</neighbours>
	</tank>
	<tank id="15" capa="461">
		<impossiblecargos>
			<cargo id="1"/>
			<cargo id="2"/>
			<cargo id="4"/>
			<cargo id="6"/>
			<cargo id="7"/>
			<cargo id="9"/>
			<cargo id="10"/>
			<cargo id="12"/>
			<cargo id="14"/>
			<cargo id="15"/>
			<cargo id="16"/>
			<cargo id="17"/>
			<cargo id="18"/>
			<cargo id="19"/>
			<cargo id="22"/>
			<cargo id="23"/>
			<cargo id="24"/>
		</impossiblecargos>
		<neighbours>
			<tank id="6"/>
			<tank id="5"/>
			<tank id="4"/>
			<tank id="19"/>
			<tank id="23"/>
			<tank id="26"/>
			<tank id="14"/>
			<tank id="2"/>
			<tank id="12"/>
			<tank id="9"/>
			<tank id="28"/>
			<tank id="17"/>
			<tank id="29"/>
			<tank id="7"/>
			<tank id="18"/>
			<tank id="27"/>
			<tank id="20"/>
			<tank id="24"/>
			<tank id="16"/>
			<tank id="32"/>
			<tank id="35"/>
			<tank id="31"/>
			<tank id="34"/>
		</neighbours>
	</tank>
	<tank id="16" capa="301">
		<impossiblecargos>
			<cargo id="2"/>
			<cargo id="3"/>
			<cargo id="4"/>
			<cargo id="5"/>
			<cargo id="6"/>
			<cargo id="7"/>
			<cargo id="8"/>
			<cargo id="9"/>
			<cargo id="10"/>
			<cargo id="13"/>
			<cargo id="16"/>
			<cargo id="18"/>
			<cargo id="19"/>
			<cargo id="20"/>
			<cargo id="21"/>
			<cargo id="22"/>
			<cargo id="24"/>
			<cargo id="25"/>
		</impossiblecargos>
		<neighbours>
			<tank id="10"/>
			<tank id="7"/>
			<tank id="1"/>
			<tank id="25"/>
			<tank id="24"/>
			<tank id="14"/>
			<tank id="22"/>
			<tank id="12"/>
			<tank id="5"/>
			<tank id="28"/>
			<tank id="26"/>
			<tank id="31"/>
			<tank id="13"/>
			<tank id="34"/>
			<tank id="17"/>
			<tank id="32"/>
			<tank id="6"/>
			<tank id="4"/>
			<tank id="35"/>
			<tank id="21"/>
			<tank id="15"/>
			<tank id="9"/>
			<tank id="11"/>
			<tank id="33"/>
			<tank id="2"/>
			<tank id="20"/>
			<tank id="19"/>
			<tank id="8"/>
			<tank id="23"/>
			<tank id="30"/>
		</neighbours>
	</tank>
	<tank id="17" capa="529">
		<impossiblecargos>
			<cargo id="1"/>
			<cargo id="2"/>
			<cargo id="3"/>
			<cargo id="4"/>
			<cargo id="5"/>
			<cargo id="6"/>
			<cargo id="7"/>
			<cargo id="9"/>
			<cargo id="10"/>
			<cargo id="11"/>
			<cargo id="12"/>
			<cargo id="13"/>
			<cargo id="14"/>
			<cargo id="15"/>
			<cargo id="16"/>
			<cargo id="17"/>
			<cargo id="18"/>
			<cargo id="19"/>
			<cargo id="20"/>
			<cargo id="21"/>
			<cargo id="22"/>
			<cargo id="24"/>
		</impossiblecargos>
		<neighbours>
			<tank id="27"/>
			<tank id="25"/>
			<tank id="34"/>
			<tank id="6"/>
			<tank id="13"/>
			<tank id="11"/>
			<tank id="26"/>
			<tank id="10"/>
			<tank id="18"/>
			<tank id="16"/>
			<tank id="2"/>
			<tank id="23"/>
			<tank id="5"/>
			<tank id="4"/>
			<tank id="15"/>
			<tank id="30"/>
			<tank id="7"/>
			<tank id="35"/>
			<tank id="29"/>
			<tank id="12"/>
			<tank id="3"/>
			<tank id="33"/>
			<tank id="24"/>
			<tank id="31"/>
		</neighbours>
	</tank>
	<tank id="18" capa="294">
		<impossiblecargos>
			<cargo id="2"/>
			<cargo id="3"/>
			<cargo id="5"/>
			<cargo id="6"/>
			<cargo id="7"/>
			<cargo id="8"/>
			<cargo id="9"/>
			<cargo id="10"/>
			<cargo id="11"/>
			<cargo id="13"/>
			<cargo id="14"/>
			<cargo id="16"/>
			<cargo id="17"/>
			<cargo id="19"/>
			<cargo id="20"/>
			<cargo id="21"/>
			<cargo id="25"/>
		</impossiblecargos>
		<neighbours>
			<tank id="31"/>
			<tank id="9"/>
			<tank id="27"/>
			<tank id="7"/>
			<tank id="28"/>
			<tank id="29"/>
			<tank id="4"/>
			<tank id="14"/>
			<tank id="1"/>
			<tank id="35"/>
			<tank id="17"/>
			<tank id="3"/>
			<tank id="5"/>
			<tank id="22"/>
			<tank id="26"/>
			<tank id="15"/>
			<tank id="21"/>
			<tank id="32"/>
			<tank id="10"/>
			<tank id="12"/>
			<tank id="19"/>
			<tank id="6"/>
			<tank id="2"/>
			<tank id="30"/>
			<tank id="23"/>
			<tank id="8"/>
		</neighbours>
	</tank>
	<tank id="19" capa="729">
		<impossiblecargos>
			<cargo id="3"/>
			<cargo id="4"/>
			<cargo id="5"/>
			<cargo id="9"/>
			<cargo id="10"/>
			<cargo id="11"/>
			<cargo id="14"/>
			<cargo id="15"/>
			<cargo id="17"/>
			<cargo id="18"/>
			<cargo id="19"/>
			<cargo id="21"/>
			<cargo id="22"/>
			<cargo id="23"/>
			<cargo id="25"/>
		</impossiblecargos>
		<neighbours>
			<tank id="22"/>
			<tank id="24"/>
			<tank id="15"/>
			<tank id="4"/>
			<tank id="32"/>
			<tank id="10"/>
			<tank id="3"/>
			<tank id="12"/>
			<tank id="29"/>
			<tank id="14"/>
			<tank id="6"/>
			<tank id="2"/>
			<tank id="7"/>
			<tank id="21"/>
			<tank id="9"/>
			<tank id="1"/>
			<tank id="11"/>
			<tank id="26"/>
			<tank id="30"/>
			<tank id="31"/>
			<tank id="27"/>
			<tank id="18"/>
			<tank id="16"/>
			<tank id="8"/>
		</neighbours>
	</tank>
	<tank id="20" capa="388">
		<impossiblecargos>
			<cargo id="1"/>
			<cargo id="3"/>
			<cargo id="4"/>
			<cargo id="6"/>
			<cargo id="8"/>
			<cargo id="9"/>
			<cargo id="11"/>
			<cargo id="12"/>
			<cargo id="14"/>
			<cargo id="15"/>
			<cargo id="16"/>
			<cargo id="17"/>
			<cargo id="18"/>
			<cargo id="19"/>
			<cargo id="22"/>
			<cargo id="23"/>
			<cargo id="25"/>
		</impossiblecargos>
		<neighbours>
			<tank id="13"/>
			<tank id="23"/>
			<tank id="5"/>
			<tank id="21"/>
			<tank id="4"/>
			<tank id="14"/>
			<tank id="27"/>
			<tank id="1"/>
			<tank id="9"/>
			<tank id="8"/>
			<tank id="24"/>
			<tank id="26"/>
			<tank id="33"/>
			<tank id="3"/>
			<tank id="22"/>
			<tank id="15"/>
			<tank id="29"/>
			<tank id="28"/>
			<tank id="35"/>
			<tank id="16"/>
			<tank id="34"/>
			<tank id="10"/>
			<tank id="32"/>
			<tank id="30"/>
			<tank id="2"/>
		</neighbours>
	</tank>
	<tank id="21" capa="861">
		<impossiblecargos>
			<cargo id="1"/>
			<cargo id="2"/>
			<cargo id="3"/>
			<cargo id="4"/>
			<cargo id="5"/>
			<cargo id="6"/>
			<cargo id="7"/>
			<cargo id="8"/>
			<cargo id="9"/>
			<cargo id="11"/>
			<cargo id="12"/>
			<cargo id="14"/>
			<cargo id="15"/>
			<cargo id="16"/>
			<cargo id="18"/>
			<cargo id="19"/>
			<cargo id="20"/>
			<cargo id="21"/>
			<cargo id="22"/>
			<cargo id="23"/>
		</impossiblecargos>
		<neighbours>
			<tank id="2"/>
			<tank id="20"/>
			<tank id="4"/>
			<tank id="10"/>
			<tank id="32"/>
			<tank id="23"/>
			<tank id="12"/>
			<tank id="24"/>
			<tank id="28"/>
			<tank id="35"/>
			<tank id="3"/>
			<tank id="8"/>
			<tank id="31"/>
			<tank id="6"/>
			<tank id="1"/>
			<tank id="19"/>
			<tank id="25"/>
			<tank id="11"/>
			<tank id="14"/>
			<tank id="18"/>
			<tank id="16"/>
			<tank id="9"/>
			<tank id="22"/>
			<tank id="27"/>
			<tank id="33"/>
			<tank id="26"/>
			<tank id="30"/>
			<tank id="34"/>
		</neighbours>
	</tank>
	<tank id="22" capa="998">
		<impossiblecargos>
			<cargo id="1"/>
			<cargo id="2"/>
			<cargo id="3"/>
			<cargo id="5"/>
			<cargo id="6"/>
			<cargo id="8"/>
			<cargo id="10"/>
			<cargo id="11"/>
			<cargo id="12"/>
			<cargo id="14"/>
			<cargo id="16"/>
			<cargo id="17"/>
			<cargo id="19"/>
			<cargo id="20"/>
			<cargo id="21"/>
			<cargo id="22"/>
			<cargo id="23"/>
			<cargo id="24"/>
			<cargo id="25"/>
		</impossiblecargos>
		<neighbours>
			<tank id="19"/>
			<tank id="28"/>
			<tank id="27"/>
			<tank id="13"/>
			<tank id="25"/>
			<tank id="16"/>
			<tank id="31"/>
			<tank id="24"/>
			<tank id="33"/>
			<tank id="2"/>
			<tank id="14"/>
			<tank id="9"/>
			<tank id="12"/>
			<tank id="32"/>
			<tank id="18"/>
			<tank id="26"/>
			<tank id="20"/>
			<tank id="21"/>
			<tank id="6"/>
			<tank id="5"/>
			<tank id="30"/>
			<tank id="4"/>
			<tank id="29"/>
		</neighbours>
	</tank>
	<tank id="23" capa="261">
		<impossiblecargos>
			<cargo id="1"/>
			<cargo id="2"/>
			<cargo id="3"/>
			<cargo id="4"/>
			<cargo id="5"/>
			<cargo id="6"/>
			<cargo id="7"/>
			<cargo id="8"/>
			<cargo id="10"/>
			<cargo id="11"/>
			<cargo id="12"/>
			<cargo id="13"/>
			<cargo id="14"/>
			<cargo id="15"/>
			<cargo id="16"/>
			<cargo id="17"/>
			<cargo id="18"/>
			<cargo id="20"/>
			<cargo id="21"/>
			<cargo id="22"/>
			<cargo id="23"/>
			<cargo id="24"/>
			<cargo id="25"/>
		</impossiblecargos>
		<neighbours>
			<tank id="20"/>
			<tank id="11"/>
			<tank id="15"/>
			<tank id="21"/>
			<tank id="27"/>
			<tank id="2"/>
			<tank id="32"/>
			<tank id="10"/>
			<tank id="13"/>
			<tank id="33"/>
			<tank id="14"/>
			<tank id="7"/>
			<tank id="17"/>
			<tank id="31"/>
			<tank id="12"/>
			<tank id="4"/>
			<tank id="35"/>
			<tank id="8"/>
			<tank id="25"/>
			<tank id="18"/>
			<tank id="28"/>
			<tank id="29"/>
			<tank id="16"/>
		</neighbours>
	</tank>
	<tank id="24" capa="753">
		<impossiblecargos>
			<cargo id="1"/>
			<cargo id="2"/>
			<cargo id="3"/>
			<cargo id="4"/>
			<cargo id="7"/>
			<cargo id="8"/>
			<cargo id="9"/>
			<cargo id="10"/>
			<cargo id="11"/>
			<cargo id="12"/>
			<cargo id="14"/>
			<cargo id="16"/>
			<cargo id="18"/>
			<cargo id="20"/>
			<cargo id="21"/>
			<cargo id="22"/>
			<cargo id="23"/>
			<cargo id="24"/>
			<cargo id="25"/>
		</impossiblecargos>
		<neighbours>
			<tank id="28"/>
			<tank id="1"/>
			<tank id="13"/>
			<tank id="19"/>
			<tank id="33"/>
			<tank id="16"/>
			<tank id="21"/>
			<tank id="31"/>
			<tank id="35"/>
			<tank id="32"/>
			<tank id="22"/>
			<tank id="7"/>
			<tank id="30"/>
			<tank id="12"/>
			<tank id="9"/>
			<tank id="20"/>
			<tank id="3"/>
			<tank id="15"/>
			<tank id="8"/>
			<tank id="27"/>
			<tank id="11"/>
			<tank id="25"/>
			<tank id="34"/>
			<tank id="26"/>
			<tank id="17"/>
		</neighbours>
	</tank>
	<tank id="25" capa="526">
		<impossiblecargos>
			<cargo id="1"/>
			<cargo id="2"/>
			<cargo id="3"/>
			<cargo id="4"/>
			<cargo id="6"/>
			<cargo id="7"/>
			<cargo id="8"/>
			<cargo id="10"/>
			<cargo id="11"/>
			<cargo id="13"/>
			<cargo id="14"/>
			<cargo id="15"/>
			<cargo id="16"/>
			<cargo id="17"/>
			<cargo id="18"/>
			<cargo id="19"/>
			<cargo id="20"/>
			<cargo id="21"/>
			<cargo id="22"/>
			<cargo id="23"/>
			<cargo id="24"/>
			<cargo id="25"/>
		</impossiblecargos>
		<neighbours>
			<tank id="2"/>
			<tank id="33"/>
			<tank id="17"/>
			<tank id="4"/>
			<tank id="10"/>
			<tank id="16"/>
			<tank id="26"/>
			<tank id="6"/>
			<tank id="32"/>
			<tank id="22"/>
			<tank id="1"/>
			<tank id="9"/>
			<tank id="14"/>
			<tank id="27"/>
			<tank id="12"/>
			<tank id="31"/>
			<tank id="34"/>
			<tank id="11"/>
			<tank id="21"/>
			<tank id="28"/>
			<tank id="29"/>
			<tank id="35"/>
			<tank id="23"/>
			<tank id="24"/>
			<tank id="8"/>
		</neighbours>
	</tank>
	<tank id="26" capa="742">
		<impossiblecargos>
			<cargo id="1"/>
			<cargo id="3"/>
			<cargo id="5"/>
			<cargo id="8"/>
			<cargo id="9"/>
			<cargo id="10"/>
			<cargo id="11"/>
			<cargo id="12"/>
			<cargo id="14"/>
			<cargo id="15"/>
			<cargo id="18"/>
			<cargo id="21"/>
			<cargo id="23"/>
			<cargo id="25"/>
		</impossiblecargos>
		<neighbours>
			<tank id="4"/>
			<tank id="25"/>
			<tank id="15"/>
			<tank id="16"/>
			<tank id="17"/>
			<tank id="27"/>
			<tank id="14"/>
			<tank id="9"/>
			<tank id="1"/>
			<tank id="28"/>
			<tank id="7"/>
			<tank id="3"/>
			<tank id="32"/>
			<tank id="33"/>
			<tank id="22"/>
			<tank id="20"/>
			<tank id="18"/>
			<tank id="30"/>
			<tank id="19"/>
			<tank id="13"/>
			<tank id="5"/>
			<tank id="34"/>
			<tank id="11"/>
			<tank id="21"/>
			<tank id="8"/>
			<tank id="31"/>
			<tank id="24"/>
		</neighbours>
	</tank>
	<tank id="27" capa="386">
		<impossiblecargos>
			<cargo id="1"/>
			<cargo id="3"/>
			<cargo id="4"/>
			<cargo id="5"/>
			<cargo id="6"/>
			<cargo id="7"/>
			<cargo id="8"/>
			<cargo id="10"/>
			<cargo id="11"/>
			<cargo id="12"/>
			<cargo id="15"/>
			<cargo id="16"/>
			<cargo id="17"/>
			<cargo id="18"/>
			<cargo id="19"/>
			<cargo id="21"/>
			<cargo id="22"/>
			<cargo id="23"/>
			<cargo id="24"/>
			<cargo id="25"/>
		</impossiblecargos>
		<neighbours>
			<tank id="33"/>
			<tank id="17"/>
			<tank id="32"/>
			<tank id="22"/>
			<tank id="18"/>
			<tank id="12"/>
			<tank id="1"/>
			<tank id="35"/>
			<tank id="23"/>
			<tank id="20"/>
			<tank id="4"/>
			<tank id="31"/>
			<tank id="26"/>
			<tank id="25"/>
			<tank id="34"/>
			<tank id="30"/>
			<tank id="8"/>
			<tank id="11"/>
			<tank id="15"/>
			<tank id="10"/>
			<tank id="21"/>
			<tank id="24"/>
			<tank id="13"/>
			<tank id="19"/>
			<tank id="14"/>
			<tank id="29"/>
		</neighbours>
	</tank>
	<tank id="28" capa="420">
		<impossiblecargos>
			<cargo id="1"/>
			<cargo id="2"/>
			<cargo id="7"/>
			<cargo id="8"/>
			<cargo id="9"/>
			<cargo id="10"/>
			<cargo id="12"/>
			<cargo id="16"/>
			<cargo id="17"/>
			<cargo id="18"/>
			<cargo id="19"/>
			<cargo id="21"/>
			<cargo id="23"/>
		</impossiblecargos>
		<neighbours>
			<tank id="24"/>
			<tank id="29"/>
			<tank id="2"/>
			<tank id="22"/>
			<tank id="18"/>
			<tank id="7"/>
			<tank id="9"/>
			<tank id="34"/>
			<tank id="21"/>
			<tank id="16"/>
			<tank id="15"/>
			<tank id="11"/>
			<tank id="26"/>
			<tank id="33"/>
			<tank id="4"/>
			<tank id="25"/>
			<tank id="31"/>
			<tank id="20"/>
			<tank id="1"/>
			<tank id="13"/>
			<tank id="23"/>
		</neighbours>
	</tank>
	<tank id="29" capa="444">
		<impossiblecargos>
			<cargo id="1"/>
			<cargo id="3"/>
			<cargo id="4"/>
			<cargo id="5"/>
			<cargo id="6"/>
			<cargo id="8"/>
			<cargo id="9"/>
			<cargo id="10"/>
			<cargo id="11"/>
			<cargo id="12"/>
			<cargo id="13"/>
			<cargo id="14"/>
			<cargo id="15"/>
			<cargo id="16"/>
			<cargo id="17"/>
			<cargo id="18"/>
			<cargo id="19"/>
			<cargo id="20"/>
			<cargo id="21"/>
			<cargo id="22"/>
			<cargo id="23"/>
			<cargo id="24"/>
			<cargo id="25"/>
		</impossiblecargos>
		<neighbours>
			<tank id="28"/>
			<tank id="32"/>
			<tank id="4"/>
			<tank id="34"/>
			<tank id="30"/>
			<tank id="18"/>
			<tank id="1"/>
			<tank id="5"/>
			<tank id="2"/>
			<tank id="33"/>
			<tank id="12"/>
			<tank id="19"/>
			<tank id="35"/>
			<tank id="15"/>
			<tank id="3"/>
			<tank id="25"/>
			<tank id="7"/>
			<tank id="9"/>
			<tank id="20"/>
			<tank id="6"/>
			<tank id="17"/>
			<tank id="10"/>
			<tank id="11"/>
			<tank id="23"/>
			<tank id="22"/>
			<tank id="27"/>
		</neighbours>
	</tank>
	<tank id="30" capa="827">
		<impossiblecargos>
			<cargo id="2"/>
			<cargo id="3"/>
			<cargo id="4"/>
			<cargo id="5"/>
			<cargo id="7"/>
			<cargo id="8"/>
			<cargo id="9"/>
			<cargo id="10"/>
			<cargo id="11"/>
			<cargo id="15"/>
			<cargo id="16"/>
			<cargo id="17"/>
			<cargo id="18"/>
			<cargo id="20"/>
			<cargo id="22"/>
			<cargo id="24"/>
			<cargo id="25"/>
		</impossiblecargos>
		<neighbours>
			<tank id="5"/>
			<tank id="2"/>
			<tank id="33"/>
			<tank id="29"/>
			<tank id="14"/>
			<tank id="32"/>
			<tank id="8"/>
			<tank id="1"/>
			<tank id="31"/>
			<tank id="6"/>
			<tank id="34"/>
			<tank id="3"/>
			<tank id="24"/>
			<tank id="27"/>
			<tank id="12"/>
			<tank id="17"/>
			<tank id="26"/>
			<tank id="19"/>
			<tank id="10"/>
			<tank id="7"/>
			<tank id="11"/>
			<tank id="13"/>
			<tank id="18"/>
			<tank id="9"/>
			<tank id="20"/>
			<tank id="21"/>
			<tank id="22"/>
			<tank id="16"/>
		</neighbours>
	</tank>
	<tank id="31" capa="430">
		<impossiblecargos>
			<cargo id="1"/>
			<cargo id="5"/>
			<cargo id="8"/>
			<cargo id="10"/>
			<cargo id="12"/>
			<cargo id="13"/>
			<cargo id="16"/>
			<cargo id="17"/>
			<cargo id="20"/>
			<cargo id="21"/>
			<cargo id="23"/>
			<cargo id="24"/>
		</impossiblecargos>
		<neighbours>
			<tank id="18"/>
			<tank id="34"/>
			<tank id="11"/>
			<tank id="2"/>
			<tank id="7"/>
			<tank id="24"/>
			<tank id="22"/>
			<tank id="9"/>
			<tank id="30"/>
			<tank id="27"/>
			<tank id="5"/>
			<tank id="14"/>
			<tank id="16"/>
			<tank id="33"/>
			<tank id="8"/>
			<tank id="25"/>
			<tank id="21"/>
			<tank id="23"/>
			<tank id="28"/>
			<tank id="10"/>
			<tank id="3"/>
			<tank id="12"/>
			<tank id="15"/>
			<tank id="6"/>
			<tank id="19"/>
			<tank id="26"/>
			<tank id="17"/>
		</neighbours>
	</tank>
	<tank id="32" capa="430">
		<impossiblecargos>
			<cargo id="1"/>
			<cargo id="2"/>
			<cargo id="3"/>
			<cargo id="6"/>
			<cargo id="7"/>
			<cargo id="8"/>
			<cargo id="10"/>
			<cargo id="11"/>
			<cargo id="12"/>
			<cargo id="13"/>
			<cargo id="14"/>
			<cargo id="15"/>
			<cargo id="16"/>
			<cargo id="17"/>
			<cargo id="18"/>
			<cargo id="19"/>
			<cargo id="21"/>
			<cargo id="22"/>
			<cargo id="25"/>
		</impossiblecargos>
		<neighbours>
			<tank id="3"/>
			<tank id="10"/>
			<tank id="29"/>
			<tank id="6"/>
			<tank id="27"/>
			<tank id="19"/>
			<tank id="30"/>
			<tank id="21"/>
			<tank id="25"/>
			<tank id="12"/>
			<tank id="11"/>
			<tank id="23"/>
			<tank id="24"/>
			<tank id="34"/>
			<tank id="33"/>
			<tank id="4"/>
			<tank id="7"/>
			<tank id="35"/>
			<tank id="16"/>
			<tank id="26"/>
			<tank id="22"/>
			<tank id="5"/>
			<tank id="14"/>
			<tank id="1"/>
			<tank id="8"/>
			<tank id="18"/>
			<tank id="15"/>
			<tank id="9"/>
			<tank id="13"/>
			<tank id="20"/>
		</neighbours>
	</tank>
	<tank id="33" capa="763">
		<impossiblecargos>
			<cargo id="1"/>
			<cargo id="2"/>
			<cargo id="3"/>
			<cargo id="4"/>
			<cargo id="6"/>
			<cargo id="7"/>
			<cargo id="8"/>
			<cargo id="9"/>
			<cargo id="10"/>
			<cargo id="11"/>
			<cargo id="12"/>
			<cargo id="13"/>
			<cargo id="14"/>
			<cargo id="16"/>
			<cargo id="17"/>
			<cargo id="18"/>
			<cargo id="21"/>
			<cargo id="22"/>
			<cargo id="23"/>
			<cargo id="24"/>
			<cargo id="25"/>
		</impossiblecargos>
		<neighbours>
			<tank id="27"/>
			<tank id="25"/>
			<tank id="6"/>
			<tank id="3"/>
			<tank id="9"/>
			<tank id="10"/>
			<tank id="30"/>
			<tank id="24"/>
			<tank id="29"/>
			<tank id="22"/>
			<tank id="23"/>
			<tank id="32"/>
			<tank id="31"/>
			<tank id="14"/>
			<tank id="28"/>
			<tank id="5"/>
			<tank id="26"/>
			<tank id="20"/>
			<tank id="16"/>
			<tank id="12"/>
			<tank id="34"/>
			<tank id="21"/>
			<tank id="11"/>
			<tank id="17"/>
		</neighbours>
	</tank>
	<tank id="34" capa="777">
		<impossiblecargos>
			<cargo id="2"/>
			<cargo id="5"/>
			<cargo id="6"/>
			<cargo id="7"/>
			<cargo id="8"/>
			<cargo id="11"/>
			<cargo id="12"/>
			<cargo id="13"/>
			<cargo id="14"/>
			<cargo id="16"/>
			<cargo id="17"/>
			<cargo id="18"/>
			<cargo id="19"/>
			<cargo id="21"/>
			<cargo id="22"/>
			<cargo id="23"/>
			<cargo id="24"/>
		</impossiblecargos>
		<neighbours>
			<tank id="31"/>
			<tank id="17"/>
			<tank id="29"/>
			<tank id="7"/>
			<tank id="5"/>
			<tank id="10"/>
			<tank id="28"/>
			<tank id="14"/>
			<tank id="11"/>
			<tank id="32"/>
			<tank id="30"/>
			<tank id="16"/>
			<tank id="27"/>
			<tank id="35"/>
			<tank id="25"/>
			<tank id="9"/>
			<tank id="13"/>
			<tank id="12"/>
			<tank id="26"/>
			<tank id="15"/>
			<tank id="33"/>
			<tank id="24"/>
			<tank id="20"/>
			<tank id="4"/>
			<tank id="6"/>
			<tank id="21"/>
		</neighbours>
	</tank>
	<tank id="35" capa="898">
		<impossiblecargos>
			<cargo id="1"/>
			<cargo id="3"/>
			<cargo id="4"/>
			<cargo id="5"/>
			<cargo id="9"/>
			<cargo id="11"/>
			<cargo id="12"/>
			<cargo id="13"/>
			<cargo id="15"/>
			<cargo id="16"/>
			<cargo id="18"/>
			<cargo id="19"/>
			<cargo id="20"/>
			<cargo id="21"/>
			<cargo id="22"/>
			<cargo id="23"/>
			<cargo id="24"/>
			<cargo id="25"/>
		</impossiblecargos>
		<neighbours>
			<tank id="27"/>
			<tank id="4"/>
			<tank id="21"/>
			<tank id="24"/>
			<tank id="18"/>
			<tank id="3"/>
			<tank id="13"/>
			<tank id="32"/>
			<tank id="29"/>
			<tank id="34"/>
			<tank id="12"/>
			<tank id="7"/>
			<tank id="8"/>
			<tank id="16"/>
			<tank id="11"/>
			<tank id="1"/>
			<tank id="23"/>
			<tank id="15"/>
			<tank id="20"/>
			<tank id="17"/>
			<tank id="25"/>
		</neighbours>
	</tank>
</tanks>
</problem>
