<?xml version="1.0" encoding="UTF-8"?>
<!--
This is a random problem, generated with these parameters:
nCargo = 25
nTanks = 25
nEmptyTanks = 1
tankMinSize = 200
tankMaxSize = 1000
tankFillRatioMin = 0.5
tankFillRatioMax = 1.0
connectivityRatio = 0.75
impossibleCargoRatio = 0.75
notNeighbouringRatio = 0.25
-->
<problem>
<cargos nb="25">
	<cargo id="1" name="c1" volume="332"/>
	<cargo id="2" name="c2" volume="587"/>
	<cargo id="3" name="c3" volume="0"/>
	<cargo id="4" name="c4" volume="0"/>
	<cargo id="5" name="c5" volume="0"/>
	<cargo id="6" name="c6" volume="246"/>
	<cargo id="7" name="c7" volume="0"/>
	<cargo id="8" name="c8" volume="787"/>
	<cargo id="9" name="c9" volume="0"/>
	<cargo id="10" name="c10" volume="352"/>
	<cargo id="11" name="c11" volume="0"/>
	<cargo id="12" name="c12" volume="1427"/>
	<cargo id="13" name="c13" volume="402"/>
	<cargo id="14" name="c14" volume="1703"/>
	<cargo id="15" name="c15" volume="285"/>
	<cargo id="16" name="c16" volume="482"/>
	<cargo id="17" name="c17" volume="829"/>
	<cargo id="18" name="c18" volume="0"/>
	<cargo id="19" name="c19" volume="1160"/>
	<cargo id="20" name="c20" volume="277"/>
	<cargo id="21" name="c21" volume="883"/>
	<cargo id="22" name="c22" volume="0"/>
	<cargo id="23" name="c23" volume="828"/>
	<cargo id="24" name="c24" volume="0"/>
	<cargo id="25" name="c25" volume="413"/>
</cargos>
<incompatibles>
	<incompatible cargo1="1"  cargo2="3"/>
	<incompatible cargo1="1"  cargo2="11"/>
	<incompatible cargo1="1"  cargo2="12"/>
	<incompatible cargo1="1"  cargo2="15"/>
	<incompatible cargo1="1"  cargo2="24"/>
	<incompatible cargo1="2"  cargo2="5"/>
	<incompatible cargo1="2"  cargo2="9"/>
	<incompatible cargo1="3"  cargo2="5"/>
	<incompatible cargo1="3"  cargo2="8"/>
	<incompatible cargo1="3"  cargo2="10"/>
	<incompatible cargo1="3"  cargo2="11"/>
	<incompatible cargo1="3"  cargo2="13"/>
	<incompatible cargo1="3"  cargo2="15"/>
	<incompatible cargo1="3"  cargo2="20"/>
	<incompatible cargo1="3"  cargo2="22"/>
	<incompatible cargo1="3"  cargo2="24"/>
	<incompatible cargo1="4"  cargo2="5"/>
	<incompatible cargo1="4"  cargo2="6"/>
	<incompatible cargo1="4"  cargo2="8"/>
	<incompatible cargo1="4"  cargo2="9"/>
	<incompatible cargo1="4"  cargo2="10"/>
	<incompatible cargo1="4"  cargo2="14"/>
	<incompatible cargo1="4"  cargo2="16"/>
	<incompatible cargo1="4"  cargo2="20"/>
	<incompatible cargo1="4"  cargo2="22"/>
	<incompatible cargo1="4"  cargo2="23"/>
	<incompatible cargo1="5"  cargo2="7"/>
	<incompatible cargo1="5"  cargo2="9"/>
	<incompatible cargo1="5"  cargo2="21"/>
	<incompatible cargo1="6"  cargo2="9"/>
	<incompatible cargo1="6"  cargo2="15"/>
	<incompatible cargo1="6"  cargo2="18"/>
	<incompatible cargo1="6"  cargo2="23"/>
	<incompatible cargo1="7"  cargo2="8"/>
	<incompatible cargo1="7"  cargo2="10"/>
	<incompatible cargo1="7"  cargo2="15"/>
	<incompatible cargo1="7"  cargo2="21"/>
	<incompatible cargo1="7"  cargo2="22"/>
	<incompatible cargo1="7"  cargo2="24"/>
	<incompatible cargo1="8"  cargo2="24"/>
	<incompatible cargo1="9"  cargo2="10"/>
	<incompatible cargo1="9"  cargo2="13"/>
	<incompatible cargo1="9"  cargo2="14"/>
	<incompatible cargo1="9"  cargo2="17"/>
	<incompatible cargo1="9"  cargo2="18"/>
	<incompatible cargo1="9"  cargo2="19"/>
	<incompatible cargo1="9"  cargo2="24"/>
	<incompatible cargo1="11"  cargo2="13"/>
	<incompatible cargo1="11"  cargo2="15"/>
	<incompatible cargo1="11"  cargo2="16"/>
	<incompatible cargo1="11"  cargo2="18"/>
	<incompatible cargo1="11"  cargo2="20"/>
	<incompatible cargo1="11"  cargo2="22"/>
	<incompatible cargo1="17"  cargo2="18"/>
	<incompatible cargo1="18"  cargo2="23"/>
	<incompatible cargo1="18"  cargo2="25"/>
	<incompatible cargo1="19"  cargo2="22"/>
	<incompatible cargo1="20"  cargo2="22"/>
	<incompatible cargo1="21"  cargo2="24"/>
</incompatibles>
<tanks nb="25">
	<tank id="1" capa="766">
		<impossiblecargos>
			<cargo id="2"/>
			<cargo id="4"/>
			<cargo id="5"/>
			<cargo id="6"/>
			<cargo id="8"/>
			<cargo id="9"/>
			<cargo id="10"/>
			<cargo id="11"/>
			<cargo id="12"/>
			<cargo id="13"/>
			<cargo id="15"/>
			<cargo id="16"/>
			<cargo id="17"/>
			<cargo id="18"/>
			<cargo id="19"/>
			<cargo id="20"/>
			<cargo id="21"/>
			<cargo id="23"/>
			<cargo id="24"/>
		</impossiblecargos>
		<neighbours>
			<tank id="4"/>
			<tank id="13"/>
			<tank id="21"/>
			<tank id="22"/>
			<tank id="15"/>
			<tank id="7"/>
			<tank id="6"/>
			<tank id="10"/>
			<tank id="23"/>
			<tank id="17"/>
			<tank id="19"/>
			<tank id="16"/>
			<tank id="2"/>
			<tank id="3"/>
			<tank id="11"/>
			<tank id="9"/>
			<tank id="24"/>
			<tank id="12"/>
			<tank id="20"/>
			<tank id="18"/>
		</neighbours>
	</tank>
	<tank id="2" capa="506">
		<impossiblecargos>
			<cargo id="1"/>
			<cargo id="2"/>
			<cargo id="4"/>
			<cargo id="5"/>
			<cargo id="8"/>
			<cargo id="11"/>
			<cargo id="12"/>
			<cargo id="13"/>
			<cargo id="18"/>
			<cargo id="19"/>
			<cargo id="20"/>
			<cargo id="21"/>
			<cargo id="22"/>
			<cargo id="23"/>
			<cargo id="24"/>
		</impossiblecargos>
		<neighbours>
			<tank id="6"/>
			<tank id="20"/>
			<tank id="25"/>
			<tank id="7"/>
			<tank id="15"/>
			<tank id="18"/>
			<tank id="21"/>
			<tank id="24"/>
			<tank id="4"/>
			<tank id="8"/>
			<tank id="11"/>
			<tank id="12"/>
			<tank id="3"/>
			<tank id="23"/>
			<tank id="13"/>
			<tank id="1"/>
			<tank id="19"/>
			<tank id="10"/>
		</neighbours>
	</tank>
	<tank id="3" capa="300">
		<impossiblecargos>
			<cargo id="1"/>
			<cargo id="2"/>
			<cargo id="3"/>
			<cargo id="4"/>
			<cargo id="5"/>
			<cargo id="6"/>
			<cargo id="7"/>
			<cargo id="8"/>
			<cargo id="9"/>
			<cargo id="10"/>
			<cargo id="11"/>
			<cargo id="17"/>
			<cargo id="18"/>
			<cargo id="19"/>
			<cargo id="21"/>
			<cargo id="22"/>
			<cargo id="23"/>
			<cargo id="24"/>
		</impossiblecargos>
		<neighbours>
			<tank id="12"/>
			<tank id="22"/>
			<tank id="20"/>
			<tank id="19"/>
			<tank id="13"/>
			<tank id="9"/>
			<tank id="16"/>
			<tank id="4"/>
			<tank id="15"/>
			<tank id="2"/>
			<tank id="5"/>
			<tank id="6"/>
			<tank id="1"/>
			<tank id="23"/>
			<tank id="11"/>
			<tank id="25"/>
			<tank id="24"/>
		</neighbours>
	</tank>
	<tank id="4" capa="762">
		<impossiblecargos>
			<cargo id="1"/>
			<cargo id="2"/>
			<cargo id="3"/>
			<cargo id="4"/>
			<cargo id="6"/>
			<cargo id="7"/>
			<cargo id="8"/>
			<cargo id="9"/>
			<cargo id="10"/>
			<cargo id="11"/>
			<cargo id="12"/>
			<cargo id="13"/>
			<cargo id="14"/>
			<cargo id="16"/>
			<cargo id="18"/>
			<cargo id="19"/>
			<cargo id="20"/>
			<cargo id="21"/>
			<cargo id="22"/>
			<cargo id="24"/>
			<cargo id="25"/>
		</impossiblecargos>
		<neighbours>
			<tank id="13"/>
			<tank id="17"/>
			<tank id="1"/>
			<tank id="11"/>
			<tank id="15"/>
			<tank id="10"/>
			<tank id="25"/>
			<tank id="8"/>
			<tank id="6"/>
			<tank id="18"/>
			<tank id="5"/>
			<tank id="19"/>
			<tank id="3"/>
			<tank id="2"/>
			<tank id="9"/>
			<tank id="7"/>
			<tank id="14"/>
			<tank id="16"/>
			<tank id="20"/>
		</neighbours>
	</tank>
	<tank id="5" capa="923">
		<impossiblecargos>
			<cargo id="1"/>
			<cargo id="2"/>
			<cargo id="3"/>
			<cargo id="4"/>
			<cargo id="6"/>
			<cargo id="7"/>
			<cargo id="9"/>
			<cargo id="10"/>
			<cargo id="11"/>
			<cargo id="13"/>
			<cargo id="15"/>
			<cargo id="16"/>
			<cargo id="18"/>
			<cargo id="19"/>
			<cargo id="23"/>
			<cargo id="25"/>
		</impossiblecargos>
		<neighbours>
			<tank id="11"/>
			<tank id="9"/>
			<tank id="24"/>
			<tank id="14"/>
			<tank id="4"/>
			<tank id="23"/>
			<tank id="25"/>
			<tank id="20"/>
			<tank id="8"/>
			<tank id="12"/>
			<tank id="3"/>
			<tank id="22"/>
			<tank id="21"/>
			<tank id="17"/>
			<tank id="10"/>
			<tank id="13"/>
		</neighbours>
	</tank>
	<tank id="6" capa="787">
		<impossiblecargos>
			<cargo id="1"/>
			<cargo id="3"/>
			<cargo id="5"/>
			<cargo id="6"/>
			<cargo id="7"/>
			<cargo id="8"/>
			<cargo id="12"/>
			<cargo id="13"/>
			<cargo id="14"/>
			<cargo id="15"/>
			<cargo id="16"/>
			<cargo id="18"/>
			<cargo id="19"/>
			<cargo id="20"/>
			<cargo id="22"/>
		</impossiblecargos>
		<neighbours>
			<tank id="2"/>
			<tank id="22"/>
			<tank id="13"/>
			<tank id="16"/>
			<tank id="7"/>
			<tank id="18"/>
			<tank id="4"/>
			<tank id="1"/>
			<tank id="17"/>
			<tank id="15"/>
			<tank id="20"/>
			<tank id="10"/>
			<tank id="19"/>
			<tank id="14"/>
			<tank id="21"/>
			<tank id="25"/>
			<tank id="3"/>
			<tank id="8"/>
			<tank id="12"/>
			<tank id="24"/>
			<tank id="9"/>
			<tank id="23"/>
		</neighbours>
	</tank>
	<tank id="7" capa="344">
		<impossiblecargos>
			<cargo id="2"/>
			<cargo id="3"/>
			<cargo id="4"/>
			<cargo id="5"/>
			<cargo id="6"/>
			<cargo id="7"/>
			<cargo id="9"/>
			<cargo id="10"/>
			<cargo id="11"/>
			<cargo id="12"/>
			<cargo id="13"/>
			<cargo id="14"/>
			<cargo id="15"/>
			<cargo id="16"/>
			<cargo id="17"/>
			<cargo id="18"/>
			<cargo id="19"/>
			<cargo id="20"/>
			<cargo id="21"/>
			<cargo id="22"/>
			<cargo id="23"/>
			<cargo id="24"/>
			<cargo id="25"/>
		</impossiblecargos>
		<neighbours>
			<tank id="19"/>
			<tank id="18"/>
			<tank id="11"/>
			<tank id="23"/>
			<tank id="6"/>
			<tank id="10"/>
			<tank id="1"/>
			<tank id="2"/>
			<tank id="21"/>
			<tank id="24"/>
			<tank id="20"/>
			<tank id="4"/>
			<tank id="25"/>
			<tank id="16"/>
			<tank id="13"/>
			<tank id="14"/>
			<tank id="15"/>
		</neighbours>
	</tank>
	<tank id="8" capa="833">
		<impossiblecargos>
			<cargo id="2"/>
			<cargo id="3"/>
			<cargo id="4"/>
			<cargo id="5"/>
			<cargo id="6"/>
			<cargo id="8"/>
			<cargo id="9"/>
			<cargo id="10"/>
			<cargo id="11"/>
			<cargo id="12"/>
			<cargo id="14"/>
			<cargo id="16"/>
			<cargo id="17"/>
			<cargo id="18"/>
			<cargo id="20"/>
			<cargo id="23"/>
			<cargo id="24"/>
			<cargo id="25"/>
		</impossiblecargos>
		<neighbours>
			<tank id="17"/>
			<tank id="12"/>
			<tank id="25"/>
			<tank id="18"/>
			<tank id="4"/>
			<tank id="19"/>
			<tank id="11"/>
			<tank id="10"/>
			<tank id="20"/>
			<tank id="5"/>
			<tank id="2"/>
			<tank id="13"/>
			<tank id="6"/>
			<tank id="14"/>
			<tank id="23"/>
			<tank id="22"/>
		</neighbours>
	</tank>
	<tank id="9" capa="258">
		<impossiblecargos>
			<cargo id="1"/>
			<cargo id="4"/>
			<cargo id="5"/>
			<cargo id="6"/>
			<cargo id="7"/>
			<cargo id="8"/>
			<cargo id="9"/>
			<cargo id="10"/>
			<cargo id="11"/>
			<cargo id="12"/>
			<cargo id="13"/>
			<cargo id="14"/>
			<cargo id="15"/>
			<cargo id="16"/>
			<cargo id="17"/>
			<cargo id="18"/>
			<cargo id="19"/>
			<cargo id="21"/>
			<cargo id="22"/>
			<cargo id="23"/>
			<cargo id="24"/>
		</impossiblecargos>
		<neighbours>
			<tank id="16"/>
			<tank id="18"/>
			<tank id="5"/>
			<tank id="3"/>
			<tank id="13"/>
			<tank id="10"/>
			<tank id="20"/>
			<tank id="23"/>
			<tank id="14"/>
			<tank id="4"/>
			<tank id="21"/>
			<tank id="25"/>
			<tank id="15"/>
			<tank id="6"/>
			<tank id="12"/>
			<tank id="1"/>
			<tank id="24"/>
			<tank id="22"/>
		</neighbours>
	</tank>
	<tank id="10" capa="717">
		<impossiblecargos>
			<cargo id="1"/>
			<cargo id="2"/>
			<cargo id="4"/>
			<cargo id="6"/>
			<cargo id="7"/>
			<cargo id="8"/>
			<cargo id="9"/>
			<cargo id="10"/>
			<cargo id="11"/>
			<cargo id="12"/>
			<cargo id="13"/>
			<cargo id="15"/>
			<cargo id="17"/>
			<cargo id="18"/>
			<cargo id="19"/>
			<cargo id="20"/>
			<cargo id="21"/>
			<cargo id="22"/>
			<cargo id="23"/>
			<cargo id="25"/>
		</impossiblecargos>
		<neighbours>
			<tank id="24"/>
			<tank id="4"/>
			<tank id="23"/>
			<tank id="7"/>
			<tank id="14"/>
			<tank id="1"/>
			<tank id="25"/>
			<tank id="9"/>
			<tank id="8"/>
			<tank id="18"/>
			<tank id="6"/>
			<tank id="20"/>
			<tank id="22"/>
			<tank id="15"/>
			<tank id="21"/>
			<tank id="11"/>
			<tank id="17"/>
			<tank id="16"/>
			<tank id="2"/>
			<tank id="5"/>
		</neighbours>
	</tank>
	<tank id="11" capa="899">
		<impossiblecargos>
			<cargo id="2"/>
			<cargo id="4"/>
			<cargo id="5"/>
			<cargo id="7"/>
			<cargo id="9"/>
			<cargo id="11"/>
			<cargo id="12"/>
			<cargo id="13"/>
			<cargo id="15"/>
			<cargo id="17"/>
			<cargo id="18"/>
			<cargo id="19"/>
			<cargo id="20"/>
			<cargo id="21"/>
			<cargo id="22"/>
			<cargo id="25"/>
		</impossiblecargos>
		<neighbours>
			<tank id="25"/>
			<tank id="5"/>
			<tank id="7"/>
			<tank id="4"/>
			<tank id="24"/>
			<tank id="14"/>
			<tank id="22"/>
			<tank id="13"/>
			<tank id="8"/>
			<tank id="21"/>
			<tank id="15"/>
			<tank id="2"/>
			<tank id="12"/>
			<tank id="1"/>
			<tank id="10"/>
			<tank id="3"/>
		</neighbours>
	</tank>
	<tank id="12" capa="651">
		<impossiblecargos>
			<cargo id="2"/>
			<cargo id="3"/>
			<cargo id="4"/>
			<cargo id="6"/>
			<cargo id="7"/>
			<cargo id="8"/>
			<cargo id="9"/>
			<cargo id="10"/>
			<cargo id="11"/>
			<cargo id="13"/>
			<cargo id="16"/>
			<cargo id="17"/>
			<cargo id="21"/>
			<cargo id="23"/>
			<cargo id="24"/>
			<cargo id="25"/>
		</impossiblecargos>
		<neighbours>
			<tank id="16"/>
			<tank id="15"/>
			<tank id="3"/>
			<tank id="8"/>
			<tank id="23"/>
			<tank id="14"/>
			<tank id="19"/>
			<tank id="21"/>
			<tank id="20"/>
			<tank id="2"/>
			<tank id="17"/>
			<tank id="11"/>
			<tank id="5"/>
			<tank id="6"/>
			<tank id="9"/>
			<tank id="24"/>
			<tank id="1"/>
			<tank id="25"/>
			<tank id="22"/>
			<tank id="18"/>
		</neighbours>
	</tank>
	<tank id="13" capa="330">
		<impossiblecargos>
			<cargo id="2"/>
			<cargo id="3"/>
			<cargo id="7"/>
			<cargo id="8"/>
			<cargo id="10"/>
			<cargo id="11"/>
			<cargo id="12"/>
			<cargo id="13"/>
			<cargo id="19"/>
			<cargo id="20"/>
			<cargo id="21"/>
		</impossiblecargos>
		<neighbours>
			<tank id="4"/>
			<tank id="15"/>
			<tank id="6"/>
			<tank id="1"/>
			<tank id="17"/>
			<tank id="3"/>
			<tank id="11"/>
			<tank id="9"/>
			<tank id="22"/>
			<tank id="24"/>
			<tank id="16"/>
			<tank id="20"/>
			<tank id="25"/>
			<tank id="8"/>
			<tank id="2"/>
			<tank id="14"/>
			<tank id="7"/>
			<tank id="5"/>
		</neighbours>
	</tank>
	<tank id="14" capa="395">
		<impossiblecargos>
			<cargo id="1"/>
			<cargo id="3"/>
			<cargo id="4"/>
			<cargo id="5"/>
			<cargo id="6"/>
			<cargo id="8"/>
			<cargo id="9"/>
			<cargo id="10"/>
			<cargo id="11"/>
			<cargo id="12"/>
			<cargo id="13"/>
			<cargo id="14"/>
			<cargo id="15"/>
			<cargo id="16"/>
			<cargo id="19"/>
			<cargo id="20"/>
			<cargo id="21"/>
			<cargo id="22"/>
			<cargo id="23"/>
			<cargo id="24"/>
		</impossiblecargos>
		<neighbours>
			<tank id="12"/>
			<tank id="11"/>
			<tank id="10"/>
			<tank id="5"/>
			<tank id="25"/>
			<tank id="9"/>
			<tank id="18"/>
			<tank id="24"/>
			<tank id="6"/>
			<tank id="19"/>
			<tank id="4"/>
			<tank id="8"/>
			<tank id="13"/>
			<tank id="15"/>
			<tank id="16"/>
			<tank id="21"/>
			<tank id="22"/>
			<tank id="7"/>
		</neighbours>
	</tank>
	<tank id="15" capa="429">
		<impossiblecargos>
			<cargo id="1"/>
			<cargo id="2"/>
			<cargo id="5"/>
			<cargo id="6"/>
			<cargo id="7"/>
			<cargo id="9"/>
			<cargo id="11"/>
			<cargo id="13"/>
			<cargo id="14"/>
			<cargo id="15"/>
			<cargo id="16"/>
			<cargo id="17"/>
			<cargo id="18"/>
			<cargo id="21"/>
			<cargo id="22"/>
			<cargo id="23"/>
			<cargo id="24"/>
			<cargo id="25"/>
		</impossiblecargos>
		<neighbours>
			<tank id="13"/>
			<tank id="12"/>
			<tank id="4"/>
			<tank id="1"/>
			<tank id="24"/>
			<tank id="2"/>
			<tank id="18"/>
			<tank id="23"/>
			<tank id="6"/>
			<tank id="21"/>
			<tank id="11"/>
			<tank id="3"/>
			<tank id="10"/>
			<tank id="25"/>
			<tank id="16"/>
			<tank id="9"/>
			<tank id="14"/>
			<tank id="7"/>
			<tank id="22"/>
		</neighbours>
	</tank>
	<tank id="16" capa="925">
		<impossiblecargos>
			<cargo id="1"/>
			<cargo id="3"/>
			<cargo id="7"/>
			<cargo id="8"/>
			<cargo id="12"/>
			<cargo id="13"/>
			<cargo id="14"/>
			<cargo id="16"/>
			<cargo id="19"/>
			<cargo id="20"/>
			<cargo id="21"/>
			<cargo id="23"/>
			<cargo id="25"/>
		</impossiblecargos>
		<neighbours>
			<tank id="12"/>
			<tank id="9"/>
			<tank id="25"/>
			<tank id="6"/>
			<tank id="23"/>
			<tank id="17"/>
			<tank id="3"/>
			<tank id="13"/>
			<tank id="21"/>
			<tank id="22"/>
			<tank id="15"/>
			<tank id="1"/>
			<tank id="14"/>
			<tank id="7"/>
			<tank id="10"/>
			<tank id="4"/>
			<tank id="19"/>
		</neighbours>
	</tank>
	<tank id="17" capa="268">
		<impossiblecargos>
			<cargo id="1"/>
			<cargo id="2"/>
			<cargo id="3"/>
			<cargo id="4"/>
			<cargo id="6"/>
			<cargo id="7"/>
			<cargo id="9"/>
			<cargo id="10"/>
			<cargo id="11"/>
			<cargo id="12"/>
			<cargo id="13"/>
			<cargo id="15"/>
			<cargo id="16"/>
			<cargo id="17"/>
			<cargo id="18"/>
			<cargo id="19"/>
			<cargo id="23"/>
			<cargo id="24"/>
			<cargo id="25"/>
		</impossiblecargos>
		<neighbours>
			<tank id="4"/>
			<tank id="8"/>
			<tank id="25"/>
			<tank id="22"/>
			<tank id="23"/>
			<tank id="13"/>
			<tank id="16"/>
			<tank id="19"/>
			<tank id="6"/>
			<tank id="21"/>
			<tank id="1"/>
			<tank id="12"/>
			<tank id="5"/>
			<tank id="10"/>
		</neighbours>
	</tank>
	<tank id="18" capa="803">
		<impossiblecargos>
			<cargo id="2"/>
			<cargo id="4"/>
			<cargo id="6"/>
			<cargo id="7"/>
			<cargo id="9"/>
			<cargo id="11"/>
			<cargo id="14"/>
			<cargo id="16"/>
			<cargo id="18"/>
			<cargo id="20"/>
			<cargo id="21"/>
			<cargo id="22"/>
			<cargo id="23"/>
			<cargo id="24"/>
			<cargo id="25"/>
		</impossiblecargos>
		<neighbours>
			<tank id="9"/>
			<tank id="7"/>
			<tank id="21"/>
			<tank id="24"/>
			<tank id="8"/>
			<tank id="6"/>
			<tank id="4"/>
			<tank id="19"/>
			<tank id="20"/>
			<tank id="2"/>
			<tank id="15"/>
			<tank id="22"/>
			<tank id="10"/>
			<tank id="14"/>
			<tank id="23"/>
			<tank id="1"/>
			<tank id="25"/>
			<tank id="12"/>
		</neighbours>
	</tank>
	<tank id="19" capa="811">
		<impossiblecargos>
			<cargo id="2"/>
			<cargo id="3"/>
			<cargo id="4"/>
			<cargo id="5"/>
			<cargo id="6"/>
			<cargo id="7"/>
			<cargo id="8"/>
			<cargo id="9"/>
			<cargo id="10"/>
			<cargo id="11"/>
			<cargo id="12"/>
			<cargo id="13"/>
			<cargo id="15"/>
			<cargo id="16"/>
			<cargo id="17"/>
			<cargo id="18"/>
			<cargo id="19"/>
			<cargo id="20"/>
			<cargo id="21"/>
			<cargo id="22"/>
			<cargo id="24"/>
		</impossiblecargos>
		<neighbours>
			<tank id="7"/>
			<tank id="25"/>
			<tank id="3"/>
			<tank id="8"/>
			<tank id="18"/>
			<tank id="17"/>
			<tank id="4"/>
			<tank id="12"/>
			<tank id="21"/>
			<tank id="6"/>
			<tank id="1"/>
			<tank id="22"/>
			<tank id="14"/>
			<tank id="2"/>
			<tank id="24"/>
			<tank id="16"/>
		</neighbours>
	</tank>
	<tank id="20" capa="507">
		<impossiblecargos>
			<cargo id="1"/>
			<cargo id="2"/>
			<cargo id="3"/>
			<cargo id="4"/>
			<cargo id="5"/>
			<cargo id="6"/>
			<cargo id="8"/>
			<cargo id="9"/>
			<cargo id="12"/>
			<cargo id="13"/>
			<cargo id="14"/>
			<cargo id="15"/>
			<cargo id="16"/>
			<cargo id="17"/>
			<cargo id="20"/>
			<cargo id="22"/>
			<cargo id="23"/>
			<cargo id="24"/>
			<cargo id="25"/>
		</impossiblecargos>
		<neighbours>
			<tank id="21"/>
			<tank id="3"/>
			<tank id="25"/>
			<tank id="23"/>
			<tank id="2"/>
			<tank id="18"/>
			<tank id="8"/>
			<tank id="6"/>
			<tank id="24"/>
			<tank id="9"/>
			<tank id="10"/>
			<tank id="7"/>
			<tank id="12"/>
			<tank id="5"/>
			<tank id="13"/>
			<tank id="1"/>
			<tank id="4"/>
		</neighbours>
	</tank>
	<tank id="21" capa="299">
		<impossiblecargos>
			<cargo id="1"/>
			<cargo id="3"/>
			<cargo id="4"/>
			<cargo id="5"/>
			<cargo id="7"/>
			<cargo id="9"/>
			<cargo id="10"/>
			<cargo id="11"/>
			<cargo id="13"/>
			<cargo id="14"/>
			<cargo id="15"/>
			<cargo id="16"/>
			<cargo id="17"/>
			<cargo id="18"/>
			<cargo id="20"/>
			<cargo id="21"/>
			<cargo id="22"/>
			<cargo id="23"/>
		</impossiblecargos>
		<neighbours>
			<tank id="20"/>
			<tank id="18"/>
			<tank id="1"/>
			<tank id="7"/>
			<tank id="24"/>
			<tank id="2"/>
			<tank id="15"/>
			<tank id="17"/>
			<tank id="19"/>
			<tank id="11"/>
			<tank id="12"/>
			<tank id="6"/>
			<tank id="9"/>
			<tank id="16"/>
			<tank id="10"/>
			<tank id="5"/>
			<tank id="14"/>
			<tank id="25"/>
		</neighbours>
	</tank>
	<tank id="22" capa="283">
		<impossiblecargos>
			<cargo id="1"/>
			<cargo id="4"/>
			<cargo id="5"/>
			<cargo id="6"/>
			<cargo id="10"/>
			<cargo id="11"/>
			<cargo id="14"/>
			<cargo id="19"/>
			<cargo id="20"/>
			<cargo id="22"/>
			<cargo id="25"/>
		</impossiblecargos>
		<neighbours>
			<tank id="6"/>
			<tank id="3"/>
			<tank id="24"/>
			<tank id="17"/>
			<tank id="11"/>
			<tank id="1"/>
			<tank id="25"/>
			<tank id="13"/>
			<tank id="18"/>
			<tank id="10"/>
			<tank id="19"/>
			<tank id="16"/>
			<tank id="5"/>
			<tank id="14"/>
			<tank id="12"/>
			<tank id="8"/>
			<tank id="9"/>
			<tank id="15"/>
		</neighbours>
	</tank>
	<tank id="23" capa="962">
		<impossiblecargos>
			<cargo id="1"/>
			<cargo id="2"/>
			<cargo id="4"/>
			<cargo id="5"/>
			<cargo id="6"/>
			<cargo id="7"/>
			<cargo id="8"/>
			<cargo id="10"/>
			<cargo id="11"/>
			<cargo id="12"/>
			<cargo id="13"/>
			<cargo id="14"/>
			<cargo id="15"/>
			<cargo id="16"/>
			<cargo id="17"/>
			<cargo id="21"/>
			<cargo id="22"/>
			<cargo id="23"/>
			<cargo id="24"/>
		</impossiblecargos>
		<neighbours>
			<tank id="12"/>
			<tank id="10"/>
			<tank id="7"/>
			<tank id="20"/>
			<tank id="17"/>
			<tank id="16"/>
			<tank id="15"/>
			<tank id="5"/>
			<tank id="9"/>
			<tank id="1"/>
			<tank id="18"/>
			<tank id="2"/>
			<tank id="24"/>
			<tank id="3"/>
			<tank id="8"/>
			<tank id="6"/>
		</neighbours>
	</tank>
	<tank id="24" capa="459">
		<impossiblecargos>
			<cargo id="1"/>
			<cargo id="4"/>
			<cargo id="5"/>
			<cargo id="6"/>
			<cargo id="7"/>
			<cargo id="10"/>
			<cargo id="11"/>
			<cargo id="12"/>
			<cargo id="14"/>
			<cargo id="16"/>
			<cargo id="17"/>
			<cargo id="18"/>
			<cargo id="19"/>
			<cargo id="21"/>
			<cargo id="22"/>
			<cargo id="23"/>
		</impossiblecargos>
		<neighbours>
			<tank id="10"/>
			<tank id="22"/>
			<tank id="18"/>
			<tank id="11"/>
			<tank id="15"/>
			<tank id="5"/>
			<tank id="25"/>
			<tank id="21"/>
			<tank id="2"/>
			<tank id="13"/>
			<tank id="20"/>
			<tank id="7"/>
			<tank id="14"/>
			<tank id="23"/>
			<tank id="6"/>
			<tank id="1"/>
			<tank id="12"/>
			<tank id="9"/>
			<tank id="19"/>
			<tank id="3"/>
		</neighbours>
	</tank>
	<tank id="25" capa="489">
		<impossiblecargos>
			<cargo id="1"/>
			<cargo id="2"/>
			<cargo id="3"/>
			<cargo id="4"/>
			<cargo id="5"/>
			<cargo id="6"/>
			<cargo id="7"/>
			<cargo id="8"/>
			<cargo id="9"/>
			<cargo id="10"/>
			<cargo id="11"/>
			<cargo id="12"/>
			<cargo id="14"/>
			<cargo id="16"/>
			<cargo id="17"/>
			<cargo id="18"/>
			<cargo id="19"/>
			<cargo id="21"/>
			<cargo id="22"/>
			<cargo id="23"/>
		</impossiblecargos>
		<neighbours>
			<tank id="11"/>
			<tank id="16"/>
			<tank id="19"/>
			<tank id="17"/>
			<tank id="8"/>
			<tank id="20"/>
			<tank id="4"/>
			<tank id="2"/>
			<tank id="24"/>
			<tank id="14"/>
			<tank id="22"/>
			<tank id="10"/>
			<tank id="5"/>
			<tank id="13"/>
			<tank id="9"/>
			<tank id="15"/>
			<tank id="6"/>
			<tank id="7"/>
			<tank id="12"/>
			<tank id="18"/>
			<tank id="21"/>
			<tank id="3"/>
		</neighbours>
	</tank>
</tanks>
</problem>
