<?xml version="1.0" encoding="UTF-8"?>
<!--
This is a random problem, generated with these parameters:
nCargo = 15
nTanks = 35
nEmptyTanks = 1
tankMinSize = 200
tankMaxSize = 1000
tankFillRatioMin = 0.9
tankFillRatioMax = 1.0
connectivityRatio = 0.5
impossibleCargoRatio = 0.5
notNeighbouringRatio = 0.25
-->
<problem>
<cargos nb="15">
	<cargo id="1" name="c1" volume="3005"/>
	<cargo id="2" name="c2" volume="0"/>
	<cargo id="3" name="c3" volume="476"/>
	<cargo id="4" name="c4" volume="2442"/>
	<cargo id="5" name="c5" volume="926"/>
	<cargo id="6" name="c6" volume="2200"/>
	<cargo id="7" name="c7" volume="1370"/>
	<cargo id="8" name="c8" volume="0"/>
	<cargo id="9" name="c9" volume="1548"/>
	<cargo id="10" name="c10" volume="1291"/>
	<cargo id="11" name="c11" volume="1852"/>
	<cargo id="12" name="c12" volume="681"/>
	<cargo id="13" name="c13" volume="0"/>
	<cargo id="14" name="c14" volume="0"/>
	<cargo id="15" name="c15" volume="848"/>
</cargos>
<incompatibles>
	<incompatible cargo1="1"  cargo2="13"/>
	<incompatible cargo1="2"  cargo2="3"/>
	<incompatible cargo1="2"  cargo2="5"/>
	<incompatible cargo1="2"  cargo2="9"/>
	<incompatible cargo1="2"  cargo2="12"/>
	<incompatible cargo1="3"  cargo2="8"/>
	<incompatible cargo1="4"  cargo2="13"/>
	<incompatible cargo1="5"  cargo2="13"/>
	<incompatible cargo1="7"  cargo2="14"/>
	<incompatible cargo1="8"  cargo2="11"/>
	<incompatible cargo1="8"  cargo2="12"/>
	<incompatible cargo1="8"  cargo2="15"/>
	<incompatible cargo1="11"  cargo2="13"/>
	<incompatible cargo1="13"  cargo2="14"/>
</incompatibles>
<tanks nb="35">
	<tank id="1" capa="534">
		<impossiblecargos>
			<cargo id="1"/>
			<cargo id="2"/>
			<cargo id="3"/>
			<cargo id="4"/>
			<cargo id="5"/>
			<cargo id="7"/>
			<cargo id="10"/>
			<cargo id="13"/>
			<cargo id="14"/>
			<cargo id="15"/>
		</impossiblecargos>
		<neighbours>
			<tank id="14"/>
			<tank id="12"/>
			<tank id="23"/>
			<tank id="32"/>
			<tank id="5"/>
			<tank id="27"/>
			<tank id="4"/>
			<tank id="13"/>
			<tank id="31"/>
			<tank id="16"/>
			<tank id="24"/>
			<tank id="2"/>
			<tank id="3"/>
			<tank id="33"/>
			<tank id="30"/>
		</neighbours>
	</tank>
	<tank id="2" capa="210">
		<impossiblecargos>
			<cargo id="7"/>
			<cargo id="12"/>
			<cargo id="15"/>
		</impossiblecargos>
		<neighbours>
			<tank id="29"/>
			<tank id="10"/>
			<tank id="35"/>
			<tank id="34"/>
			<tank id="19"/>
			<tank id="17"/>
			<tank id="8"/>
			<tank id="24"/>
			<tank id="23"/>
			<tank id="6"/>
			<tank id="4"/>
			<tank id="21"/>
			<tank id="1"/>
			<tank id="7"/>
			<tank id="18"/>
			<tank id="20"/>
			<tank id="12"/>
			<tank id="3"/>
		</neighbours>
	</tank>
	<tank id="3" capa="698">
		<impossiblecargos>
			<cargo id="2"/>
			<cargo id="4"/>
			<cargo id="9"/>
			<cargo id="13"/>
			<cargo id="14"/>
		</impossiblecargos>
		<neighbours>
			<tank id="29"/>
			<tank id="22"/>
			<tank id="13"/>
			<tank id="21"/>
			<tank id="20"/>
			<tank id="23"/>
			<tank id="35"/>
			<tank id="4"/>
			<tank id="5"/>
			<tank id="33"/>
			<tank id="6"/>
			<tank id="1"/>
			<tank id="9"/>
			<tank id="25"/>
			<tank id="2"/>
			<tank id="19"/>
			<tank id="34"/>
			<tank id="27"/>
		</neighbours>
	</tank>
	<tank id="4" capa="961">
		<impossiblecargos>
			<cargo id="1"/>
			<cargo id="3"/>
			<cargo id="5"/>
			<cargo id="7"/>
			<cargo id="9"/>
			<cargo id="11"/>
			<cargo id="13"/>
		</impossiblecargos>
		<neighbours>
			<tank id="9"/>
			<tank id="19"/>
			<tank id="34"/>
			<tank id="21"/>
			<tank id="24"/>
			<tank id="23"/>
			<tank id="22"/>
			<tank id="15"/>
			<tank id="3"/>
			<tank id="1"/>
			<tank id="7"/>
			<tank id="28"/>
			<tank id="18"/>
			<tank id="25"/>
			<tank id="6"/>
			<tank id="2"/>
			<tank id="11"/>
			<tank id="27"/>
			<tank id="5"/>
			<tank id="26"/>
			<tank id="35"/>
		</neighbours>
	</tank>
	<tank id="5" capa="430">
		<impossiblecargos>
			<cargo id="1"/>
			<cargo id="2"/>
			<cargo id="3"/>
			<cargo id="4"/>
			<cargo id="5"/>
			<cargo id="6"/>
			<cargo id="8"/>
			<cargo id="9"/>
			<cargo id="12"/>
		</impossiblecargos>
		<neighbours>
			<tank id="7"/>
			<tank id="1"/>
			<tank id="8"/>
			<tank id="16"/>
			<tank id="24"/>
			<tank id="11"/>
			<tank id="3"/>
			<tank id="26"/>
			<tank id="9"/>
			<tank id="12"/>
			<tank id="22"/>
			<tank id="13"/>
			<tank id="29"/>
			<tank id="25"/>
			<tank id="31"/>
			<tank id="33"/>
			<tank id="21"/>
			<tank id="4"/>
			<tank id="34"/>
		</neighbours>
	</tank>
	<tank id="6" capa="702">
		<impossiblecargos>
			<cargo id="1"/>
			<cargo id="4"/>
			<cargo id="5"/>
			<cargo id="6"/>
			<cargo id="9"/>
			<cargo id="13"/>
			<cargo id="14"/>
			<cargo id="15"/>
		</impossiblecargos>
		<neighbours>
			<tank id="22"/>
			<tank id="31"/>
			<tank id="12"/>
			<tank id="20"/>
			<tank id="24"/>
			<tank id="19"/>
			<tank id="17"/>
			<tank id="25"/>
			<tank id="10"/>
			<tank id="28"/>
			<tank id="21"/>
			<tank id="3"/>
			<tank id="2"/>
			<tank id="15"/>
			<tank id="4"/>
			<tank id="11"/>
			<tank id="26"/>
			<tank id="35"/>
			<tank id="8"/>
		</neighbours>
	</tank>
	<tank id="7" capa="236">
		<impossiblecargos>
			<cargo id="1"/>
			<cargo id="2"/>
			<cargo id="9"/>
			<cargo id="12"/>
			<cargo id="13"/>
			<cargo id="14"/>
		</impossiblecargos>
		<neighbours>
			<tank id="5"/>
			<tank id="35"/>
			<tank id="8"/>
			<tank id="34"/>
			<tank id="16"/>
			<tank id="33"/>
			<tank id="4"/>
			<tank id="27"/>
			<tank id="11"/>
			<tank id="17"/>
			<tank id="13"/>
			<tank id="19"/>
			<tank id="21"/>
			<tank id="31"/>
			<tank id="2"/>
			<tank id="29"/>
			<tank id="24"/>
			<tank id="12"/>
		</neighbours>
	</tank>
	<tank id="8" capa="742">
		<impossiblecargos>
			<cargo id="1"/>
			<cargo id="2"/>
			<cargo id="5"/>
			<cargo id="6"/>
			<cargo id="7"/>
			<cargo id="8"/>
			<cargo id="14"/>
		</impossiblecargos>
		<neighbours>
			<tank id="18"/>
			<tank id="7"/>
			<tank id="5"/>
			<tank id="31"/>
			<tank id="34"/>
			<tank id="9"/>
			<tank id="10"/>
			<tank id="2"/>
			<tank id="25"/>
			<tank id="21"/>
			<tank id="11"/>
			<tank id="16"/>
			<tank id="19"/>
			<tank id="6"/>
			<tank id="33"/>
			<tank id="14"/>
		</neighbours>
	</tank>
	<tank id="9" capa="325">
		<impossiblecargos>
			<cargo id="2"/>
			<cargo id="12"/>
			<cargo id="14"/>
		</impossiblecargos>
		<neighbours>
			<tank id="4"/>
			<tank id="10"/>
			<tank id="20"/>
			<tank id="24"/>
			<tank id="25"/>
			<tank id="8"/>
			<tank id="31"/>
			<tank id="5"/>
			<tank id="12"/>
			<tank id="34"/>
			<tank id="3"/>
			<tank id="33"/>
			<tank id="18"/>
			<tank id="29"/>
			<tank id="13"/>
			<tank id="30"/>
			<tank id="32"/>
		</neighbours>
	</tank>
	<tank id="10" capa="762">
		<impossiblecargos>
			<cargo id="2"/>
			<cargo id="7"/>
			<cargo id="12"/>
			<cargo id="14"/>
			<cargo id="15"/>
		</impossiblecargos>
		<neighbours>
			<tank id="16"/>
			<tank id="2"/>
			<tank id="9"/>
			<tank id="31"/>
			<tank id="8"/>
			<tank id="25"/>
			<tank id="6"/>
			<tank id="15"/>
			<tank id="18"/>
			<tank id="22"/>
			<tank id="26"/>
			<tank id="11"/>
			<tank id="20"/>
			<tank id="32"/>
		</neighbours>
	</tank>
	<tank id="11" capa="296">
		<impossiblecargos>
			<cargo id="3"/>
			<cargo id="4"/>
			<cargo id="5"/>
			<cargo id="9"/>
			<cargo id="10"/>
			<cargo id="11"/>
			<cargo id="12"/>
			<cargo id="15"/>
		</impossiblecargos>
		<neighbours>
			<tank id="24"/>
			<tank id="14"/>
			<tank id="5"/>
			<tank id="7"/>
			<tank id="26"/>
			<tank id="27"/>
			<tank id="20"/>
			<tank id="8"/>
			<tank id="6"/>
			<tank id="10"/>
			<tank id="4"/>
			<tank id="34"/>
			<tank id="16"/>
			<tank id="33"/>
		</neighbours>
	</tank>
	<tank id="12" capa="215">
		<impossiblecargos>
			<cargo id="2"/>
			<cargo id="7"/>
			<cargo id="9"/>
			<cargo id="14"/>
			<cargo id="15"/>
		</impossiblecargos>
		<neighbours>
			<tank id="32"/>
			<tank id="1"/>
			<tank id="6"/>
			<tank id="35"/>
			<tank id="19"/>
			<tank id="17"/>
			<tank id="26"/>
			<tank id="30"/>
			<tank id="5"/>
			<tank id="23"/>
			<tank id="9"/>
			<tank id="33"/>
			<tank id="24"/>
			<tank id="25"/>
			<tank id="20"/>
			<tank id="18"/>
			<tank id="21"/>
			<tank id="13"/>
			<tank id="27"/>
			<tank id="2"/>
			<tank id="16"/>
			<tank id="7"/>
		</neighbours>
	</tank>
	<tank id="13" capa="454">
		<impossiblecargos>
			<cargo id="1"/>
			<cargo id="5"/>
			<cargo id="6"/>
			<cargo id="7"/>
			<cargo id="9"/>
			<cargo id="10"/>
			<cargo id="13"/>
			<cargo id="15"/>
		</impossiblecargos>
		<neighbours>
			<tank id="22"/>
			<tank id="20"/>
			<tank id="14"/>
			<tank id="27"/>
			<tank id="21"/>
			<tank id="31"/>
			<tank id="18"/>
			<tank id="3"/>
			<tank id="34"/>
			<tank id="1"/>
			<tank id="35"/>
			<tank id="32"/>
			<tank id="5"/>
			<tank id="7"/>
			<tank id="33"/>
			<tank id="12"/>
			<tank id="19"/>
			<tank id="15"/>
			<tank id="9"/>
			<tank id="28"/>
			<tank id="29"/>
		</neighbours>
	</tank>
	<tank id="14" capa="277">
		<impossiblecargos>
			<cargo id="2"/>
			<cargo id="4"/>
			<cargo id="5"/>
			<cargo id="11"/>
			<cargo id="13"/>
			<cargo id="14"/>
		</impossiblecargos>
		<neighbours>
			<tank id="1"/>
			<tank id="11"/>
			<tank id="13"/>
			<tank id="23"/>
			<tank id="26"/>
			<tank id="19"/>
			<tank id="16"/>
			<tank id="31"/>
			<tank id="21"/>
			<tank id="32"/>
			<tank id="8"/>
			<tank id="22"/>
			<tank id="33"/>
		</neighbours>
	</tank>
	<tank id="15" capa="868">
		<impossiblecargos>
			<cargo id="2"/>
			<cargo id="8"/>
			<cargo id="10"/>
			<cargo id="12"/>
			<cargo id="15"/>
		</impossiblecargos>
		<neighbours>
			<tank id="17"/>
			<tank id="22"/>
			<tank id="32"/>
			<tank id="4"/>
			<tank id="16"/>
			<tank id="23"/>
			<tank id="31"/>
			<tank id="10"/>
			<tank id="18"/>
			<tank id="30"/>
			<tank id="6"/>
			<tank id="13"/>
			<tank id="24"/>
			<tank id="33"/>
		</neighbours>
	</tank>
	<tank id="16" capa="846">
		<impossiblecargos>
			<cargo id="2"/>
			<cargo id="3"/>
			<cargo id="6"/>
			<cargo id="7"/>
			<cargo id="8"/>
			<cargo id="9"/>
			<cargo id="11"/>
			<cargo id="12"/>
			<cargo id="14"/>
			<cargo id="15"/>
		</impossiblecargos>
		<neighbours>
			<tank id="23"/>
			<tank id="10"/>
			<tank id="5"/>
			<tank id="27"/>
			<tank id="7"/>
			<tank id="15"/>
			<tank id="1"/>
			<tank id="14"/>
			<tank id="34"/>
			<tank id="30"/>
			<tank id="33"/>
			<tank id="17"/>
			<tank id="19"/>
			<tank id="8"/>
			<tank id="11"/>
			<tank id="18"/>
			<tank id="22"/>
			<tank id="12"/>
		</neighbours>
	</tank>
	<tank id="17" capa="290">
		<impossiblecargos>
			<cargo id="3"/>
			<cargo id="4"/>
			<cargo id="7"/>
			<cargo id="9"/>
			<cargo id="11"/>
			<cargo id="13"/>
		</impossiblecargos>
		<neighbours>
			<tank id="15"/>
			<tank id="31"/>
			<tank id="6"/>
			<tank id="2"/>
			<tank id="12"/>
			<tank id="18"/>
			<tank id="24"/>
			<tank id="7"/>
			<tank id="22"/>
			<tank id="32"/>
			<tank id="16"/>
			<tank id="26"/>
		</neighbours>
	</tank>
	<tank id="18" capa="527">
		<impossiblecargos>
			<cargo id="1"/>
			<cargo id="4"/>
			<cargo id="5"/>
			<cargo id="6"/>
			<cargo id="7"/>
			<cargo id="8"/>
			<cargo id="10"/>
			<cargo id="11"/>
			<cargo id="12"/>
			<cargo id="14"/>
		</impossiblecargos>
		<neighbours>
			<tank id="8"/>
			<tank id="13"/>
			<tank id="23"/>
			<tank id="24"/>
			<tank id="17"/>
			<tank id="21"/>
			<tank id="31"/>
			<tank id="10"/>
			<tank id="4"/>
			<tank id="15"/>
			<tank id="12"/>
			<tank id="2"/>
			<tank id="33"/>
			<tank id="9"/>
			<tank id="16"/>
			<tank id="28"/>
		</neighbours>
	</tank>
	<tank id="19" capa="271">
		<impossiblecargos>
			<cargo id="7"/>
			<cargo id="8"/>
			<cargo id="9"/>
			<cargo id="10"/>
			<cargo id="11"/>
		</impossiblecargos>
		<neighbours>
			<tank id="26"/>
			<tank id="23"/>
			<tank id="4"/>
			<tank id="33"/>
			<tank id="24"/>
			<tank id="6"/>
			<tank id="2"/>
			<tank id="12"/>
			<tank id="31"/>
			<tank id="21"/>
			<tank id="14"/>
			<tank id="28"/>
			<tank id="20"/>
			<tank id="7"/>
			<tank id="13"/>
			<tank id="16"/>
			<tank id="8"/>
			<tank id="3"/>
			<tank id="30"/>
		</neighbours>
	</tank>
	<tank id="20" capa="441">
		<impossiblecargos>
			<cargo id="2"/>
			<cargo id="3"/>
			<cargo id="8"/>
			<cargo id="11"/>
			<cargo id="12"/>
			<cargo id="14"/>
		</impossiblecargos>
		<neighbours>
			<tank id="29"/>
			<tank id="13"/>
			<tank id="32"/>
			<tank id="23"/>
			<tank id="6"/>
			<tank id="3"/>
			<tank id="30"/>
			<tank id="9"/>
			<tank id="19"/>
			<tank id="12"/>
			<tank id="11"/>
			<tank id="2"/>
			<tank id="22"/>
			<tank id="35"/>
			<tank id="10"/>
			<tank id="34"/>
			<tank id="33"/>
			<tank id="31"/>
		</neighbours>
	</tank>
	<tank id="21" capa="207">
		<impossiblecargos>
			<cargo id="1"/>
			<cargo id="3"/>
			<cargo id="5"/>
			<cargo id="11"/>
			<cargo id="13"/>
		</impossiblecargos>
		<neighbours>
			<tank id="13"/>
			<tank id="4"/>
			<tank id="3"/>
			<tank id="31"/>
			<tank id="18"/>
			<tank id="22"/>
			<tank id="19"/>
			<tank id="27"/>
			<tank id="6"/>
			<tank id="28"/>
			<tank id="35"/>
			<tank id="26"/>
			<tank id="8"/>
			<tank id="12"/>
			<tank id="2"/>
			<tank id="5"/>
			<tank id="7"/>
			<tank id="14"/>
			<tank id="32"/>
			<tank id="33"/>
			<tank id="24"/>
		</neighbours>
	</tank>
	<tank id="22" capa="863">
		<impossiblecargos>
			<cargo id="1"/>
			<cargo id="2"/>
			<cargo id="4"/>
			<cargo id="14"/>
		</impossiblecargos>
		<neighbours>
			<tank id="13"/>
			<tank id="6"/>
			<tank id="15"/>
			<tank id="3"/>
			<tank id="4"/>
			<tank id="24"/>
			<tank id="29"/>
			<tank id="34"/>
			<tank id="21"/>
			<tank id="27"/>
			<tank id="5"/>
			<tank id="32"/>
			<tank id="17"/>
			<tank id="10"/>
			<tank id="35"/>
			<tank id="20"/>
			<tank id="14"/>
			<tank id="16"/>
			<tank id="28"/>
		</neighbours>
	</tank>
	<tank id="23" capa="459">
		<impossiblecargos>
			<cargo id="3"/>
			<cargo id="4"/>
			<cargo id="6"/>
			<cargo id="8"/>
			<cargo id="9"/>
			<cargo id="10"/>
			<cargo id="11"/>
			<cargo id="15"/>
		</impossiblecargos>
		<neighbours>
			<tank id="19"/>
			<tank id="16"/>
			<tank id="1"/>
			<tank id="20"/>
			<tank id="18"/>
			<tank id="32"/>
			<tank id="3"/>
			<tank id="4"/>
			<tank id="14"/>
			<tank id="24"/>
			<tank id="29"/>
			<tank id="12"/>
			<tank id="15"/>
			<tank id="2"/>
			<tank id="25"/>
			<tank id="28"/>
		</neighbours>
	</tank>
	<tank id="24" capa="981">
		<impossiblecargos>
			<cargo id="2"/>
			<cargo id="3"/>
			<cargo id="7"/>
			<cargo id="8"/>
			<cargo id="10"/>
		</impossiblecargos>
		<neighbours>
			<tank id="28"/>
			<tank id="27"/>
			<tank id="11"/>
			<tank id="29"/>
			<tank id="19"/>
			<tank id="6"/>
			<tank id="4"/>
			<tank id="34"/>
			<tank id="22"/>
			<tank id="25"/>
			<tank id="23"/>
			<tank id="9"/>
			<tank id="5"/>
			<tank id="18"/>
			<tank id="17"/>
			<tank id="1"/>
			<tank id="2"/>
			<tank id="12"/>
			<tank id="30"/>
			<tank id="7"/>
			<tank id="15"/>
			<tank id="21"/>
		</neighbours>
	</tank>
	<tank id="25" capa="536">
		<impossiblecargos>
			<cargo id="1"/>
			<cargo id="3"/>
			<cargo id="5"/>
			<cargo id="6"/>
			<cargo id="7"/>
			<cargo id="9"/>
			<cargo id="10"/>
			<cargo id="12"/>
			<cargo id="13"/>
			<cargo id="14"/>
		</impossiblecargos>
		<neighbours>
			<tank id="24"/>
			<tank id="9"/>
			<tank id="6"/>
			<tank id="10"/>
			<tank id="26"/>
			<tank id="8"/>
			<tank id="31"/>
			<tank id="12"/>
			<tank id="5"/>
			<tank id="4"/>
			<tank id="35"/>
			<tank id="23"/>
			<tank id="3"/>
			<tank id="30"/>
			<tank id="32"/>
		</neighbours>
	</tank>
	<tank id="26" capa="488">
		<impossiblecargos>
			<cargo id="5"/>
			<cargo id="6"/>
			<cargo id="9"/>
			<cargo id="10"/>
			<cargo id="11"/>
			<cargo id="13"/>
			<cargo id="14"/>
		</impossiblecargos>
		<neighbours>
			<tank id="19"/>
			<tank id="14"/>
			<tank id="31"/>
			<tank id="25"/>
			<tank id="12"/>
			<tank id="5"/>
			<tank id="11"/>
			<tank id="21"/>
			<tank id="10"/>
			<tank id="6"/>
			<tank id="30"/>
			<tank id="17"/>
			<tank id="4"/>
			<tank id="34"/>
		</neighbours>
	</tank>
	<tank id="27" capa="410">
		<impossiblecargos>
			<cargo id="3"/>
			<cargo id="5"/>
			<cargo id="6"/>
			<cargo id="7"/>
			<cargo id="9"/>
			<cargo id="10"/>
			<cargo id="13"/>
			<cargo id="15"/>
		</impossiblecargos>
		<neighbours>
			<tank id="24"/>
			<tank id="13"/>
			<tank id="34"/>
			<tank id="1"/>
			<tank id="16"/>
			<tank id="30"/>
			<tank id="7"/>
			<tank id="22"/>
			<tank id="21"/>
			<tank id="11"/>
			<tank id="29"/>
			<tank id="35"/>
			<tank id="12"/>
			<tank id="4"/>
			<tank id="3"/>
		</neighbours>
	</tank>
	<tank id="28" capa="440">
		<impossiblecargos>
			<cargo id="1"/>
			<cargo id="2"/>
			<cargo id="3"/>
			<cargo id="8"/>
			<cargo id="12"/>
			<cargo id="14"/>
		</impossiblecargos>
		<neighbours>
			<tank id="31"/>
			<tank id="24"/>
			<tank id="6"/>
			<tank id="32"/>
			<tank id="4"/>
			<tank id="19"/>
			<tank id="21"/>
			<tank id="30"/>
			<tank id="35"/>
			<tank id="34"/>
			<tank id="33"/>
			<tank id="18"/>
			<tank id="13"/>
			<tank id="23"/>
			<tank id="22"/>
		</neighbours>
	</tank>
	<tank id="29" capa="216">
		<impossiblecargos>
			<cargo id="3"/>
			<cargo id="5"/>
			<cargo id="6"/>
			<cargo id="8"/>
			<cargo id="9"/>
			<cargo id="11"/>
			<cargo id="13"/>
			<cargo id="15"/>
		</impossiblecargos>
		<neighbours>
			<tank id="20"/>
			<tank id="2"/>
			<tank id="3"/>
			<tank id="24"/>
			<tank id="31"/>
			<tank id="22"/>
			<tank id="23"/>
			<tank id="30"/>
			<tank id="5"/>
			<tank id="27"/>
			<tank id="7"/>
			<tank id="9"/>
			<tank id="13"/>
			<tank id="34"/>
		</neighbours>
	</tank>
	<tank id="30" capa="441">
		<impossiblecargos>
			<cargo id="2"/>
			<cargo id="4"/>
			<cargo id="5"/>
			<cargo id="6"/>
			<cargo id="7"/>
			<cargo id="8"/>
			<cargo id="12"/>
			<cargo id="14"/>
			<cargo id="15"/>
		</impossiblecargos>
		<neighbours>
			<tank id="20"/>
			<tank id="27"/>
			<tank id="32"/>
			<tank id="12"/>
			<tank id="29"/>
			<tank id="16"/>
			<tank id="24"/>
			<tank id="28"/>
			<tank id="15"/>
			<tank id="26"/>
			<tank id="19"/>
			<tank id="25"/>
			<tank id="9"/>
			<tank id="33"/>
			<tank id="1"/>
		</neighbours>
	</tank>
	<tank id="31" capa="645">
		<impossiblecargos>
			<cargo id="1"/>
			<cargo id="2"/>
			<cargo id="4"/>
			<cargo id="5"/>
			<cargo id="6"/>
			<cargo id="7"/>
			<cargo id="8"/>
			<cargo id="11"/>
			<cargo id="15"/>
		</impossiblecargos>
		<neighbours>
			<tank id="28"/>
			<tank id="6"/>
			<tank id="13"/>
			<tank id="33"/>
			<tank id="29"/>
			<tank id="17"/>
			<tank id="21"/>
			<tank id="10"/>
			<tank id="8"/>
			<tank id="9"/>
			<tank id="26"/>
			<tank id="1"/>
			<tank id="19"/>
			<tank id="15"/>
			<tank id="18"/>
			<tank id="25"/>
			<tank id="14"/>
			<tank id="5"/>
			<tank id="7"/>
			<tank id="20"/>
		</neighbours>
	</tank>
	<tank id="32" capa="734">
		<impossiblecargos>
			<cargo id="3"/>
			<cargo id="6"/>
			<cargo id="7"/>
			<cargo id="8"/>
			<cargo id="11"/>
			<cargo id="15"/>
		</impossiblecargos>
		<neighbours>
			<tank id="20"/>
			<tank id="12"/>
			<tank id="1"/>
			<tank id="23"/>
			<tank id="15"/>
			<tank id="30"/>
			<tank id="28"/>
			<tank id="13"/>
			<tank id="22"/>
			<tank id="17"/>
			<tank id="21"/>
			<tank id="14"/>
			<tank id="25"/>
			<tank id="10"/>
			<tank id="9"/>
		</neighbours>
	</tank>
	<tank id="33" capa="595">
		<impossiblecargos>
			<cargo id="1"/>
			<cargo id="2"/>
			<cargo id="3"/>
			<cargo id="4"/>
			<cargo id="6"/>
			<cargo id="9"/>
			<cargo id="10"/>
			<cargo id="13"/>
			<cargo id="14"/>
		</impossiblecargos>
		<neighbours>
			<tank id="19"/>
			<tank id="31"/>
			<tank id="7"/>
			<tank id="12"/>
			<tank id="3"/>
			<tank id="16"/>
			<tank id="5"/>
			<tank id="13"/>
			<tank id="1"/>
			<tank id="21"/>
			<tank id="9"/>
			<tank id="18"/>
			<tank id="8"/>
			<tank id="20"/>
			<tank id="28"/>
			<tank id="15"/>
			<tank id="35"/>
			<tank id="11"/>
			<tank id="14"/>
			<tank id="30"/>
		</neighbours>
	</tank>
	<tank id="34" capa="485">
		<impossiblecargos>
			<cargo id="3"/>
			<cargo id="7"/>
			<cargo id="8"/>
			<cargo id="9"/>
			<cargo id="10"/>
			<cargo id="11"/>
			<cargo id="12"/>
			<cargo id="14"/>
		</impossiblecargos>
		<neighbours>
			<tank id="27"/>
			<tank id="4"/>
			<tank id="7"/>
			<tank id="2"/>
			<tank id="24"/>
			<tank id="13"/>
			<tank id="22"/>
			<tank id="8"/>
			<tank id="9"/>
			<tank id="16"/>
			<tank id="11"/>
			<tank id="20"/>
			<tank id="28"/>
			<tank id="5"/>
			<tank id="29"/>
			<tank id="3"/>
			<tank id="26"/>
		</neighbours>
	</tank>
	<tank id="35" capa="737">
		<impossiblecargos>
			<cargo id="7"/>
			<cargo id="8"/>
			<cargo id="10"/>
			<cargo id="11"/>
			<cargo id="12"/>
			<cargo id="13"/>
			<cargo id="15"/>
		</impossiblecargos>
		<neighbours>
			<tank id="2"/>
			<tank id="7"/>
			<tank id="12"/>
			<tank id="3"/>
			<tank id="13"/>
			<tank id="21"/>
			<tank id="25"/>
			<tank id="27"/>
			<tank id="22"/>
			<tank id="28"/>
			<tank id="6"/>
			<tank id="20"/>
			<tank id="33"/>
			<tank id="4"/>
		</neighbours>
	</tank>
</tanks>
</problem>
