<?xml version="1.0" encoding="UTF-8"?>
<!--
This is a random problem, generated with these parameters:
nCargo = 25
nTanks = 40
nEmptyTanks = 1
tankMinSize = 200
tankMaxSize = 1000
tankFillRatioMin = 0.5
tankFillRatioMax = 1.0
connectivityRatio = 0.25
impossibleCargoRatio = 0.25
notNeighbouringRatio = 0.75
-->
<problem>
<cargos nb="25">
	<cargo id="1" name="c1" volume="541"/>
	<cargo id="2" name="c2" volume="0"/>
	<cargo id="3" name="c3" volume="1034"/>
	<cargo id="4" name="c4" volume="626"/>
	<cargo id="5" name="c5" volume="1263"/>
	<cargo id="6" name="c6" volume="472"/>
	<cargo id="7" name="c7" volume="283"/>
	<cargo id="8" name="c8" volume="488"/>
	<cargo id="9" name="c9" volume="709"/>
	<cargo id="10" name="c10" volume="0"/>
	<cargo id="11" name="c11" volume="468"/>
	<cargo id="12" name="c12" volume="2117"/>
	<cargo id="13" name="c13" volume="1727"/>
	<cargo id="14" name="c14" volume="0"/>
	<cargo id="15" name="c15" volume="409"/>
	<cargo id="16" name="c16" volume="499"/>
	<cargo id="17" name="c17" volume="904"/>
	<cargo id="18" name="c18" volume="755"/>
	<cargo id="19" name="c19" volume="0"/>
	<cargo id="20" name="c20" volume="433"/>
	<cargo id="21" name="c21" volume="610"/>
	<cargo id="22" name="c22" volume="0"/>
	<cargo id="23" name="c23" volume="380"/>
	<cargo id="24" name="c24" volume="589"/>
	<cargo id="25" name="c25" volume="1700"/>
</cargos>
<incompatibles>
	<incompatible cargo1="1"  cargo2="6"/>
	<incompatible cargo1="1"  cargo2="7"/>
	<incompatible cargo1="1"  cargo2="8"/>
	<incompatible cargo1="1"  cargo2="9"/>
	<incompatible cargo1="1"  cargo2="10"/>
	<incompatible cargo1="1"  cargo2="11"/>
	<incompatible cargo1="1"  cargo2="14"/>
	<incompatible cargo1="1"  cargo2="16"/>
	<incompatible cargo1="1"  cargo2="17"/>
	<incompatible cargo1="1"  cargo2="19"/>
	<incompatible cargo1="1"  cargo2="21"/>
	<incompatible cargo1="1"  cargo2="23"/>
	<incompatible cargo1="1"  cargo2="24"/>
	<incompatible cargo1="1"  cargo2="25"/>
	<incompatible cargo1="2"  cargo2="3"/>
	<incompatible cargo1="2"  cargo2="5"/>
	<incompatible cargo1="2"  cargo2="6"/>
	<incompatible cargo1="2"  cargo2="7"/>
	<incompatible cargo1="2"  cargo2="8"/>
	<incompatible cargo1="2"  cargo2="9"/>
	<incompatible cargo1="2"  cargo2="10"/>
	<incompatible cargo1="2"  cargo2="13"/>
	<incompatible cargo1="2"  cargo2="14"/>
	<incompatible cargo1="2"  cargo2="15"/>
	<incompatible cargo1="2"  cargo2="16"/>
	<incompatible cargo1="2"  cargo2="18"/>
	<incompatible cargo1="2"  cargo2="20"/>
	<incompatible cargo1="2"  cargo2="21"/>
	<incompatible cargo1="2"  cargo2="22"/>
	<incompatible cargo1="2"  cargo2="23"/>
	<incompatible cargo1="2"  cargo2="24"/>
	<incompatible cargo1="2"  cargo2="25"/>
	<incompatible cargo1="3"  cargo2="6"/>
	<incompatible cargo1="3"  cargo2="8"/>
	<incompatible cargo1="3"  cargo2="16"/>
	<incompatible cargo1="3"  cargo2="19"/>
	<incompatible cargo1="4"  cargo2="6"/>
	<incompatible cargo1="4"  cargo2="8"/>
	<incompatible cargo1="4"  cargo2="10"/>
	<incompatible cargo1="4"  cargo2="16"/>
	<incompatible cargo1="4"  cargo2="17"/>
	<incompatible cargo1="4"  cargo2="19"/>
	<incompatible cargo1="4"  cargo2="21"/>
	<incompatible cargo1="4"  cargo2="22"/>
	<incompatible cargo1="4"  cargo2="24"/>
	<incompatible cargo1="5"  cargo2="6"/>
	<incompatible cargo1="5"  cargo2="8"/>
	<incompatible cargo1="5"  cargo2="10"/>
	<incompatible cargo1="5"  cargo2="14"/>
	<incompatible cargo1="5"  cargo2="19"/>
	<incompatible cargo1="5"  cargo2="22"/>
	<incompatible cargo1="6"  cargo2="9"/>
	<incompatible cargo1="6"  cargo2="10"/>
	<incompatible cargo1="6"  cargo2="11"/>
	<incompatible cargo1="6"  cargo2="13"/>
	<incompatible cargo1="6"  cargo2="17"/>
	<incompatible cargo1="6"  cargo2="19"/>
	<incompatible cargo1="6"  cargo2="20"/>
	<incompatible cargo1="6"  cargo2="21"/>
	<incompatible cargo1="6"  cargo2="22"/>
	<incompatible cargo1="6"  cargo2="24"/>
	<incompatible cargo1="7"  cargo2="9"/>
	<incompatible cargo1="7"  cargo2="10"/>
	<incompatible cargo1="7"  cargo2="11"/>
	<incompatible cargo1="7"  cargo2="14"/>
	<incompatible cargo1="7"  cargo2="19"/>
	<incompatible cargo1="7"  cargo2="21"/>
	<incompatible cargo1="7"  cargo2="22"/>
	<incompatible cargo1="7"  cargo2="23"/>
	<incompatible cargo1="8"  cargo2="9"/>
	<incompatible cargo1="8"  cargo2="10"/>
	<incompatible cargo1="8"  cargo2="11"/>
	<incompatible cargo1="8"  cargo2="14"/>
	<incompatible cargo1="8"  cargo2="17"/>
	<incompatible cargo1="8"  cargo2="19"/>
	<incompatible cargo1="8"  cargo2="20"/>
	<incompatible cargo1="8"  cargo2="22"/>
	<incompatible cargo1="8"  cargo2="23"/>
	<incompatible cargo1="8"  cargo2="24"/>
	<incompatible cargo1="9"  cargo2="10"/>
	<incompatible cargo1="9"  cargo2="11"/>
	<incompatible cargo1="9"  cargo2="14"/>
	<incompatible cargo1="9"  cargo2="15"/>
	<incompatible cargo1="9"  cargo2="16"/>
	<incompatible cargo1="9"  cargo2="18"/>
	<incompatible cargo1="9"  cargo2="21"/>
	<incompatible cargo1="9"  cargo2="22"/>
	<incompatible cargo1="10"  cargo2="11"/>
	<incompatible cargo1="10"  cargo2="12"/>
	<incompatible cargo1="10"  cargo2="13"/>
	<incompatible cargo1="10"  cargo2="14"/>
	<incompatible cargo1="10"  cargo2="15"/>
	<incompatible cargo1="10"  cargo2="16"/>
	<incompatible cargo1="10"  cargo2="17"/>
	<incompatible cargo1="10"  cargo2="18"/>
	<incompatible cargo1="10"  cargo2="20"/>
	<incompatible cargo1="10"  cargo2="21"/>
	<incompatible cargo1="10"  cargo2="22"/>
	<incompatible cargo1="10"  cargo2="23"/>
	<incompatible cargo1="10"  cargo2="24"/>
	<incompatible cargo1="11"  cargo2="13"/>
	<incompatible cargo1="11"  cargo2="14"/>
	<incompatible cargo1="11"  cargo2="16"/>
	<incompatible cargo1="11"  cargo2="17"/>
	<incompatible cargo1="11"  cargo2="20"/>
	<incompatible cargo1="11"  cargo2="21"/>
	<incompatible cargo1="11"  cargo2="24"/>
	<incompatible cargo1="12"  cargo2="14"/>
	<incompatible cargo1="12"  cargo2="22"/>
	<incompatible cargo1="12"  cargo2="23"/>
	<incompatible cargo1="13"  cargo2="14"/>
	<incompatible cargo1="13"  cargo2="16"/>
	<incompatible cargo1="13"  cargo2="19"/>
	<incompatible cargo1="13"  cargo2="22"/>
	<incompatible cargo1="13"  cargo2="24"/>
	<incompatible cargo1="14"  cargo2="16"/>
	<incompatible cargo1="14"  cargo2="17"/>
	<incompatible cargo1="14"  cargo2="19"/>
	<incompatible cargo1="14"  cargo2="20"/>
	<incompatible cargo1="14"  cargo2="21"/>
	<incompatible cargo1="14"  cargo2="23"/>
	<incompatible cargo1="14"  cargo2="25"/>
	<incompatible cargo1="15"  cargo2="19"/>
	<incompatible cargo1="15"  cargo2="21"/>
	<incompatible cargo1="15"  cargo2="22"/>
	<incompatible cargo1="16"  cargo2="17"/>
	<incompatible cargo1="16"  cargo2="19"/>
	<incompatible cargo1="16"  cargo2="22"/>
	<incompatible cargo1="17"  cargo2="22"/>
	<incompatible cargo1="17"  cargo2="23"/>
	<incompatible cargo1="18"  cargo2="22"/>
	<incompatible cargo1="18"  cargo2="24"/>
	<incompatible cargo1="18"  cargo2="25"/>
	<incompatible cargo1="19"  cargo2="20"/>
	<incompatible cargo1="19"  cargo2="21"/>
	<incompatible cargo1="19"  cargo2="23"/>
	<incompatible cargo1="19"  cargo2="25"/>
	<incompatible cargo1="20"  cargo2="22"/>
	<incompatible cargo1="20"  cargo2="23"/>
	<incompatible cargo1="21"  cargo2="23"/>
	<incompatible cargo1="21"  cargo2="24"/>
	<incompatible cargo1="22"  cargo2="23"/>
	<incompatible cargo1="22"  cargo2="25"/>
	<incompatible cargo1="23"  cargo2="24"/>
</incompatibles>
<tanks nb="40">
	<tank id="1" capa="263">
		<impossiblecargos>
			<cargo id="4"/>
			<cargo id="5"/>
			<cargo id="19"/>
			<cargo id="25"/>
		</impossiblecargos>
		<neighbours>
			<tank id="4"/>
			<tank id="5"/>
			<tank id="30"/>
			<tank id="35"/>
			<tank id="34"/>
			<tank id="28"/>
			<tank id="11"/>
			<tank id="32"/>
			<tank id="31"/>
			<tank id="19"/>
			<tank id="37"/>
			<tank id="33"/>
			<tank id="18"/>
			<tank id="14"/>
		</neighbours>
	</tank>
	<tank id="2" capa="489">
		<impossiblecargos>
			<cargo id="1"/>
			<cargo id="7"/>
			<cargo id="21"/>
			<cargo id="22"/>
		</impossiblecargos>
		<neighbours>
			<tank id="19"/>
			<tank id="18"/>
			<tank id="10"/>
			<tank id="11"/>
			<tank id="40"/>
			<tank id="5"/>
			<tank id="22"/>
			<tank id="8"/>
			<tank id="36"/>
			<tank id="23"/>
		</neighbours>
	</tank>
	<tank id="3" capa="719">
		<impossiblecargos>
			<cargo id="1"/>
			<cargo id="2"/>
			<cargo id="6"/>
			<cargo id="7"/>
			<cargo id="14"/>
			<cargo id="15"/>
			<cargo id="18"/>
			<cargo id="19"/>
			<cargo id="21"/>
			<cargo id="22"/>
		</impossiblecargos>
		<neighbours>
			<tank id="8"/>
			<tank id="40"/>
			<tank id="31"/>
			<tank id="17"/>
			<tank id="19"/>
			<tank id="16"/>
			<tank id="36"/>
			<tank id="6"/>
		</neighbours>
	</tank>
	<tank id="4" capa="943">
		<impossiblecargos>
			<cargo id="4"/>
			<cargo id="7"/>
			<cargo id="10"/>
			<cargo id="16"/>
			<cargo id="23"/>
		</impossiblecargos>
		<neighbours>
			<tank id="1"/>
			<tank id="34"/>
			<tank id="29"/>
			<tank id="22"/>
			<tank id="12"/>
			<tank id="33"/>
			<tank id="15"/>
			<tank id="9"/>
			<tank id="14"/>
			<tank id="32"/>
			<tank id="39"/>
			<tank id="7"/>
			<tank id="19"/>
		</neighbours>
	</tank>
	<tank id="5" capa="262">
		<impossiblecargos>
			<cargo id="11"/>
			<cargo id="13"/>
		</impossiblecargos>
		<neighbours>
			<tank id="1"/>
			<tank id="38"/>
			<tank id="15"/>
			<tank id="2"/>
			<tank id="32"/>
			<tank id="37"/>
			<tank id="28"/>
			<tank id="8"/>
			<tank id="11"/>
			<tank id="30"/>
		</neighbours>
	</tank>
	<tank id="6" capa="720">
		<impossiblecargos>
			<cargo id="5"/>
			<cargo id="8"/>
			<cargo id="9"/>
			<cargo id="15"/>
		</impossiblecargos>
		<neighbours>
			<tank id="34"/>
			<tank id="21"/>
			<tank id="8"/>
			<tank id="20"/>
			<tank id="19"/>
			<tank id="38"/>
			<tank id="15"/>
			<tank id="22"/>
			<tank id="3"/>
			<tank id="16"/>
		</neighbours>
	</tank>
	<tank id="7" capa="473">
		<impossiblecargos>
			<cargo id="6"/>
			<cargo id="9"/>
			<cargo id="12"/>
			<cargo id="13"/>
			<cargo id="15"/>
			<cargo id="23"/>
		</impossiblecargos>
		<neighbours>
			<tank id="11"/>
			<tank id="32"/>
			<tank id="10"/>
			<tank id="30"/>
			<tank id="36"/>
			<tank id="17"/>
			<tank id="23"/>
			<tank id="33"/>
			<tank id="18"/>
			<tank id="29"/>
			<tank id="9"/>
			<tank id="19"/>
			<tank id="4"/>
			<tank id="27"/>
			<tank id="38"/>
			<tank id="21"/>
			<tank id="15"/>
		</neighbours>
	</tank>
	<tank id="8" capa="935">
		<impossiblecargos>
			<cargo id="1"/>
			<cargo id="9"/>
			<cargo id="13"/>
			<cargo id="21"/>
			<cargo id="24"/>
		</impossiblecargos>
		<neighbours>
			<tank id="3"/>
			<tank id="36"/>
			<tank id="6"/>
			<tank id="24"/>
			<tank id="2"/>
			<tank id="35"/>
			<tank id="5"/>
			<tank id="19"/>
			<tank id="29"/>
		</neighbours>
	</tank>
	<tank id="9" capa="650">
		<impossiblecargos>
			<cargo id="2"/>
			<cargo id="3"/>
			<cargo id="6"/>
			<cargo id="11"/>
			<cargo id="12"/>
			<cargo id="16"/>
			<cargo id="23"/>
			<cargo id="25"/>
		</impossiblecargos>
		<neighbours>
			<tank id="19"/>
			<tank id="31"/>
			<tank id="35"/>
			<tank id="37"/>
			<tank id="22"/>
			<tank id="4"/>
			<tank id="24"/>
			<tank id="12"/>
			<tank id="7"/>
			<tank id="17"/>
			<tank id="16"/>
			<tank id="20"/>
			<tank id="32"/>
		</neighbours>
	</tank>
	<tank id="10" capa="770">
		<impossiblecargos>
			<cargo id="1"/>
			<cargo id="7"/>
			<cargo id="9"/>
			<cargo id="17"/>
			<cargo id="23"/>
		</impossiblecargos>
		<neighbours>
			<tank id="12"/>
			<tank id="18"/>
			<tank id="2"/>
			<tank id="7"/>
			<tank id="21"/>
			<tank id="19"/>
			<tank id="32"/>
			<tank id="11"/>
			<tank id="13"/>
		</neighbours>
	</tank>
	<tank id="11" capa="817">
		<impossiblecargos>
			<cargo id="2"/>
			<cargo id="7"/>
			<cargo id="11"/>
			<cargo id="12"/>
			<cargo id="13"/>
			<cargo id="15"/>
			<cargo id="17"/>
			<cargo id="23"/>
			<cargo id="24"/>
		</impossiblecargos>
		<neighbours>
			<tank id="35"/>
			<tank id="7"/>
			<tank id="2"/>
			<tank id="13"/>
			<tank id="25"/>
			<tank id="17"/>
			<tank id="30"/>
			<tank id="27"/>
			<tank id="1"/>
			<tank id="39"/>
			<tank id="10"/>
			<tank id="5"/>
		</neighbours>
	</tank>
	<tank id="12" capa="722">
		<impossiblecargos>
			<cargo id="4"/>
			<cargo id="13"/>
			<cargo id="24"/>
		</impossiblecargos>
		<neighbours>
			<tank id="10"/>
			<tank id="18"/>
			<tank id="33"/>
			<tank id="29"/>
			<tank id="26"/>
			<tank id="4"/>
			<tank id="9"/>
			<tank id="19"/>
			<tank id="36"/>
		</neighbours>
	</tank>
	<tank id="13" capa="728">
		<impossiblecargos>
			<cargo id="1"/>
			<cargo id="23"/>
		</impossiblecargos>
		<neighbours>
			<tank id="32"/>
			<tank id="24"/>
			<tank id="11"/>
			<tank id="26"/>
			<tank id="19"/>
			<tank id="25"/>
			<tank id="29"/>
			<tank id="10"/>
		</neighbours>
	</tank>
	<tank id="14" capa="791">
		<impossiblecargos>
			<cargo id="4"/>
			<cargo id="7"/>
			<cargo id="10"/>
			<cargo id="11"/>
			<cargo id="14"/>
			<cargo id="19"/>
		</impossiblecargos>
		<neighbours>
			<tank id="21"/>
			<tank id="4"/>
			<tank id="39"/>
			<tank id="32"/>
			<tank id="28"/>
			<tank id="29"/>
			<tank id="1"/>
		</neighbours>
	</tank>
	<tank id="15" capa="953">
		<impossiblecargos>
			<cargo id="10"/>
			<cargo id="12"/>
			<cargo id="13"/>
			<cargo id="16"/>
			<cargo id="17"/>
		</impossiblecargos>
		<neighbours>
			<tank id="20"/>
			<tank id="23"/>
			<tank id="5"/>
			<tank id="34"/>
			<tank id="4"/>
			<tank id="26"/>
			<tank id="6"/>
			<tank id="29"/>
			<tank id="36"/>
			<tank id="7"/>
			<tank id="33"/>
		</neighbours>
	</tank>
	<tank id="16" capa="989">
		<impossiblecargos>
			<cargo id="3"/>
			<cargo id="4"/>
			<cargo id="17"/>
			<cargo id="19"/>
		</impossiblecargos>
		<neighbours>
			<tank id="18"/>
			<tank id="17"/>
			<tank id="37"/>
			<tank id="19"/>
			<tank id="3"/>
			<tank id="9"/>
			<tank id="6"/>
			<tank id="34"/>
		</neighbours>
	</tank>
	<tank id="17" capa="253">
		<impossiblecargos>
			<cargo id="1"/>
			<cargo id="5"/>
			<cargo id="11"/>
			<cargo id="17"/>
			<cargo id="18"/>
			<cargo id="21"/>
		</impossiblecargos>
		<neighbours>
			<tank id="25"/>
			<tank id="11"/>
			<tank id="7"/>
			<tank id="20"/>
			<tank id="3"/>
			<tank id="16"/>
			<tank id="9"/>
		</neighbours>
	</tank>
	<tank id="18" capa="790">
		<impossiblecargos>
			<cargo id="9"/>
			<cargo id="11"/>
			<cargo id="13"/>
			<cargo id="14"/>
			<cargo id="16"/>
		</impossiblecargos>
		<neighbours>
			<tank id="19"/>
			<tank id="31"/>
			<tank id="12"/>
			<tank id="10"/>
			<tank id="2"/>
			<tank id="16"/>
			<tank id="7"/>
			<tank id="28"/>
			<tank id="38"/>
			<tank id="1"/>
			<tank id="23"/>
		</neighbours>
	</tank>
	<tank id="19" capa="432">
		<impossiblecargos>
			<cargo id="1"/>
			<cargo id="14"/>
			<cargo id="17"/>
			<cargo id="19"/>
			<cargo id="21"/>
			<cargo id="22"/>
			<cargo id="25"/>
		</impossiblecargos>
		<neighbours>
			<tank id="18"/>
			<tank id="9"/>
			<tank id="2"/>
			<tank id="23"/>
			<tank id="10"/>
			<tank id="13"/>
			<tank id="3"/>
			<tank id="12"/>
			<tank id="6"/>
			<tank id="16"/>
			<tank id="7"/>
			<tank id="1"/>
			<tank id="8"/>
			<tank id="20"/>
			<tank id="4"/>
			<tank id="38"/>
			<tank id="40"/>
		</neighbours>
	</tank>
	<tank id="20" capa="634">
		<impossiblecargos>
			<cargo id="5"/>
			<cargo id="14"/>
			<cargo id="18"/>
			<cargo id="19"/>
			<cargo id="25"/>
		</impossiblecargos>
		<neighbours>
			<tank id="15"/>
			<tank id="33"/>
			<tank id="37"/>
			<tank id="6"/>
			<tank id="31"/>
			<tank id="17"/>
			<tank id="9"/>
			<tank id="32"/>
			<tank id="35"/>
			<tank id="19"/>
			<tank id="23"/>
		</neighbours>
	</tank>
	<tank id="21" capa="519">
		<impossiblecargos>
			<cargo id="2"/>
			<cargo id="3"/>
			<cargo id="5"/>
			<cargo id="10"/>
			<cargo id="11"/>
			<cargo id="20"/>
		</impossiblecargos>
		<neighbours>
			<tank id="6"/>
			<tank id="10"/>
			<tank id="14"/>
			<tank id="40"/>
			<tank id="24"/>
			<tank id="7"/>
		</neighbours>
	</tank>
	<tank id="22" capa="763">
		<impossiblecargos>
			<cargo id="5"/>
			<cargo id="6"/>
			<cargo id="7"/>
			<cargo id="8"/>
			<cargo id="13"/>
			<cargo id="16"/>
			<cargo id="19"/>
			<cargo id="20"/>
			<cargo id="21"/>
		</impossiblecargos>
		<neighbours>
			<tank id="4"/>
			<tank id="30"/>
			<tank id="33"/>
			<tank id="9"/>
			<tank id="2"/>
			<tank id="38"/>
			<tank id="23"/>
			<tank id="6"/>
		</neighbours>
	</tank>
	<tank id="23" capa="697">
		<impossiblecargos>
			<cargo id="2"/>
			<cargo id="5"/>
			<cargo id="7"/>
			<cargo id="8"/>
			<cargo id="13"/>
			<cargo id="18"/>
			<cargo id="25"/>
		</impossiblecargos>
		<neighbours>
			<tank id="19"/>
			<tank id="15"/>
			<tank id="35"/>
			<tank id="39"/>
			<tank id="37"/>
			<tank id="7"/>
			<tank id="25"/>
			<tank id="33"/>
			<tank id="2"/>
			<tank id="22"/>
			<tank id="18"/>
			<tank id="20"/>
			<tank id="30"/>
		</neighbours>
	</tank>
	<tank id="24" capa="584">
		<impossiblecargos>
			<cargo id="1"/>
			<cargo id="3"/>
			<cargo id="17"/>
			<cargo id="20"/>
		</impossiblecargos>
		<neighbours>
			<tank id="39"/>
			<tank id="34"/>
			<tank id="13"/>
			<tank id="32"/>
			<tank id="8"/>
			<tank id="9"/>
			<tank id="27"/>
			<tank id="21"/>
		</neighbours>
	</tank>
	<tank id="25" capa="761">
		<impossiblecargos>
			<cargo id="2"/>
			<cargo id="5"/>
			<cargo id="6"/>
			<cargo id="7"/>
			<cargo id="8"/>
			<cargo id="19"/>
			<cargo id="20"/>
			<cargo id="25"/>
		</impossiblecargos>
		<neighbours>
			<tank id="17"/>
			<tank id="11"/>
			<tank id="13"/>
			<tank id="23"/>
			<tank id="30"/>
			<tank id="38"/>
			<tank id="35"/>
		</neighbours>
	</tank>
	<tank id="26" capa="525">
		<impossiblecargos>
			<cargo id="3"/>
			<cargo id="24"/>
		</impossiblecargos>
		<neighbours>
			<tank id="38"/>
			<tank id="12"/>
			<tank id="13"/>
			<tank id="15"/>
			<tank id="37"/>
			<tank id="30"/>
			<tank id="39"/>
			<tank id="40"/>
		</neighbours>
	</tank>
	<tank id="27" capa="879">
		<impossiblecargos>
			<cargo id="1"/>
			<cargo id="4"/>
			<cargo id="21"/>
			<cargo id="22"/>
		</impossiblecargos>
		<neighbours>
			<tank id="11"/>
			<tank id="24"/>
			<tank id="28"/>
			<tank id="32"/>
			<tank id="7"/>
			<tank id="34"/>
		</neighbours>
	</tank>
	<tank id="28" capa="308">
		<impossiblecargos>
			<cargo id="4"/>
			<cargo id="12"/>
			<cargo id="15"/>
			<cargo id="22"/>
			<cargo id="25"/>
		</impossiblecargos>
		<neighbours>
			<tank id="33"/>
			<tank id="35"/>
			<tank id="36"/>
			<tank id="1"/>
			<tank id="5"/>
			<tank id="29"/>
			<tank id="27"/>
			<tank id="18"/>
			<tank id="14"/>
			<tank id="32"/>
		</neighbours>
	</tank>
	<tank id="29" capa="346">
		<impossiblecargos>
			<cargo id="3"/>
			<cargo id="4"/>
			<cargo id="7"/>
			<cargo id="8"/>
			<cargo id="9"/>
			<cargo id="10"/>
			<cargo id="13"/>
			<cargo id="14"/>
			<cargo id="22"/>
			<cargo id="23"/>
		</impossiblecargos>
		<neighbours>
			<tank id="38"/>
			<tank id="31"/>
			<tank id="12"/>
			<tank id="4"/>
			<tank id="7"/>
			<tank id="13"/>
			<tank id="28"/>
			<tank id="15"/>
			<tank id="8"/>
			<tank id="14"/>
		</neighbours>
	</tank>
	<tank id="30" capa="434">
		<impossiblecargos>
			<cargo id="5"/>
			<cargo id="6"/>
			<cargo id="10"/>
			<cargo id="17"/>
			<cargo id="19"/>
			<cargo id="20"/>
		</impossiblecargos>
		<neighbours>
			<tank id="35"/>
			<tank id="1"/>
			<tank id="22"/>
			<tank id="7"/>
			<tank id="38"/>
			<tank id="11"/>
			<tank id="33"/>
			<tank id="31"/>
			<tank id="25"/>
			<tank id="26"/>
			<tank id="5"/>
			<tank id="23"/>
		</neighbours>
	</tank>
	<tank id="31" capa="393">
		<impossiblecargos>
			<cargo id="4"/>
			<cargo id="5"/>
			<cargo id="11"/>
			<cargo id="12"/>
			<cargo id="14"/>
			<cargo id="18"/>
			<cargo id="20"/>
			<cargo id="22"/>
			<cargo id="23"/>
		</impossiblecargos>
		<neighbours>
			<tank id="29"/>
			<tank id="18"/>
			<tank id="9"/>
			<tank id="3"/>
			<tank id="20"/>
			<tank id="1"/>
			<tank id="30"/>
		</neighbours>
	</tank>
	<tank id="32" capa="365">
		<impossiblecargos>
			<cargo id="6"/>
			<cargo id="21"/>
		</impossiblecargos>
		<neighbours>
			<tank id="13"/>
			<tank id="7"/>
			<tank id="24"/>
			<tank id="10"/>
			<tank id="5"/>
			<tank id="4"/>
			<tank id="14"/>
			<tank id="1"/>
			<tank id="33"/>
			<tank id="38"/>
			<tank id="27"/>
			<tank id="20"/>
			<tank id="28"/>
			<tank id="9"/>
		</neighbours>
	</tank>
	<tank id="33" capa="273">
		<impossiblecargos>
			<cargo id="8"/>
			<cargo id="12"/>
			<cargo id="14"/>
			<cargo id="19"/>
			<cargo id="23"/>
		</impossiblecargos>
		<neighbours>
			<tank id="12"/>
			<tank id="28"/>
			<tank id="20"/>
			<tank id="22"/>
			<tank id="4"/>
			<tank id="7"/>
			<tank id="30"/>
			<tank id="23"/>
			<tank id="34"/>
			<tank id="32"/>
			<tank id="38"/>
			<tank id="1"/>
			<tank id="15"/>
		</neighbours>
	</tank>
	<tank id="34" capa="346">
		<impossiblecargos>
			<cargo id="3"/>
			<cargo id="4"/>
			<cargo id="6"/>
			<cargo id="17"/>
			<cargo id="22"/>
		</impossiblecargos>
		<neighbours>
			<tank id="6"/>
			<tank id="24"/>
			<tank id="4"/>
			<tank id="1"/>
			<tank id="15"/>
			<tank id="33"/>
			<tank id="27"/>
			<tank id="16"/>
		</neighbours>
	</tank>
	<tank id="35" capa="777">
		<impossiblecargos>
			<cargo id="9"/>
			<cargo id="16"/>
			<cargo id="20"/>
			<cargo id="21"/>
		</impossiblecargos>
		<neighbours>
			<tank id="11"/>
			<tank id="9"/>
			<tank id="30"/>
			<tank id="1"/>
			<tank id="28"/>
			<tank id="23"/>
			<tank id="8"/>
			<tank id="25"/>
			<tank id="20"/>
		</neighbours>
	</tank>
	<tank id="36" capa="257">
		<impossiblecargos>
			<cargo id="3"/>
			<cargo id="5"/>
			<cargo id="11"/>
			<cargo id="13"/>
			<cargo id="15"/>
			<cargo id="16"/>
			<cargo id="18"/>
			<cargo id="20"/>
			<cargo id="23"/>
		</impossiblecargos>
		<neighbours>
			<tank id="8"/>
			<tank id="7"/>
			<tank id="28"/>
			<tank id="2"/>
			<tank id="3"/>
			<tank id="12"/>
			<tank id="15"/>
		</neighbours>
	</tank>
	<tank id="37" capa="332">
		<impossiblecargos>
			<cargo id="1"/>
			<cargo id="2"/>
			<cargo id="5"/>
			<cargo id="7"/>
			<cargo id="9"/>
			<cargo id="15"/>
			<cargo id="19"/>
			<cargo id="22"/>
			<cargo id="24"/>
			<cargo id="25"/>
		</impossiblecargos>
		<neighbours>
			<tank id="23"/>
			<tank id="20"/>
			<tank id="9"/>
			<tank id="16"/>
			<tank id="5"/>
			<tank id="26"/>
			<tank id="1"/>
		</neighbours>
	</tank>
	<tank id="38" capa="440">
		<impossiblecargos>
			<cargo id="7"/>
			<cargo id="9"/>
			<cargo id="15"/>
			<cargo id="20"/>
			<cargo id="21"/>
			<cargo id="22"/>
			<cargo id="24"/>
		</impossiblecargos>
		<neighbours>
			<tank id="29"/>
			<tank id="5"/>
			<tank id="26"/>
			<tank id="30"/>
			<tank id="6"/>
			<tank id="32"/>
			<tank id="33"/>
			<tank id="22"/>
			<tank id="25"/>
			<tank id="18"/>
			<tank id="7"/>
			<tank id="19"/>
		</neighbours>
	</tank>
	<tank id="39" capa="812">
		<impossiblecargos>
			<cargo id="4"/>
			<cargo id="7"/>
			<cargo id="9"/>
			<cargo id="13"/>
			<cargo id="15"/>
			<cargo id="16"/>
		</impossiblecargos>
		<neighbours>
			<tank id="24"/>
			<tank id="23"/>
			<tank id="14"/>
			<tank id="4"/>
			<tank id="11"/>
			<tank id="26"/>
		</neighbours>
	</tank>
	<tank id="40" capa="659">
		<impossiblecargos>
			<cargo id="2"/>
			<cargo id="5"/>
			<cargo id="11"/>
			<cargo id="14"/>
			<cargo id="16"/>
			<cargo id="19"/>
			<cargo id="21"/>
		</impossiblecargos>
		<neighbours>
			<tank id="3"/>
			<tank id="2"/>
			<tank id="21"/>
			<tank id="26"/>
			<tank id="19"/>
		</neighbours>
	</tank>
</tanks>
</problem>
