<?xml version="1.0" encoding="UTF-8"?>
<!--
This is a random problem, generated with these parameters:
nCargo = 25
nTanks = 35
nEmptyTanks = 1
tankMinSize = 200
tankMaxSize = 300
tankFillRatioMin = 0.9
tankFillRatioMax = 1.0
connectivityRatio = 0.75
impossibleCargoRatio = 0.75
notNeighbouringRatio = 0.25
-->
<problem>
<cargos nb="25">
	<cargo id="1" name="c1" volume="267"/>
	<cargo id="2" name="c2" volume="441"/>
	<cargo id="3" name="c3" volume="0"/>
	<cargo id="4" name="c4" volume="275"/>
	<cargo id="5" name="c5" volume="449"/>
	<cargo id="6" name="c6" volume="227"/>
	<cargo id="7" name="c7" volume="1100"/>
	<cargo id="8" name="c8" volume="283"/>
	<cargo id="9" name="c9" volume="220"/>
	<cargo id="10" name="c10" volume="0"/>
	<cargo id="11" name="c11" volume="246"/>
	<cargo id="12" name="c12" volume="0"/>
	<cargo id="13" name="c13" volume="215"/>
	<cargo id="14" name="c14" volume="225"/>
	<cargo id="15" name="c15" volume="236"/>
	<cargo id="16" name="c16" volume="741"/>
	<cargo id="17" name="c17" volume="944"/>
	<cargo id="18" name="c18" volume="435"/>
	<cargo id="19" name="c19" volume="275"/>
	<cargo id="20" name="c20" volume="0"/>
	<cargo id="21" name="c21" volume="220"/>
	<cargo id="22" name="c22" volume="522"/>
	<cargo id="23" name="c23" volume="256"/>
	<cargo id="24" name="c24" volume="203"/>
	<cargo id="25" name="c25" volume="228"/>
</cargos>
<incompatibles>
	<incompatible cargo1="1"  cargo2="14"/>
	<incompatible cargo1="3"  cargo2="13"/>
	<incompatible cargo1="3"  cargo2="20"/>
	<incompatible cargo1="3"  cargo2="22"/>
	<incompatible cargo1="4"  cargo2="8"/>
	<incompatible cargo1="6"  cargo2="13"/>
	<incompatible cargo1="8"  cargo2="11"/>
	<incompatible cargo1="8"  cargo2="12"/>
	<incompatible cargo1="8"  cargo2="20"/>
	<incompatible cargo1="8"  cargo2="21"/>
	<incompatible cargo1="9"  cargo2="12"/>
	<incompatible cargo1="9"  cargo2="14"/>
	<incompatible cargo1="9"  cargo2="15"/>
	<incompatible cargo1="9"  cargo2="19"/>
	<incompatible cargo1="9"  cargo2="21"/>
	<incompatible cargo1="10"  cargo2="14"/>
	<incompatible cargo1="10"  cargo2="15"/>
	<incompatible cargo1="10"  cargo2="20"/>
	<incompatible cargo1="12"  cargo2="15"/>
	<incompatible cargo1="12"  cargo2="18"/>
	<incompatible cargo1="12"  cargo2="19"/>
	<incompatible cargo1="12"  cargo2="21"/>
	<incompatible cargo1="12"  cargo2="22"/>
	<incompatible cargo1="13"  cargo2="21"/>
	<incompatible cargo1="14"  cargo2="20"/>
	<incompatible cargo1="15"  cargo2="23"/>
	<incompatible cargo1="19"  cargo2="24"/>
	<incompatible cargo1="20"  cargo2="24"/>
</incompatibles>
<tanks nb="35">
	<tank id="1" capa="266">
		<impossiblecargos>
			<cargo id="1"/>
			<cargo id="2"/>
			<cargo id="3"/>
			<cargo id="4"/>
			<cargo id="6"/>
			<cargo id="8"/>
			<cargo id="9"/>
			<cargo id="10"/>
			<cargo id="11"/>
			<cargo id="12"/>
			<cargo id="13"/>
			<cargo id="14"/>
			<cargo id="16"/>
			<cargo id="17"/>
			<cargo id="18"/>
			<cargo id="19"/>
			<cargo id="20"/>
			<cargo id="23"/>
			<cargo id="24"/>
			<cargo id="25"/>
		</impossiblecargos>
		<neighbours>
			<tank id="19"/>
			<tank id="13"/>
			<tank id="18"/>
			<tank id="24"/>
			<tank id="23"/>
			<tank id="10"/>
			<tank id="31"/>
			<tank id="32"/>
			<tank id="20"/>
			<tank id="11"/>
			<tank id="5"/>
			<tank id="28"/>
			<tank id="22"/>
			<tank id="8"/>
			<tank id="9"/>
			<tank id="12"/>
			<tank id="34"/>
			<tank id="14"/>
			<tank id="4"/>
			<tank id="35"/>
			<tank id="27"/>
			<tank id="3"/>
			<tank id="17"/>
			<tank id="15"/>
			<tank id="30"/>
			<tank id="7"/>
			<tank id="21"/>
			<tank id="29"/>
			<tank id="33"/>
			<tank id="16"/>
			<tank id="2"/>
			<tank id="25"/>
		</neighbours>
	</tank>
	<tank id="2" capa="287">
		<impossiblecargos>
			<cargo id="1"/>
			<cargo id="2"/>
			<cargo id="3"/>
			<cargo id="5"/>
			<cargo id="7"/>
			<cargo id="11"/>
			<cargo id="12"/>
			<cargo id="13"/>
			<cargo id="15"/>
			<cargo id="17"/>
			<cargo id="18"/>
			<cargo id="19"/>
			<cargo id="20"/>
			<cargo id="21"/>
			<cargo id="24"/>
			<cargo id="25"/>
		</impossiblecargos>
		<neighbours>
			<tank id="29"/>
			<tank id="4"/>
			<tank id="10"/>
			<tank id="23"/>
			<tank id="13"/>
			<tank id="26"/>
			<tank id="25"/>
			<tank id="28"/>
			<tank id="31"/>
			<tank id="12"/>
			<tank id="8"/>
			<tank id="18"/>
			<tank id="20"/>
			<tank id="24"/>
			<tank id="16"/>
			<tank id="32"/>
			<tank id="14"/>
			<tank id="17"/>
			<tank id="21"/>
			<tank id="22"/>
			<tank id="27"/>
			<tank id="1"/>
			<tank id="19"/>
			<tank id="6"/>
			<tank id="34"/>
		</neighbours>
	</tank>
	<tank id="3" capa="268">
		<impossiblecargos>
			<cargo id="1"/>
			<cargo id="2"/>
			<cargo id="3"/>
			<cargo id="4"/>
			<cargo id="5"/>
			<cargo id="6"/>
			<cargo id="7"/>
			<cargo id="8"/>
			<cargo id="9"/>
			<cargo id="10"/>
			<cargo id="12"/>
			<cargo id="15"/>
			<cargo id="16"/>
			<cargo id="17"/>
			<cargo id="18"/>
			<cargo id="19"/>
			<cargo id="20"/>
			<cargo id="21"/>
			<cargo id="22"/>
			<cargo id="23"/>
			<cargo id="24"/>
		</impossiblecargos>
		<neighbours>
			<tank id="5"/>
			<tank id="9"/>
			<tank id="24"/>
			<tank id="28"/>
			<tank id="33"/>
			<tank id="23"/>
			<tank id="20"/>
			<tank id="25"/>
			<tank id="19"/>
			<tank id="14"/>
			<tank id="35"/>
			<tank id="7"/>
			<tank id="6"/>
			<tank id="29"/>
			<tank id="8"/>
			<tank id="26"/>
			<tank id="34"/>
			<tank id="12"/>
			<tank id="1"/>
			<tank id="15"/>
			<tank id="32"/>
			<tank id="13"/>
			<tank id="11"/>
			<tank id="4"/>
			<tank id="30"/>
			<tank id="16"/>
		</neighbours>
	</tank>
	<tank id="4" capa="231">
		<impossiblecargos>
			<cargo id="1"/>
			<cargo id="2"/>
			<cargo id="3"/>
			<cargo id="5"/>
			<cargo id="6"/>
			<cargo id="7"/>
			<cargo id="8"/>
			<cargo id="9"/>
			<cargo id="10"/>
			<cargo id="11"/>
			<cargo id="12"/>
			<cargo id="13"/>
			<cargo id="16"/>
			<cargo id="18"/>
			<cargo id="19"/>
			<cargo id="21"/>
			<cargo id="22"/>
			<cargo id="23"/>
			<cargo id="24"/>
			<cargo id="25"/>
		</impossiblecargos>
		<neighbours>
			<tank id="21"/>
			<tank id="8"/>
			<tank id="2"/>
			<tank id="22"/>
			<tank id="5"/>
			<tank id="25"/>
			<tank id="6"/>
			<tank id="10"/>
			<tank id="26"/>
			<tank id="7"/>
			<tank id="30"/>
			<tank id="35"/>
			<tank id="27"/>
			<tank id="18"/>
			<tank id="15"/>
			<tank id="20"/>
			<tank id="1"/>
			<tank id="17"/>
			<tank id="9"/>
			<tank id="19"/>
			<tank id="28"/>
			<tank id="24"/>
			<tank id="11"/>
			<tank id="29"/>
			<tank id="3"/>
			<tank id="33"/>
			<tank id="12"/>
			<tank id="32"/>
			<tank id="31"/>
		</neighbours>
	</tank>
	<tank id="5" capa="251">
		<impossiblecargos>
			<cargo id="1"/>
			<cargo id="2"/>
			<cargo id="3"/>
			<cargo id="4"/>
			<cargo id="6"/>
			<cargo id="7"/>
			<cargo id="8"/>
			<cargo id="9"/>
			<cargo id="11"/>
			<cargo id="12"/>
			<cargo id="13"/>
			<cargo id="14"/>
			<cargo id="17"/>
			<cargo id="18"/>
			<cargo id="19"/>
			<cargo id="21"/>
			<cargo id="22"/>
			<cargo id="23"/>
			<cargo id="24"/>
		</impossiblecargos>
		<neighbours>
			<tank id="3"/>
			<tank id="33"/>
			<tank id="7"/>
			<tank id="14"/>
			<tank id="19"/>
			<tank id="31"/>
			<tank id="4"/>
			<tank id="16"/>
			<tank id="26"/>
			<tank id="25"/>
			<tank id="18"/>
			<tank id="17"/>
			<tank id="1"/>
			<tank id="23"/>
			<tank id="8"/>
			<tank id="10"/>
			<tank id="28"/>
			<tank id="13"/>
			<tank id="12"/>
			<tank id="21"/>
			<tank id="27"/>
			<tank id="24"/>
			<tank id="30"/>
			<tank id="15"/>
			<tank id="34"/>
			<tank id="20"/>
			<tank id="9"/>
		</neighbours>
	</tank>
	<tank id="6" capa="213">
		<impossiblecargos>
			<cargo id="1"/>
			<cargo id="2"/>
			<cargo id="3"/>
			<cargo id="4"/>
			<cargo id="5"/>
			<cargo id="6"/>
			<cargo id="8"/>
			<cargo id="9"/>
			<cargo id="10"/>
			<cargo id="11"/>
			<cargo id="13"/>
			<cargo id="15"/>
			<cargo id="17"/>
			<cargo id="18"/>
			<cargo id="20"/>
			<cargo id="21"/>
			<cargo id="22"/>
			<cargo id="23"/>
			<cargo id="24"/>
			<cargo id="25"/>
		</impossiblecargos>
		<neighbours>
			<tank id="25"/>
			<tank id="35"/>
			<tank id="4"/>
			<tank id="7"/>
			<tank id="26"/>
			<tank id="11"/>
			<tank id="17"/>
			<tank id="31"/>
			<tank id="3"/>
			<tank id="29"/>
			<tank id="16"/>
			<tank id="22"/>
			<tank id="10"/>
			<tank id="19"/>
			<tank id="8"/>
			<tank id="20"/>
			<tank id="33"/>
			<tank id="12"/>
			<tank id="32"/>
			<tank id="24"/>
			<tank id="15"/>
			<tank id="27"/>
			<tank id="23"/>
			<tank id="2"/>
			<tank id="21"/>
		</neighbours>
	</tank>
	<tank id="7" capa="292">
		<impossiblecargos>
			<cargo id="1"/>
			<cargo id="2"/>
			<cargo id="3"/>
			<cargo id="4"/>
			<cargo id="5"/>
			<cargo id="6"/>
			<cargo id="8"/>
			<cargo id="10"/>
			<cargo id="11"/>
			<cargo id="12"/>
			<cargo id="13"/>
			<cargo id="14"/>
			<cargo id="17"/>
			<cargo id="19"/>
			<cargo id="20"/>
			<cargo id="21"/>
			<cargo id="22"/>
			<cargo id="23"/>
			<cargo id="24"/>
			<cargo id="25"/>
		</impossiblecargos>
		<neighbours>
			<tank id="5"/>
			<tank id="16"/>
			<tank id="21"/>
			<tank id="26"/>
			<tank id="22"/>
			<tank id="9"/>
			<tank id="8"/>
			<tank id="12"/>
			<tank id="6"/>
			<tank id="4"/>
			<tank id="33"/>
			<tank id="28"/>
			<tank id="29"/>
			<tank id="10"/>
			<tank id="3"/>
			<tank id="31"/>
			<tank id="20"/>
			<tank id="24"/>
			<tank id="1"/>
			<tank id="27"/>
			<tank id="11"/>
			<tank id="23"/>
			<tank id="25"/>
		</neighbours>
	</tank>
	<tank id="8" capa="211">
		<impossiblecargos>
			<cargo id="1"/>
			<cargo id="2"/>
			<cargo id="3"/>
			<cargo id="4"/>
			<cargo id="6"/>
			<cargo id="9"/>
			<cargo id="11"/>
			<cargo id="12"/>
			<cargo id="14"/>
			<cargo id="18"/>
			<cargo id="19"/>
			<cargo id="20"/>
			<cargo id="22"/>
			<cargo id="23"/>
			<cargo id="25"/>
		</impossiblecargos>
		<neighbours>
			<tank id="4"/>
			<tank id="20"/>
			<tank id="18"/>
			<tank id="32"/>
			<tank id="7"/>
			<tank id="28"/>
			<tank id="34"/>
			<tank id="26"/>
			<tank id="17"/>
			<tank id="31"/>
			<tank id="2"/>
			<tank id="21"/>
			<tank id="12"/>
			<tank id="1"/>
			<tank id="29"/>
			<tank id="10"/>
			<tank id="5"/>
			<tank id="19"/>
			<tank id="3"/>
			<tank id="6"/>
			<tank id="14"/>
			<tank id="15"/>
			<tank id="11"/>
			<tank id="33"/>
			<tank id="30"/>
			<tank id="35"/>
			<tank id="16"/>
			<tank id="27"/>
			<tank id="23"/>
		</neighbours>
	</tank>
	<tank id="9" capa="296">
		<impossiblecargos>
			<cargo id="4"/>
			<cargo id="5"/>
			<cargo id="6"/>
			<cargo id="8"/>
			<cargo id="9"/>
			<cargo id="11"/>
			<cargo id="12"/>
			<cargo id="13"/>
			<cargo id="14"/>
			<cargo id="18"/>
			<cargo id="20"/>
			<cargo id="21"/>
			<cargo id="22"/>
			<cargo id="24"/>
			<cargo id="25"/>
		</impossiblecargos>
		<neighbours>
			<tank id="14"/>
			<tank id="3"/>
			<tank id="23"/>
			<tank id="35"/>
			<tank id="7"/>
			<tank id="24"/>
			<tank id="29"/>
			<tank id="13"/>
			<tank id="19"/>
			<tank id="30"/>
			<tank id="1"/>
			<tank id="21"/>
			<tank id="28"/>
			<tank id="4"/>
			<tank id="20"/>
			<tank id="16"/>
			<tank id="10"/>
			<tank id="18"/>
			<tank id="25"/>
			<tank id="12"/>
			<tank id="5"/>
		</neighbours>
	</tank>
	<tank id="10" capa="259">
		<impossiblecargos>
			<cargo id="1"/>
			<cargo id="2"/>
			<cargo id="3"/>
			<cargo id="5"/>
			<cargo id="6"/>
			<cargo id="7"/>
			<cargo id="8"/>
			<cargo id="11"/>
			<cargo id="12"/>
			<cargo id="14"/>
			<cargo id="16"/>
			<cargo id="17"/>
			<cargo id="18"/>
			<cargo id="20"/>
			<cargo id="21"/>
			<cargo id="22"/>
			<cargo id="23"/>
			<cargo id="24"/>
			<cargo id="25"/>
		</impossiblecargos>
		<neighbours>
			<tank id="13"/>
			<tank id="23"/>
			<tank id="2"/>
			<tank id="11"/>
			<tank id="1"/>
			<tank id="18"/>
			<tank id="4"/>
			<tank id="20"/>
			<tank id="7"/>
			<tank id="21"/>
			<tank id="15"/>
			<tank id="8"/>
			<tank id="6"/>
			<tank id="25"/>
			<tank id="12"/>
			<tank id="5"/>
			<tank id="29"/>
			<tank id="34"/>
			<tank id="35"/>
			<tank id="26"/>
			<tank id="33"/>
			<tank id="17"/>
			<tank id="9"/>
			<tank id="24"/>
			<tank id="19"/>
		</neighbours>
	</tank>
	<tank id="11" capa="273">
		<impossiblecargos>
			<cargo id="1"/>
			<cargo id="3"/>
			<cargo id="4"/>
			<cargo id="6"/>
			<cargo id="7"/>
			<cargo id="8"/>
			<cargo id="10"/>
			<cargo id="11"/>
			<cargo id="12"/>
			<cargo id="13"/>
			<cargo id="16"/>
			<cargo id="18"/>
			<cargo id="19"/>
			<cargo id="20"/>
			<cargo id="21"/>
			<cargo id="22"/>
			<cargo id="23"/>
			<cargo id="24"/>
		</impossiblecargos>
		<neighbours>
			<tank id="27"/>
			<tank id="10"/>
			<tank id="31"/>
			<tank id="15"/>
			<tank id="16"/>
			<tank id="24"/>
			<tank id="14"/>
			<tank id="28"/>
			<tank id="1"/>
			<tank id="34"/>
			<tank id="6"/>
			<tank id="20"/>
			<tank id="30"/>
			<tank id="19"/>
			<tank id="12"/>
			<tank id="23"/>
			<tank id="8"/>
			<tank id="17"/>
			<tank id="33"/>
			<tank id="26"/>
			<tank id="3"/>
			<tank id="7"/>
			<tank id="4"/>
			<tank id="13"/>
			<tank id="21"/>
		</neighbours>
	</tank>
	<tank id="12" capa="217">
		<impossiblecargos>
			<cargo id="1"/>
			<cargo id="2"/>
			<cargo id="3"/>
			<cargo id="4"/>
			<cargo id="5"/>
			<cargo id="6"/>
			<cargo id="7"/>
			<cargo id="8"/>
			<cargo id="9"/>
			<cargo id="11"/>
			<cargo id="14"/>
			<cargo id="16"/>
			<cargo id="17"/>
			<cargo id="19"/>
			<cargo id="20"/>
			<cargo id="21"/>
			<cargo id="22"/>
			<cargo id="24"/>
		</impossiblecargos>
		<neighbours>
			<tank id="15"/>
			<tank id="31"/>
			<tank id="34"/>
			<tank id="28"/>
			<tank id="7"/>
			<tank id="2"/>
			<tank id="13"/>
			<tank id="8"/>
			<tank id="35"/>
			<tank id="21"/>
			<tank id="11"/>
			<tank id="1"/>
			<tank id="10"/>
			<tank id="20"/>
			<tank id="32"/>
			<tank id="22"/>
			<tank id="29"/>
			<tank id="18"/>
			<tank id="3"/>
			<tank id="5"/>
			<tank id="6"/>
			<tank id="30"/>
			<tank id="4"/>
			<tank id="23"/>
			<tank id="19"/>
			<tank id="9"/>
		</neighbours>
	</tank>
	<tank id="13" capa="205">
		<impossiblecargos>
			<cargo id="1"/>
			<cargo id="2"/>
			<cargo id="3"/>
			<cargo id="6"/>
			<cargo id="7"/>
			<cargo id="10"/>
			<cargo id="11"/>
			<cargo id="13"/>
			<cargo id="14"/>
			<cargo id="15"/>
			<cargo id="16"/>
			<cargo id="17"/>
			<cargo id="19"/>
			<cargo id="21"/>
			<cargo id="23"/>
			<cargo id="25"/>
		</impossiblecargos>
		<neighbours>
			<tank id="23"/>
			<tank id="10"/>
			<tank id="1"/>
			<tank id="19"/>
			<tank id="2"/>
			<tank id="22"/>
			<tank id="25"/>
			<tank id="9"/>
			<tank id="12"/>
			<tank id="16"/>
			<tank id="27"/>
			<tank id="17"/>
			<tank id="35"/>
			<tank id="31"/>
			<tank id="33"/>
			<tank id="15"/>
			<tank id="5"/>
			<tank id="30"/>
			<tank id="18"/>
			<tank id="3"/>
			<tank id="20"/>
			<tank id="11"/>
			<tank id="28"/>
			<tank id="26"/>
		</neighbours>
	</tank>
	<tank id="14" capa="260">
		<impossiblecargos>
			<cargo id="2"/>
			<cargo id="3"/>
			<cargo id="4"/>
			<cargo id="6"/>
			<cargo id="8"/>
			<cargo id="10"/>
			<cargo id="11"/>
			<cargo id="12"/>
			<cargo id="13"/>
			<cargo id="14"/>
			<cargo id="17"/>
			<cargo id="19"/>
			<cargo id="20"/>
			<cargo id="21"/>
			<cargo id="24"/>
		</impossiblecargos>
		<neighbours>
			<tank id="9"/>
			<tank id="15"/>
			<tank id="5"/>
			<tank id="25"/>
			<tank id="11"/>
			<tank id="34"/>
			<tank id="16"/>
			<tank id="3"/>
			<tank id="22"/>
			<tank id="2"/>
			<tank id="1"/>
			<tank id="23"/>
			<tank id="35"/>
			<tank id="20"/>
			<tank id="29"/>
			<tank id="17"/>
			<tank id="26"/>
			<tank id="8"/>
			<tank id="18"/>
			<tank id="21"/>
			<tank id="24"/>
			<tank id="27"/>
			<tank id="30"/>
			<tank id="32"/>
			<tank id="31"/>
		</neighbours>
	</tank>
	<tank id="15" capa="218">
		<impossiblecargos>
			<cargo id="1"/>
			<cargo id="4"/>
			<cargo id="5"/>
			<cargo id="6"/>
			<cargo id="8"/>
			<cargo id="10"/>
			<cargo id="11"/>
			<cargo id="12"/>
			<cargo id="13"/>
			<cargo id="14"/>
			<cargo id="15"/>
			<cargo id="16"/>
			<cargo id="17"/>
			<cargo id="18"/>
			<cargo id="20"/>
			<cargo id="21"/>
			<cargo id="22"/>
			<cargo id="23"/>
			<cargo id="24"/>
			<cargo id="25"/>
		</impossiblecargos>
		<neighbours>
			<tank id="19"/>
			<tank id="17"/>
			<tank id="14"/>
			<tank id="12"/>
			<tank id="28"/>
			<tank id="16"/>
			<tank id="25"/>
			<tank id="32"/>
			<tank id="11"/>
			<tank id="29"/>
			<tank id="23"/>
			<tank id="10"/>
			<tank id="34"/>
			<tank id="22"/>
			<tank id="4"/>
			<tank id="27"/>
			<tank id="13"/>
			<tank id="35"/>
			<tank id="31"/>
			<tank id="8"/>
			<tank id="3"/>
			<tank id="1"/>
			<tank id="6"/>
			<tank id="33"/>
			<tank id="26"/>
			<tank id="5"/>
			<tank id="24"/>
		</neighbours>
	</tank>
	<tank id="16" capa="294">
		<impossiblecargos>
			<cargo id="2"/>
			<cargo id="3"/>
			<cargo id="4"/>
			<cargo id="6"/>
			<cargo id="8"/>
			<cargo id="9"/>
			<cargo id="11"/>
			<cargo id="12"/>
			<cargo id="13"/>
			<cargo id="14"/>
			<cargo id="15"/>
			<cargo id="16"/>
			<cargo id="17"/>
			<cargo id="18"/>
			<cargo id="21"/>
			<cargo id="22"/>
			<cargo id="25"/>
		</impossiblecargos>
		<neighbours>
			<tank id="22"/>
			<tank id="7"/>
			<tank id="29"/>
			<tank id="28"/>
			<tank id="27"/>
			<tank id="5"/>
			<tank id="15"/>
			<tank id="23"/>
			<tank id="11"/>
			<tank id="13"/>
			<tank id="14"/>
			<tank id="33"/>
			<tank id="25"/>
			<tank id="32"/>
			<tank id="19"/>
			<tank id="31"/>
			<tank id="6"/>
			<tank id="24"/>
			<tank id="2"/>
			<tank id="9"/>
			<tank id="8"/>
			<tank id="3"/>
			<tank id="26"/>
			<tank id="1"/>
			<tank id="20"/>
			<tank id="34"/>
		</neighbours>
	</tank>
	<tank id="17" capa="219">
		<impossiblecargos>
			<cargo id="1"/>
			<cargo id="4"/>
			<cargo id="5"/>
			<cargo id="6"/>
			<cargo id="7"/>
			<cargo id="8"/>
			<cargo id="9"/>
			<cargo id="10"/>
			<cargo id="11"/>
			<cargo id="12"/>
			<cargo id="14"/>
			<cargo id="17"/>
			<cargo id="18"/>
			<cargo id="19"/>
			<cargo id="20"/>
			<cargo id="21"/>
			<cargo id="23"/>
			<cargo id="24"/>
			<cargo id="25"/>
		</impossiblecargos>
		<neighbours>
			<tank id="15"/>
			<tank id="33"/>
			<tank id="19"/>
			<tank id="32"/>
			<tank id="24"/>
			<tank id="18"/>
			<tank id="8"/>
			<tank id="35"/>
			<tank id="29"/>
			<tank id="5"/>
			<tank id="6"/>
			<tank id="13"/>
			<tank id="26"/>
			<tank id="25"/>
			<tank id="2"/>
			<tank id="4"/>
			<tank id="14"/>
			<tank id="28"/>
			<tank id="1"/>
			<tank id="31"/>
			<tank id="11"/>
			<tank id="10"/>
			<tank id="22"/>
			<tank id="23"/>
		</neighbours>
	</tank>
	<tank id="18" capa="244">
		<impossiblecargos>
			<cargo id="1"/>
			<cargo id="2"/>
			<cargo id="3"/>
			<cargo id="5"/>
			<cargo id="6"/>
			<cargo id="7"/>
			<cargo id="8"/>
			<cargo id="9"/>
			<cargo id="10"/>
			<cargo id="11"/>
			<cargo id="12"/>
			<cargo id="13"/>
			<cargo id="14"/>
			<cargo id="15"/>
			<cargo id="16"/>
			<cargo id="17"/>
			<cargo id="20"/>
			<cargo id="22"/>
			<cargo id="23"/>
			<cargo id="25"/>
		</impossiblecargos>
		<neighbours>
			<tank id="30"/>
			<tank id="1"/>
			<tank id="33"/>
			<tank id="8"/>
			<tank id="10"/>
			<tank id="19"/>
			<tank id="5"/>
			<tank id="28"/>
			<tank id="17"/>
			<tank id="24"/>
			<tank id="2"/>
			<tank id="27"/>
			<tank id="4"/>
			<tank id="34"/>
			<tank id="31"/>
			<tank id="20"/>
			<tank id="25"/>
			<tank id="32"/>
			<tank id="12"/>
			<tank id="22"/>
			<tank id="13"/>
			<tank id="14"/>
			<tank id="21"/>
			<tank id="9"/>
		</neighbours>
	</tank>
	<tank id="19" capa="216">
		<impossiblecargos>
			<cargo id="5"/>
			<cargo id="7"/>
			<cargo id="8"/>
			<cargo id="10"/>
			<cargo id="11"/>
			<cargo id="13"/>
			<cargo id="14"/>
			<cargo id="15"/>
			<cargo id="16"/>
			<cargo id="17"/>
			<cargo id="19"/>
			<cargo id="20"/>
			<cargo id="21"/>
			<cargo id="22"/>
			<cargo id="25"/>
		</impossiblecargos>
		<neighbours>
			<tank id="15"/>
			<tank id="1"/>
			<tank id="33"/>
			<tank id="13"/>
			<tank id="5"/>
			<tank id="26"/>
			<tank id="32"/>
			<tank id="18"/>
			<tank id="17"/>
			<tank id="25"/>
			<tank id="3"/>
			<tank id="9"/>
			<tank id="28"/>
			<tank id="11"/>
			<tank id="16"/>
			<tank id="8"/>
			<tank id="6"/>
			<tank id="4"/>
			<tank id="29"/>
			<tank id="34"/>
			<tank id="22"/>
			<tank id="21"/>
			<tank id="23"/>
			<tank id="12"/>
			<tank id="10"/>
			<tank id="2"/>
			<tank id="31"/>
		</neighbours>
	</tank>
	<tank id="20" capa="226">
		<impossiblecargos>
			<cargo id="1"/>
			<cargo id="2"/>
			<cargo id="4"/>
			<cargo id="5"/>
			<cargo id="6"/>
			<cargo id="8"/>
			<cargo id="9"/>
			<cargo id="10"/>
			<cargo id="11"/>
			<cargo id="12"/>
			<cargo id="13"/>
			<cargo id="15"/>
			<cargo id="16"/>
			<cargo id="17"/>
			<cargo id="18"/>
			<cargo id="21"/>
			<cargo id="22"/>
			<cargo id="23"/>
			<cargo id="24"/>
		</impossiblecargos>
		<neighbours>
			<tank id="24"/>
			<tank id="8"/>
			<tank id="35"/>
			<tank id="31"/>
			<tank id="23"/>
			<tank id="26"/>
			<tank id="1"/>
			<tank id="10"/>
			<tank id="21"/>
			<tank id="3"/>
			<tank id="2"/>
			<tank id="11"/>
			<tank id="4"/>
			<tank id="12"/>
			<tank id="18"/>
			<tank id="32"/>
			<tank id="27"/>
			<tank id="7"/>
			<tank id="14"/>
			<tank id="6"/>
			<tank id="9"/>
			<tank id="29"/>
			<tank id="13"/>
			<tank id="34"/>
			<tank id="28"/>
			<tank id="30"/>
			<tank id="16"/>
			<tank id="5"/>
		</neighbours>
	</tank>
	<tank id="21" capa="232">
		<impossiblecargos>
			<cargo id="1"/>
			<cargo id="2"/>
			<cargo id="3"/>
			<cargo id="4"/>
			<cargo id="5"/>
			<cargo id="6"/>
			<cargo id="7"/>
			<cargo id="8"/>
			<cargo id="10"/>
			<cargo id="11"/>
			<cargo id="12"/>
			<cargo id="13"/>
			<cargo id="15"/>
			<cargo id="16"/>
			<cargo id="17"/>
			<cargo id="19"/>
			<cargo id="20"/>
			<cargo id="22"/>
			<cargo id="23"/>
			<cargo id="24"/>
			<cargo id="25"/>
		</impossiblecargos>
		<neighbours>
			<tank id="24"/>
			<tank id="29"/>
			<tank id="4"/>
			<tank id="7"/>
			<tank id="20"/>
			<tank id="10"/>
			<tank id="8"/>
			<tank id="28"/>
			<tank id="12"/>
			<tank id="33"/>
			<tank id="27"/>
			<tank id="9"/>
			<tank id="2"/>
			<tank id="5"/>
			<tank id="30"/>
			<tank id="32"/>
			<tank id="14"/>
			<tank id="1"/>
			<tank id="18"/>
			<tank id="19"/>
			<tank id="11"/>
			<tank id="34"/>
			<tank id="6"/>
		</neighbours>
	</tank>
	<tank id="22" capa="219">
		<impossiblecargos>
			<cargo id="2"/>
			<cargo id="3"/>
			<cargo id="4"/>
			<cargo id="5"/>
			<cargo id="6"/>
			<cargo id="7"/>
			<cargo id="8"/>
			<cargo id="9"/>
			<cargo id="10"/>
			<cargo id="11"/>
			<cargo id="12"/>
			<cargo id="13"/>
			<cargo id="14"/>
			<cargo id="16"/>
			<cargo id="18"/>
			<cargo id="19"/>
			<cargo id="20"/>
			<cargo id="21"/>
			<cargo id="23"/>
			<cargo id="24"/>
			<cargo id="25"/>
		</impossiblecargos>
		<neighbours>
			<tank id="31"/>
			<tank id="16"/>
			<tank id="26"/>
			<tank id="33"/>
			<tank id="4"/>
			<tank id="13"/>
			<tank id="7"/>
			<tank id="28"/>
			<tank id="29"/>
			<tank id="1"/>
			<tank id="15"/>
			<tank id="6"/>
			<tank id="14"/>
			<tank id="12"/>
			<tank id="32"/>
			<tank id="34"/>
			<tank id="2"/>
			<tank id="18"/>
			<tank id="25"/>
			<tank id="19"/>
			<tank id="17"/>
			<tank id="24"/>
		</neighbours>
	</tank>
	<tank id="23" capa="248">
		<impossiblecargos>
			<cargo id="1"/>
			<cargo id="2"/>
			<cargo id="3"/>
			<cargo id="5"/>
			<cargo id="6"/>
			<cargo id="7"/>
			<cargo id="8"/>
			<cargo id="10"/>
			<cargo id="11"/>
			<cargo id="12"/>
			<cargo id="14"/>
			<cargo id="15"/>
			<cargo id="17"/>
			<cargo id="18"/>
			<cargo id="19"/>
			<cargo id="20"/>
			<cargo id="21"/>
			<cargo id="22"/>
			<cargo id="23"/>
			<cargo id="24"/>
		</impossiblecargos>
		<neighbours>
			<tank id="13"/>
			<tank id="10"/>
			<tank id="2"/>
			<tank id="1"/>
			<tank id="9"/>
			<tank id="20"/>
			<tank id="3"/>
			<tank id="29"/>
			<tank id="16"/>
			<tank id="32"/>
			<tank id="15"/>
			<tank id="26"/>
			<tank id="5"/>
			<tank id="30"/>
			<tank id="11"/>
			<tank id="28"/>
			<tank id="14"/>
			<tank id="34"/>
			<tank id="35"/>
			<tank id="31"/>
			<tank id="7"/>
			<tank id="19"/>
			<tank id="12"/>
			<tank id="24"/>
			<tank id="6"/>
			<tank id="8"/>
			<tank id="17"/>
		</neighbours>
	</tank>
	<tank id="24" capa="262">
		<impossiblecargos>
			<cargo id="1"/>
			<cargo id="2"/>
			<cargo id="7"/>
			<cargo id="8"/>
			<cargo id="9"/>
			<cargo id="10"/>
			<cargo id="12"/>
			<cargo id="13"/>
			<cargo id="14"/>
			<cargo id="15"/>
			<cargo id="16"/>
			<cargo id="18"/>
			<cargo id="19"/>
			<cargo id="20"/>
			<cargo id="22"/>
			<cargo id="23"/>
			<cargo id="24"/>
			<cargo id="25"/>
		</impossiblecargos>
		<neighbours>
			<tank id="21"/>
			<tank id="20"/>
			<tank id="3"/>
			<tank id="1"/>
			<tank id="34"/>
			<tank id="9"/>
			<tank id="17"/>
			<tank id="11"/>
			<tank id="27"/>
			<tank id="18"/>
			<tank id="31"/>
			<tank id="2"/>
			<tank id="16"/>
			<tank id="35"/>
			<tank id="7"/>
			<tank id="6"/>
			<tank id="4"/>
			<tank id="14"/>
			<tank id="5"/>
			<tank id="30"/>
			<tank id="33"/>
			<tank id="32"/>
			<tank id="23"/>
			<tank id="10"/>
			<tank id="15"/>
			<tank id="29"/>
			<tank id="22"/>
		</neighbours>
	</tank>
	<tank id="25" capa="242">
		<impossiblecargos>
			<cargo id="1"/>
			<cargo id="2"/>
			<cargo id="3"/>
			<cargo id="5"/>
			<cargo id="7"/>
			<cargo id="8"/>
			<cargo id="9"/>
			<cargo id="11"/>
			<cargo id="12"/>
			<cargo id="14"/>
			<cargo id="15"/>
			<cargo id="17"/>
			<cargo id="19"/>
			<cargo id="20"/>
			<cargo id="21"/>
			<cargo id="22"/>
			<cargo id="23"/>
			<cargo id="24"/>
			<cargo id="25"/>
		</impossiblecargos>
		<neighbours>
			<tank id="35"/>
			<tank id="14"/>
			<tank id="6"/>
			<tank id="15"/>
			<tank id="4"/>
			<tank id="27"/>
			<tank id="2"/>
			<tank id="13"/>
			<tank id="5"/>
			<tank id="19"/>
			<tank id="3"/>
			<tank id="16"/>
			<tank id="29"/>
			<tank id="17"/>
			<tank id="30"/>
			<tank id="10"/>
			<tank id="18"/>
			<tank id="32"/>
			<tank id="22"/>
			<tank id="7"/>
			<tank id="9"/>
			<tank id="1"/>
		</neighbours>
	</tank>
	<tank id="26" capa="232">
		<impossiblecargos>
			<cargo id="2"/>
			<cargo id="3"/>
			<cargo id="5"/>
			<cargo id="7"/>
			<cargo id="8"/>
			<cargo id="9"/>
			<cargo id="10"/>
			<cargo id="11"/>
			<cargo id="12"/>
			<cargo id="13"/>
			<cargo id="16"/>
			<cargo id="17"/>
			<cargo id="18"/>
			<cargo id="19"/>
			<cargo id="20"/>
			<cargo id="21"/>
			<cargo id="22"/>
			<cargo id="23"/>
			<cargo id="24"/>
			<cargo id="25"/>
		</impossiblecargos>
		<neighbours>
			<tank id="32"/>
			<tank id="30"/>
			<tank id="22"/>
			<tank id="7"/>
			<tank id="5"/>
			<tank id="19"/>
			<tank id="2"/>
			<tank id="20"/>
			<tank id="8"/>
			<tank id="4"/>
			<tank id="33"/>
			<tank id="6"/>
			<tank id="27"/>
			<tank id="17"/>
			<tank id="23"/>
			<tank id="35"/>
			<tank id="31"/>
			<tank id="3"/>
			<tank id="10"/>
			<tank id="14"/>
			<tank id="28"/>
			<tank id="34"/>
			<tank id="11"/>
			<tank id="15"/>
			<tank id="29"/>
			<tank id="16"/>
			<tank id="13"/>
		</neighbours>
	</tank>
	<tank id="27" capa="268">
		<impossiblecargos>
			<cargo id="1"/>
			<cargo id="2"/>
			<cargo id="3"/>
			<cargo id="4"/>
			<cargo id="5"/>
			<cargo id="6"/>
			<cargo id="7"/>
			<cargo id="10"/>
			<cargo id="11"/>
			<cargo id="12"/>
			<cargo id="13"/>
			<cargo id="15"/>
			<cargo id="16"/>
			<cargo id="18"/>
			<cargo id="20"/>
			<cargo id="21"/>
			<cargo id="23"/>
			<cargo id="24"/>
		</impossiblecargos>
		<neighbours>
			<tank id="11"/>
			<tank id="28"/>
			<tank id="16"/>
			<tank id="35"/>
			<tank id="25"/>
			<tank id="24"/>
			<tank id="13"/>
			<tank id="26"/>
			<tank id="32"/>
			<tank id="4"/>
			<tank id="18"/>
			<tank id="21"/>
			<tank id="15"/>
			<tank id="31"/>
			<tank id="20"/>
			<tank id="1"/>
			<tank id="30"/>
			<tank id="2"/>
			<tank id="5"/>
			<tank id="7"/>
			<tank id="14"/>
			<tank id="33"/>
			<tank id="6"/>
			<tank id="8"/>
		</neighbours>
	</tank>
	<tank id="28" capa="247">
		<impossiblecargos>
			<cargo id="1"/>
			<cargo id="4"/>
			<cargo id="5"/>
			<cargo id="6"/>
			<cargo id="9"/>
			<cargo id="11"/>
			<cargo id="12"/>
			<cargo id="13"/>
			<cargo id="14"/>
			<cargo id="15"/>
			<cargo id="17"/>
			<cargo id="18"/>
			<cargo id="20"/>
			<cargo id="21"/>
			<cargo id="22"/>
			<cargo id="25"/>
		</impossiblecargos>
		<neighbours>
			<tank id="16"/>
			<tank id="33"/>
			<tank id="15"/>
			<tank id="27"/>
			<tank id="29"/>
			<tank id="34"/>
			<tank id="22"/>
			<tank id="12"/>
			<tank id="3"/>
			<tank id="8"/>
			<tank id="2"/>
			<tank id="18"/>
			<tank id="7"/>
			<tank id="11"/>
			<tank id="31"/>
			<tank id="1"/>
			<tank id="21"/>
			<tank id="19"/>
			<tank id="32"/>
			<tank id="9"/>
			<tank id="5"/>
			<tank id="23"/>
			<tank id="17"/>
			<tank id="4"/>
			<tank id="26"/>
			<tank id="20"/>
			<tank id="13"/>
		</neighbours>
	</tank>
	<tank id="29" capa="213">
		<impossiblecargos>
			<cargo id="1"/>
			<cargo id="2"/>
			<cargo id="3"/>
			<cargo id="4"/>
			<cargo id="8"/>
			<cargo id="9"/>
			<cargo id="10"/>
			<cargo id="11"/>
			<cargo id="12"/>
			<cargo id="13"/>
			<cargo id="14"/>
			<cargo id="16"/>
			<cargo id="17"/>
			<cargo id="19"/>
			<cargo id="20"/>
			<cargo id="21"/>
			<cargo id="24"/>
			<cargo id="25"/>
		</impossiblecargos>
		<neighbours>
			<tank id="21"/>
			<tank id="2"/>
			<tank id="16"/>
			<tank id="28"/>
			<tank id="32"/>
			<tank id="30"/>
			<tank id="9"/>
			<tank id="23"/>
			<tank id="15"/>
			<tank id="7"/>
			<tank id="22"/>
			<tank id="17"/>
			<tank id="6"/>
			<tank id="25"/>
			<tank id="33"/>
			<tank id="8"/>
			<tank id="3"/>
			<tank id="10"/>
			<tank id="35"/>
			<tank id="12"/>
			<tank id="14"/>
			<tank id="19"/>
			<tank id="20"/>
			<tank id="4"/>
			<tank id="1"/>
			<tank id="26"/>
			<tank id="34"/>
			<tank id="24"/>
		</neighbours>
	</tank>
	<tank id="30" capa="296">
		<impossiblecargos>
			<cargo id="1"/>
			<cargo id="5"/>
			<cargo id="6"/>
			<cargo id="7"/>
			<cargo id="9"/>
			<cargo id="10"/>
			<cargo id="11"/>
			<cargo id="13"/>
			<cargo id="14"/>
			<cargo id="15"/>
			<cargo id="17"/>
			<cargo id="18"/>
			<cargo id="19"/>
			<cargo id="20"/>
			<cargo id="21"/>
			<cargo id="22"/>
			<cargo id="23"/>
			<cargo id="24"/>
			<cargo id="25"/>
		</impossiblecargos>
		<neighbours>
			<tank id="26"/>
			<tank id="35"/>
			<tank id="18"/>
			<tank id="29"/>
			<tank id="4"/>
			<tank id="11"/>
			<tank id="9"/>
			<tank id="23"/>
			<tank id="25"/>
			<tank id="13"/>
			<tank id="27"/>
			<tank id="12"/>
			<tank id="1"/>
			<tank id="21"/>
			<tank id="8"/>
			<tank id="31"/>
			<tank id="3"/>
			<tank id="24"/>
			<tank id="5"/>
			<tank id="33"/>
			<tank id="14"/>
			<tank id="20"/>
			<tank id="34"/>
		</neighbours>
	</tank>
	<tank id="31" capa="238">
		<impossiblecargos>
			<cargo id="3"/>
			<cargo id="4"/>
			<cargo id="6"/>
			<cargo id="7"/>
			<cargo id="10"/>
			<cargo id="11"/>
			<cargo id="12"/>
			<cargo id="14"/>
			<cargo id="15"/>
			<cargo id="16"/>
			<cargo id="17"/>
			<cargo id="18"/>
			<cargo id="19"/>
			<cargo id="20"/>
			<cargo id="21"/>
			<cargo id="24"/>
			<cargo id="25"/>
		</impossiblecargos>
		<neighbours>
			<tank id="22"/>
			<tank id="35"/>
			<tank id="20"/>
			<tank id="5"/>
			<tank id="12"/>
			<tank id="1"/>
			<tank id="11"/>
			<tank id="2"/>
			<tank id="28"/>
			<tank id="8"/>
			<tank id="24"/>
			<tank id="6"/>
			<tank id="7"/>
			<tank id="13"/>
			<tank id="16"/>
			<tank id="26"/>
			<tank id="18"/>
			<tank id="27"/>
			<tank id="15"/>
			<tank id="17"/>
			<tank id="30"/>
			<tank id="23"/>
			<tank id="14"/>
			<tank id="32"/>
			<tank id="4"/>
			<tank id="19"/>
		</neighbours>
	</tank>
	<tank id="32" capa="295">
		<impossiblecargos>
			<cargo id="1"/>
			<cargo id="2"/>
			<cargo id="3"/>
			<cargo id="4"/>
			<cargo id="5"/>
			<cargo id="6"/>
			<cargo id="7"/>
			<cargo id="8"/>
			<cargo id="10"/>
			<cargo id="11"/>
			<cargo id="12"/>
			<cargo id="13"/>
			<cargo id="14"/>
			<cargo id="15"/>
			<cargo id="16"/>
			<cargo id="17"/>
			<cargo id="18"/>
			<cargo id="19"/>
			<cargo id="20"/>
			<cargo id="23"/>
			<cargo id="24"/>
			<cargo id="25"/>
		</impossiblecargos>
		<neighbours>
			<tank id="26"/>
			<tank id="29"/>
			<tank id="19"/>
			<tank id="1"/>
			<tank id="8"/>
			<tank id="15"/>
			<tank id="23"/>
			<tank id="17"/>
			<tank id="27"/>
			<tank id="16"/>
			<tank id="28"/>
			<tank id="2"/>
			<tank id="35"/>
			<tank id="12"/>
			<tank id="22"/>
			<tank id="20"/>
			<tank id="18"/>
			<tank id="25"/>
			<tank id="34"/>
			<tank id="3"/>
			<tank id="6"/>
			<tank id="21"/>
			<tank id="4"/>
			<tank id="24"/>
			<tank id="14"/>
			<tank id="31"/>
		</neighbours>
	</tank>
	<tank id="33" capa="225">
		<impossiblecargos>
			<cargo id="4"/>
			<cargo id="6"/>
			<cargo id="7"/>
			<cargo id="8"/>
			<cargo id="9"/>
			<cargo id="11"/>
			<cargo id="12"/>
			<cargo id="13"/>
			<cargo id="15"/>
			<cargo id="16"/>
			<cargo id="17"/>
			<cargo id="19"/>
			<cargo id="20"/>
			<cargo id="22"/>
			<cargo id="23"/>
			<cargo id="24"/>
		</impossiblecargos>
		<neighbours>
			<tank id="5"/>
			<tank id="19"/>
			<tank id="28"/>
			<tank id="22"/>
			<tank id="18"/>
			<tank id="17"/>
			<tank id="3"/>
			<tank id="7"/>
			<tank id="26"/>
			<tank id="16"/>
			<tank id="29"/>
			<tank id="21"/>
			<tank id="13"/>
			<tank id="10"/>
			<tank id="6"/>
			<tank id="11"/>
			<tank id="8"/>
			<tank id="35"/>
			<tank id="27"/>
			<tank id="15"/>
			<tank id="24"/>
			<tank id="4"/>
			<tank id="1"/>
			<tank id="30"/>
		</neighbours>
	</tank>
	<tank id="34" capa="298">
		<impossiblecargos>
			<cargo id="3"/>
			<cargo id="4"/>
			<cargo id="5"/>
			<cargo id="6"/>
			<cargo id="9"/>
			<cargo id="10"/>
			<cargo id="11"/>
			<cargo id="12"/>
			<cargo id="15"/>
			<cargo id="16"/>
			<cargo id="17"/>
			<cargo id="18"/>
			<cargo id="19"/>
			<cargo id="21"/>
		</impossiblecargos>
		<neighbours>
			<tank id="28"/>
			<tank id="24"/>
			<tank id="12"/>
			<tank id="8"/>
			<tank id="35"/>
			<tank id="14"/>
			<tank id="11"/>
			<tank id="15"/>
			<tank id="18"/>
			<tank id="1"/>
			<tank id="22"/>
			<tank id="10"/>
			<tank id="3"/>
			<tank id="32"/>
			<tank id="26"/>
			<tank id="23"/>
			<tank id="19"/>
			<tank id="20"/>
			<tank id="29"/>
			<tank id="30"/>
			<tank id="5"/>
			<tank id="21"/>
			<tank id="16"/>
			<tank id="2"/>
		</neighbours>
	</tank>
	<tank id="35" capa="276">
		<impossiblecargos>
			<cargo id="1"/>
			<cargo id="2"/>
			<cargo id="3"/>
			<cargo id="4"/>
			<cargo id="5"/>
			<cargo id="6"/>
			<cargo id="7"/>
			<cargo id="11"/>
			<cargo id="12"/>
			<cargo id="14"/>
			<cargo id="15"/>
			<cargo id="16"/>
			<cargo id="18"/>
			<cargo id="19"/>
			<cargo id="20"/>
			<cargo id="21"/>
			<cargo id="23"/>
			<cargo id="24"/>
		</impossiblecargos>
		<neighbours>
			<tank id="31"/>
			<tank id="25"/>
			<tank id="20"/>
			<tank id="30"/>
			<tank id="27"/>
			<tank id="6"/>
			<tank id="9"/>
			<tank id="34"/>
			<tank id="4"/>
			<tank id="17"/>
			<tank id="3"/>
			<tank id="26"/>
			<tank id="12"/>
			<tank id="13"/>
			<tank id="24"/>
			<tank id="32"/>
			<tank id="29"/>
			<tank id="15"/>
			<tank id="10"/>
			<tank id="1"/>
			<tank id="14"/>
			<tank id="23"/>
			<tank id="8"/>
			<tank id="33"/>
		</neighbours>
	</tank>
</tanks>
</problem>
