<?xml version="1.0" encoding="UTF-8"?>
<!--
This is a random problem, generated with these parameters:
nCargo = 15
nTanks = 40
nEmptyTanks = 1
tankMinSize = 200
tankMaxSize = 1000
tankFillRatioMin = 0.5
tankFillRatioMax = 1.0
connectivityRatio = 0.5
impossibleCargoRatio = 0.25
notNeighbouringRatio = 0.75
-->
<problem>
<cargos nb="15">
	<cargo id="1" name="c1" volume="210"/>
	<cargo id="2" name="c2" volume="2085"/>
	<cargo id="3" name="c3" volume="1110"/>
	<cargo id="4" name="c4" volume="786"/>
	<cargo id="5" name="c5" volume="1505"/>
	<cargo id="6" name="c6" volume="3014"/>
	<cargo id="7" name="c7" volume="1702"/>
	<cargo id="8" name="c8" volume="494"/>
	<cargo id="9" name="c9" volume="121"/>
	<cargo id="10" name="c10" volume="2196"/>
	<cargo id="11" name="c11" volume="1703"/>
	<cargo id="12" name="c12" volume="1485"/>
	<cargo id="13" name="c13" volume="1289"/>
	<cargo id="14" name="c14" volume="396"/>
	<cargo id="15" name="c15" volume="0"/>
</cargos>
<incompatibles>
	<incompatible cargo1="1"  cargo2="8"/>
	<incompatible cargo1="1"  cargo2="10"/>
	<incompatible cargo1="2"  cargo2="8"/>
	<incompatible cargo1="2"  cargo2="9"/>
	<incompatible cargo1="2"  cargo2="15"/>
	<incompatible cargo1="3"  cargo2="15"/>
	<incompatible cargo1="4"  cargo2="9"/>
	<incompatible cargo1="5"  cargo2="15"/>
	<incompatible cargo1="6"  cargo2="15"/>
	<incompatible cargo1="7"  cargo2="15"/>
	<incompatible cargo1="8"  cargo2="9"/>
	<incompatible cargo1="9"  cargo2="13"/>
	<incompatible cargo1="9"  cargo2="15"/>
	<incompatible cargo1="10"  cargo2="15"/>
	<incompatible cargo1="11"  cargo2="15"/>
	<incompatible cargo1="12"  cargo2="15"/>
	<incompatible cargo1="13"  cargo2="15"/>
	<incompatible cargo1="14"  cargo2="15"/>
</incompatibles>
<tanks nb="40">
	<tank id="1" capa="743">
		<impossiblecargos>
			<cargo id="1"/>
			<cargo id="3"/>
			<cargo id="5"/>
			<cargo id="8"/>
			<cargo id="13"/>
		</impossiblecargos>
		<neighbours>
			<tank id="17"/>
			<tank id="22"/>
			<tank id="36"/>
			<tank id="40"/>
			<tank id="12"/>
			<tank id="18"/>
			<tank id="38"/>
			<tank id="31"/>
			<tank id="16"/>
			<tank id="30"/>
			<tank id="26"/>
			<tank id="25"/>
			<tank id="3"/>
			<tank id="32"/>
			<tank id="37"/>
			<tank id="5"/>
			<tank id="20"/>
			<tank id="33"/>
			<tank id="27"/>
			<tank id="8"/>
			<tank id="34"/>
			<tank id="10"/>
			<tank id="24"/>
		</neighbours>
	</tank>
	<tank id="2" capa="217">
		<impossiblecargos>
			<cargo id="5"/>
			<cargo id="13"/>
			<cargo id="15"/>
		</impossiblecargos>
		<neighbours>
			<tank id="30"/>
			<tank id="28"/>
			<tank id="39"/>
			<tank id="18"/>
			<tank id="9"/>
			<tank id="37"/>
			<tank id="11"/>
			<tank id="34"/>
			<tank id="21"/>
			<tank id="38"/>
			<tank id="12"/>
			<tank id="10"/>
		</neighbours>
	</tank>
	<tank id="3" capa="384">
		<impossiblecargos>
			<cargo id="14"/>
		</impossiblecargos>
		<neighbours>
			<tank id="34"/>
			<tank id="5"/>
			<tank id="13"/>
			<tank id="24"/>
			<tank id="26"/>
			<tank id="35"/>
			<tank id="37"/>
			<tank id="10"/>
			<tank id="17"/>
			<tank id="1"/>
			<tank id="22"/>
			<tank id="4"/>
			<tank id="25"/>
			<tank id="38"/>
			<tank id="20"/>
			<tank id="28"/>
		</neighbours>
	</tank>
	<tank id="4" capa="267">
		<impossiblecargos>
			<cargo id="1"/>
			<cargo id="3"/>
			<cargo id="8"/>
			<cargo id="14"/>
		</impossiblecargos>
		<neighbours>
			<tank id="34"/>
			<tank id="23"/>
			<tank id="21"/>
			<tank id="36"/>
			<tank id="14"/>
			<tank id="35"/>
			<tank id="18"/>
			<tank id="12"/>
			<tank id="16"/>
			<tank id="8"/>
			<tank id="24"/>
			<tank id="9"/>
			<tank id="3"/>
			<tank id="32"/>
			<tank id="39"/>
			<tank id="17"/>
			<tank id="28"/>
			<tank id="29"/>
			<tank id="6"/>
		</neighbours>
	</tank>
	<tank id="5" capa="501">
		<impossiblecargos>
			<cargo id="5"/>
			<cargo id="6"/>
			<cargo id="9"/>
			<cargo id="10"/>
			<cargo id="15"/>
		</impossiblecargos>
		<neighbours>
			<tank id="36"/>
			<tank id="3"/>
			<tank id="20"/>
			<tank id="33"/>
			<tank id="18"/>
			<tank id="21"/>
			<tank id="32"/>
			<tank id="6"/>
			<tank id="30"/>
			<tank id="11"/>
			<tank id="19"/>
			<tank id="1"/>
			<tank id="28"/>
			<tank id="25"/>
			<tank id="38"/>
			<tank id="13"/>
			<tank id="34"/>
			<tank id="40"/>
			<tank id="10"/>
		</neighbours>
	</tank>
	<tank id="6" capa="946">
		<impossiblecargos>
			<cargo id="1"/>
			<cargo id="5"/>
			<cargo id="11"/>
			<cargo id="12"/>
			<cargo id="14"/>
		</impossiblecargos>
		<neighbours>
			<tank id="39"/>
			<tank id="26"/>
			<tank id="17"/>
			<tank id="21"/>
			<tank id="11"/>
			<tank id="15"/>
			<tank id="23"/>
			<tank id="5"/>
			<tank id="18"/>
			<tank id="12"/>
			<tank id="19"/>
			<tank id="36"/>
			<tank id="25"/>
			<tank id="40"/>
			<tank id="13"/>
			<tank id="28"/>
			<tank id="4"/>
		</neighbours>
	</tank>
	<tank id="7" capa="320">
		<impossiblecargos>
			<cargo id="9"/>
			<cargo id="11"/>
		</impossiblecargos>
		<neighbours>
			<tank id="36"/>
			<tank id="18"/>
			<tank id="11"/>
			<tank id="23"/>
			<tank id="19"/>
			<tank id="32"/>
			<tank id="13"/>
			<tank id="28"/>
			<tank id="35"/>
			<tank id="31"/>
			<tank id="30"/>
			<tank id="12"/>
			<tank id="25"/>
			<tank id="39"/>
		</neighbours>
	</tank>
	<tank id="8" capa="855">
		<impossiblecargos>
			<cargo id="1"/>
			<cargo id="6"/>
			<cargo id="12"/>
			<cargo id="13"/>
			<cargo id="14"/>
			<cargo id="15"/>
		</impossiblecargos>
		<neighbours>
			<tank id="34"/>
			<tank id="40"/>
			<tank id="38"/>
			<tank id="19"/>
			<tank id="18"/>
			<tank id="13"/>
			<tank id="30"/>
			<tank id="23"/>
			<tank id="4"/>
			<tank id="24"/>
			<tank id="15"/>
			<tank id="16"/>
			<tank id="29"/>
			<tank id="26"/>
			<tank id="28"/>
			<tank id="9"/>
			<tank id="17"/>
			<tank id="14"/>
			<tank id="1"/>
			<tank id="39"/>
			<tank id="37"/>
			<tank id="10"/>
			<tank id="20"/>
		</neighbours>
	</tank>
	<tank id="9" capa="609">
		<impossiblecargos>
			<cargo id="5"/>
			<cargo id="13"/>
			<cargo id="14"/>
		</impossiblecargos>
		<neighbours>
			<tank id="36"/>
			<tank id="11"/>
			<tank id="39"/>
			<tank id="37"/>
			<tank id="35"/>
			<tank id="34"/>
			<tank id="21"/>
			<tank id="14"/>
			<tank id="20"/>
			<tank id="30"/>
			<tank id="2"/>
			<tank id="4"/>
			<tank id="8"/>
			<tank id="23"/>
			<tank id="26"/>
			<tank id="10"/>
			<tank id="40"/>
			<tank id="17"/>
			<tank id="16"/>
		</neighbours>
	</tank>
	<tank id="10" capa="504">
		<impossiblecargos>
			<cargo id="1"/>
			<cargo id="6"/>
			<cargo id="8"/>
		</impossiblecargos>
		<neighbours>
			<tank id="36"/>
			<tank id="31"/>
			<tank id="21"/>
			<tank id="26"/>
			<tank id="34"/>
			<tank id="17"/>
			<tank id="12"/>
			<tank id="33"/>
			<tank id="14"/>
			<tank id="3"/>
			<tank id="19"/>
			<tank id="35"/>
			<tank id="28"/>
			<tank id="9"/>
			<tank id="25"/>
			<tank id="8"/>
			<tank id="38"/>
			<tank id="27"/>
			<tank id="1"/>
			<tank id="37"/>
			<tank id="5"/>
			<tank id="20"/>
			<tank id="2"/>
		</neighbours>
	</tank>
	<tank id="11" capa="986">
		<impossiblecargos>
			<cargo id="2"/>
			<cargo id="5"/>
			<cargo id="9"/>
		</impossiblecargos>
		<neighbours>
			<tank id="9"/>
			<tank id="7"/>
			<tank id="17"/>
			<tank id="6"/>
			<tank id="23"/>
			<tank id="34"/>
			<tank id="21"/>
			<tank id="31"/>
			<tank id="38"/>
			<tank id="18"/>
			<tank id="36"/>
			<tank id="5"/>
			<tank id="37"/>
			<tank id="22"/>
			<tank id="24"/>
			<tank id="12"/>
			<tank id="25"/>
			<tank id="2"/>
			<tank id="32"/>
			<tank id="30"/>
			<tank id="15"/>
			<tank id="26"/>
		</neighbours>
	</tank>
	<tank id="12" capa="868">
		<impossiblecargos>
			<cargo id="1"/>
			<cargo id="9"/>
			<cargo id="11"/>
			<cargo id="15"/>
		</impossiblecargos>
		<neighbours>
			<tank id="38"/>
			<tank id="35"/>
			<tank id="26"/>
			<tank id="17"/>
			<tank id="39"/>
			<tank id="27"/>
			<tank id="18"/>
			<tank id="4"/>
			<tank id="1"/>
			<tank id="25"/>
			<tank id="10"/>
			<tank id="34"/>
			<tank id="6"/>
			<tank id="15"/>
			<tank id="11"/>
			<tank id="40"/>
			<tank id="21"/>
			<tank id="24"/>
			<tank id="7"/>
			<tank id="28"/>
			<tank id="20"/>
			<tank id="29"/>
			<tank id="2"/>
			<tank id="37"/>
			<tank id="14"/>
		</neighbours>
	</tank>
	<tank id="13" capa="314">
		<impossiblecargos>
			<cargo id="3"/>
			<cargo id="6"/>
			<cargo id="7"/>
		</impossiblecargos>
		<neighbours>
			<tank id="25"/>
			<tank id="38"/>
			<tank id="26"/>
			<tank id="3"/>
			<tank id="19"/>
			<tank id="7"/>
			<tank id="23"/>
			<tank id="27"/>
			<tank id="8"/>
			<tank id="24"/>
			<tank id="29"/>
			<tank id="14"/>
			<tank id="36"/>
			<tank id="39"/>
			<tank id="34"/>
			<tank id="5"/>
			<tank id="6"/>
			<tank id="22"/>
		</neighbours>
	</tank>
	<tank id="14" capa="261">
		<impossiblecargos>
			<cargo id="2"/>
			<cargo id="10"/>
			<cargo id="11"/>
		</impossiblecargos>
		<neighbours>
			<tank id="31"/>
			<tank id="26"/>
			<tank id="21"/>
			<tank id="4"/>
			<tank id="9"/>
			<tank id="39"/>
			<tank id="20"/>
			<tank id="24"/>
			<tank id="16"/>
			<tank id="10"/>
			<tank id="28"/>
			<tank id="15"/>
			<tank id="18"/>
			<tank id="37"/>
			<tank id="8"/>
			<tank id="13"/>
			<tank id="38"/>
			<tank id="17"/>
			<tank id="27"/>
			<tank id="12"/>
		</neighbours>
	</tank>
	<tank id="15" capa="855">
		<impossiblecargos>
			<cargo id="2"/>
			<cargo id="5"/>
			<cargo id="10"/>
			<cargo id="11"/>
			<cargo id="12"/>
		</impossiblecargos>
		<neighbours>
			<tank id="17"/>
			<tank id="22"/>
			<tank id="35"/>
			<tank id="37"/>
			<tank id="6"/>
			<tank id="30"/>
			<tank id="26"/>
			<tank id="14"/>
			<tank id="8"/>
			<tank id="12"/>
			<tank id="27"/>
			<tank id="29"/>
			<tank id="16"/>
			<tank id="40"/>
			<tank id="11"/>
			<tank id="31"/>
			<tank id="36"/>
		</neighbours>
	</tank>
	<tank id="16" capa="704">
		<impossiblecargos>
			<cargo id="4"/>
			<cargo id="7"/>
		</impossiblecargos>
		<neighbours>
			<tank id="25"/>
			<tank id="20"/>
			<tank id="37"/>
			<tank id="22"/>
			<tank id="35"/>
			<tank id="23"/>
			<tank id="1"/>
			<tank id="14"/>
			<tank id="4"/>
			<tank id="8"/>
			<tank id="33"/>
			<tank id="15"/>
			<tank id="29"/>
			<tank id="19"/>
			<tank id="24"/>
			<tank id="9"/>
		</neighbours>
	</tank>
	<tank id="17" capa="848">
		<impossiblecargos>
			<cargo id="1"/>
			<cargo id="2"/>
			<cargo id="5"/>
			<cargo id="6"/>
			<cargo id="8"/>
			<cargo id="10"/>
			<cargo id="12"/>
		</impossiblecargos>
		<neighbours>
			<tank id="15"/>
			<tank id="1"/>
			<tank id="34"/>
			<tank id="6"/>
			<tank id="11"/>
			<tank id="12"/>
			<tank id="20"/>
			<tank id="38"/>
			<tank id="10"/>
			<tank id="27"/>
			<tank id="21"/>
			<tank id="32"/>
			<tank id="3"/>
			<tank id="8"/>
			<tank id="37"/>
			<tank id="14"/>
			<tank id="31"/>
			<tank id="4"/>
			<tank id="9"/>
			<tank id="29"/>
			<tank id="24"/>
		</neighbours>
	</tank>
	<tank id="18" capa="334">
		<impossiblecargos>
			<cargo id="4"/>
			<cargo id="8"/>
		</impossiblecargos>
		<neighbours>
			<tank id="7"/>
			<tank id="5"/>
			<tank id="8"/>
			<tank id="4"/>
			<tank id="12"/>
			<tank id="19"/>
			<tank id="27"/>
			<tank id="32"/>
			<tank id="1"/>
			<tank id="11"/>
			<tank id="35"/>
			<tank id="2"/>
			<tank id="6"/>
			<tank id="14"/>
			<tank id="20"/>
			<tank id="22"/>
			<tank id="39"/>
			<tank id="26"/>
			<tank id="28"/>
		</neighbours>
	</tank>
	<tank id="19" capa="808">
		<impossiblecargos>
			<cargo id="1"/>
			<cargo id="2"/>
			<cargo id="4"/>
			<cargo id="5"/>
			<cargo id="6"/>
			<cargo id="12"/>
			<cargo id="15"/>
		</impossiblecargos>
		<neighbours>
			<tank id="33"/>
			<tank id="20"/>
			<tank id="8"/>
			<tank id="7"/>
			<tank id="13"/>
			<tank id="18"/>
			<tank id="40"/>
			<tank id="10"/>
			<tank id="6"/>
			<tank id="5"/>
			<tank id="34"/>
			<tank id="16"/>
			<tank id="22"/>
		</neighbours>
	</tank>
	<tank id="20" capa="764">
		<impossiblecargos>
			<cargo id="1"/>
			<cargo id="4"/>
			<cargo id="7"/>
			<cargo id="11"/>
			<cargo id="12"/>
			<cargo id="15"/>
		</impossiblecargos>
		<neighbours>
			<tank id="28"/>
			<tank id="37"/>
			<tank id="40"/>
			<tank id="16"/>
			<tank id="19"/>
			<tank id="5"/>
			<tank id="17"/>
			<tank id="14"/>
			<tank id="39"/>
			<tank id="9"/>
			<tank id="30"/>
			<tank id="21"/>
			<tank id="18"/>
			<tank id="26"/>
			<tank id="1"/>
			<tank id="25"/>
			<tank id="12"/>
			<tank id="3"/>
			<tank id="23"/>
			<tank id="32"/>
			<tank id="24"/>
			<tank id="10"/>
			<tank id="8"/>
		</neighbours>
	</tank>
	<tank id="21" capa="450">
		<impossiblecargos>
			<cargo id="1"/>
		</impossiblecargos>
		<neighbours>
			<tank id="32"/>
			<tank id="33"/>
			<tank id="22"/>
			<tank id="14"/>
			<tank id="10"/>
			<tank id="4"/>
			<tank id="6"/>
			<tank id="24"/>
			<tank id="9"/>
			<tank id="5"/>
			<tank id="29"/>
			<tank id="11"/>
			<tank id="28"/>
			<tank id="39"/>
			<tank id="38"/>
			<tank id="17"/>
			<tank id="20"/>
			<tank id="12"/>
			<tank id="35"/>
			<tank id="2"/>
			<tank id="25"/>
			<tank id="34"/>
		</neighbours>
	</tank>
	<tank id="22" capa="284">
		<impossiblecargos>
			<cargo id="3"/>
			<cargo id="5"/>
			<cargo id="7"/>
			<cargo id="10"/>
			<cargo id="12"/>
			<cargo id="14"/>
		</impossiblecargos>
		<neighbours>
			<tank id="15"/>
			<tank id="1"/>
			<tank id="21"/>
			<tank id="39"/>
			<tank id="16"/>
			<tank id="29"/>
			<tank id="11"/>
			<tank id="3"/>
			<tank id="18"/>
			<tank id="37"/>
			<tank id="26"/>
			<tank id="40"/>
			<tank id="28"/>
			<tank id="13"/>
			<tank id="19"/>
			<tank id="24"/>
			<tank id="32"/>
		</neighbours>
	</tank>
	<tank id="23" capa="818">
		<impossiblecargos>
			<cargo id="3"/>
			<cargo id="12"/>
			<cargo id="15"/>
		</impossiblecargos>
		<neighbours>
			<tank id="4"/>
			<tank id="7"/>
			<tank id="24"/>
			<tank id="11"/>
			<tank id="32"/>
			<tank id="13"/>
			<tank id="37"/>
			<tank id="16"/>
			<tank id="8"/>
			<tank id="6"/>
			<tank id="29"/>
			<tank id="34"/>
			<tank id="25"/>
			<tank id="28"/>
			<tank id="27"/>
			<tank id="9"/>
			<tank id="38"/>
			<tank id="39"/>
			<tank id="20"/>
			<tank id="26"/>
		</neighbours>
	</tank>
	<tank id="24" capa="811">
		<impossiblecargos>
			<cargo id="1"/>
			<cargo id="2"/>
			<cargo id="9"/>
			<cargo id="10"/>
			<cargo id="12"/>
			<cargo id="14"/>
		</impossiblecargos>
		<neighbours>
			<tank id="32"/>
			<tank id="23"/>
			<tank id="27"/>
			<tank id="28"/>
			<tank id="21"/>
			<tank id="3"/>
			<tank id="14"/>
			<tank id="8"/>
			<tank id="4"/>
			<tank id="11"/>
			<tank id="13"/>
			<tank id="39"/>
			<tank id="35"/>
			<tank id="12"/>
			<tank id="30"/>
			<tank id="25"/>
			<tank id="20"/>
			<tank id="16"/>
			<tank id="22"/>
			<tank id="1"/>
			<tank id="17"/>
			<tank id="33"/>
		</neighbours>
	</tank>
	<tank id="25" capa="547">
		<impossiblecargos>
			<cargo id="1"/>
			<cargo id="11"/>
			<cargo id="13"/>
		</impossiblecargos>
		<neighbours>
			<tank id="27"/>
			<tank id="13"/>
			<tank id="16"/>
			<tank id="31"/>
			<tank id="30"/>
			<tank id="37"/>
			<tank id="12"/>
			<tank id="34"/>
			<tank id="23"/>
			<tank id="1"/>
			<tank id="35"/>
			<tank id="6"/>
			<tank id="11"/>
			<tank id="3"/>
			<tank id="26"/>
			<tank id="32"/>
			<tank id="29"/>
			<tank id="20"/>
			<tank id="24"/>
			<tank id="5"/>
			<tank id="40"/>
			<tank id="10"/>
			<tank id="7"/>
			<tank id="21"/>
		</neighbours>
	</tank>
	<tank id="26" capa="626">
		<impossiblecargos>
			<cargo id="6"/>
			<cargo id="7"/>
			<cargo id="15"/>
		</impossiblecargos>
		<neighbours>
			<tank id="38"/>
			<tank id="14"/>
			<tank id="6"/>
			<tank id="13"/>
			<tank id="12"/>
			<tank id="3"/>
			<tank id="10"/>
			<tank id="34"/>
			<tank id="39"/>
			<tank id="15"/>
			<tank id="1"/>
			<tank id="32"/>
			<tank id="8"/>
			<tank id="40"/>
			<tank id="20"/>
			<tank id="25"/>
			<tank id="9"/>
			<tank id="18"/>
			<tank id="22"/>
			<tank id="28"/>
			<tank id="11"/>
			<tank id="23"/>
		</neighbours>
	</tank>
	<tank id="27" capa="650">
		<impossiblecargos>
			<cargo id="1"/>
			<cargo id="2"/>
			<cargo id="11"/>
			<cargo id="12"/>
			<cargo id="15"/>
		</impossiblecargos>
		<neighbours>
			<tank id="25"/>
			<tank id="24"/>
			<tank id="13"/>
			<tank id="12"/>
			<tank id="18"/>
			<tank id="17"/>
			<tank id="29"/>
			<tank id="15"/>
			<tank id="31"/>
			<tank id="23"/>
			<tank id="35"/>
			<tank id="1"/>
			<tank id="38"/>
			<tank id="39"/>
			<tank id="30"/>
			<tank id="10"/>
			<tank id="32"/>
			<tank id="14"/>
		</neighbours>
	</tank>
	<tank id="28" capa="698">
		<impossiblecargos>
			<cargo id="1"/>
			<cargo id="2"/>
			<cargo id="3"/>
			<cargo id="5"/>
			<cargo id="10"/>
			<cargo id="13"/>
			<cargo id="14"/>
		</impossiblecargos>
		<neighbours>
			<tank id="35"/>
			<tank id="20"/>
			<tank id="24"/>
			<tank id="36"/>
			<tank id="37"/>
			<tank id="21"/>
			<tank id="2"/>
			<tank id="29"/>
			<tank id="7"/>
			<tank id="14"/>
			<tank id="31"/>
			<tank id="23"/>
			<tank id="8"/>
			<tank id="5"/>
			<tank id="10"/>
			<tank id="12"/>
			<tank id="38"/>
			<tank id="22"/>
			<tank id="26"/>
			<tank id="4"/>
			<tank id="18"/>
			<tank id="39"/>
			<tank id="3"/>
			<tank id="6"/>
		</neighbours>
	</tank>
	<tank id="29" capa="307">
		<impossiblecargos>
			<cargo id="1"/>
			<cargo id="5"/>
			<cargo id="14"/>
		</impossiblecargos>
		<neighbours>
			<tank id="21"/>
			<tank id="22"/>
			<tank id="35"/>
			<tank id="38"/>
			<tank id="23"/>
			<tank id="28"/>
			<tank id="27"/>
			<tank id="40"/>
			<tank id="37"/>
			<tank id="8"/>
			<tank id="15"/>
			<tank id="13"/>
			<tank id="25"/>
			<tank id="32"/>
			<tank id="16"/>
			<tank id="12"/>
			<tank id="17"/>
			<tank id="4"/>
		</neighbours>
	</tank>
	<tank id="30" capa="946">
		<impossiblecargos>
			<cargo id="7"/>
			<cargo id="11"/>
			<cargo id="14"/>
		</impossiblecargos>
		<neighbours>
			<tank id="2"/>
			<tank id="33"/>
			<tank id="35"/>
			<tank id="25"/>
			<tank id="34"/>
			<tank id="8"/>
			<tank id="15"/>
			<tank id="5"/>
			<tank id="1"/>
			<tank id="37"/>
			<tank id="20"/>
			<tank id="9"/>
			<tank id="7"/>
			<tank id="11"/>
			<tank id="31"/>
			<tank id="24"/>
			<tank id="32"/>
			<tank id="27"/>
		</neighbours>
	</tank>
	<tank id="31" capa="348">
		<impossiblecargos>
			<cargo id="3"/>
			<cargo id="5"/>
			<cargo id="6"/>
			<cargo id="12"/>
			<cargo id="15"/>
		</impossiblecargos>
		<neighbours>
			<tank id="14"/>
			<tank id="10"/>
			<tank id="25"/>
			<tank id="11"/>
			<tank id="1"/>
			<tank id="28"/>
			<tank id="27"/>
			<tank id="7"/>
			<tank id="30"/>
			<tank id="36"/>
			<tank id="32"/>
			<tank id="38"/>
			<tank id="17"/>
			<tank id="15"/>
			<tank id="40"/>
		</neighbours>
	</tank>
	<tank id="32" capa="895">
		<impossiblecargos>
			<cargo id="3"/>
			<cargo id="5"/>
			<cargo id="7"/>
			<cargo id="8"/>
			<cargo id="11"/>
		</impossiblecargos>
		<neighbours>
			<tank id="21"/>
			<tank id="24"/>
			<tank id="7"/>
			<tank id="38"/>
			<tank id="23"/>
			<tank id="5"/>
			<tank id="18"/>
			<tank id="26"/>
			<tank id="17"/>
			<tank id="1"/>
			<tank id="11"/>
			<tank id="25"/>
			<tank id="4"/>
			<tank id="39"/>
			<tank id="29"/>
			<tank id="33"/>
			<tank id="30"/>
			<tank id="31"/>
			<tank id="36"/>
			<tank id="20"/>
			<tank id="27"/>
			<tank id="22"/>
			<tank id="40"/>
		</neighbours>
	</tank>
	<tank id="33" capa="227">
		<impossiblecargos>
			<cargo id="4"/>
			<cargo id="7"/>
			<cargo id="8"/>
			<cargo id="14"/>
		</impossiblecargos>
		<neighbours>
			<tank id="40"/>
			<tank id="21"/>
			<tank id="19"/>
			<tank id="30"/>
			<tank id="5"/>
			<tank id="38"/>
			<tank id="36"/>
			<tank id="10"/>
			<tank id="16"/>
			<tank id="1"/>
			<tank id="32"/>
			<tank id="24"/>
		</neighbours>
	</tank>
	<tank id="34" capa="747">
		<impossiblecargos>
			<cargo id="5"/>
			<cargo id="6"/>
			<cargo id="7"/>
			<cargo id="9"/>
			<cargo id="10"/>
			<cargo id="11"/>
		</impossiblecargos>
		<neighbours>
			<tank id="4"/>
			<tank id="8"/>
			<tank id="38"/>
			<tank id="40"/>
			<tank id="9"/>
			<tank id="3"/>
			<tank id="17"/>
			<tank id="11"/>
			<tank id="30"/>
			<tank id="26"/>
			<tank id="10"/>
			<tank id="23"/>
			<tank id="25"/>
			<tank id="12"/>
			<tank id="2"/>
			<tank id="1"/>
			<tank id="19"/>
			<tank id="13"/>
			<tank id="5"/>
			<tank id="21"/>
		</neighbours>
	</tank>
	<tank id="35" capa="776">
		<impossiblecargos>
			<cargo id="1"/>
			<cargo id="4"/>
		</impossiblecargos>
		<neighbours>
			<tank id="28"/>
			<tank id="37"/>
			<tank id="15"/>
			<tank id="9"/>
			<tank id="12"/>
			<tank id="30"/>
			<tank id="3"/>
			<tank id="4"/>
			<tank id="16"/>
			<tank id="29"/>
			<tank id="18"/>
			<tank id="39"/>
			<tank id="7"/>
			<tank id="10"/>
			<tank id="25"/>
			<tank id="24"/>
			<tank id="27"/>
			<tank id="36"/>
			<tank id="21"/>
		</neighbours>
	</tank>
	<tank id="36" capa="911">
		<impossiblecargos>
			<cargo id="14"/>
		</impossiblecargos>
		<neighbours>
			<tank id="5"/>
			<tank id="7"/>
			<tank id="9"/>
			<tank id="10"/>
			<tank id="1"/>
			<tank id="4"/>
			<tank id="28"/>
			<tank id="33"/>
			<tank id="11"/>
			<tank id="6"/>
			<tank id="38"/>
			<tank id="35"/>
			<tank id="31"/>
			<tank id="13"/>
			<tank id="32"/>
			<tank id="15"/>
			<tank id="40"/>
		</neighbours>
	</tank>
	<tank id="37" capa="592">
		<impossiblecargos>
			<cargo id="15"/>
		</impossiblecargos>
		<neighbours>
			<tank id="40"/>
			<tank id="35"/>
			<tank id="9"/>
			<tank id="20"/>
			<tank id="16"/>
			<tank id="28"/>
			<tank id="38"/>
			<tank id="15"/>
			<tank id="3"/>
			<tank id="23"/>
			<tank id="25"/>
			<tank id="30"/>
			<tank id="11"/>
			<tank id="29"/>
			<tank id="2"/>
			<tank id="1"/>
			<tank id="14"/>
			<tank id="22"/>
			<tank id="8"/>
			<tank id="17"/>
			<tank id="12"/>
			<tank id="10"/>
		</neighbours>
	</tank>
	<tank id="38" capa="216">
		<impossiblecargos>
			<cargo id="7"/>
			<cargo id="12"/>
		</impossiblecargos>
		<neighbours>
			<tank id="34"/>
			<tank id="26"/>
			<tank id="12"/>
			<tank id="13"/>
			<tank id="8"/>
			<tank id="32"/>
			<tank id="40"/>
			<tank id="37"/>
			<tank id="17"/>
			<tank id="33"/>
			<tank id="29"/>
			<tank id="11"/>
			<tank id="21"/>
			<tank id="1"/>
			<tank id="39"/>
			<tank id="36"/>
			<tank id="23"/>
			<tank id="14"/>
			<tank id="28"/>
			<tank id="3"/>
			<tank id="5"/>
			<tank id="31"/>
			<tank id="10"/>
			<tank id="27"/>
			<tank id="2"/>
		</neighbours>
	</tank>
	<tank id="39" capa="761">
		<impossiblecargos>
			<cargo id="3"/>
			<cargo id="10"/>
			<cargo id="14"/>
		</impossiblecargos>
		<neighbours>
			<tank id="40"/>
			<tank id="9"/>
			<tank id="6"/>
			<tank id="22"/>
			<tank id="12"/>
			<tank id="21"/>
			<tank id="14"/>
			<tank id="26"/>
			<tank id="20"/>
			<tank id="2"/>
			<tank id="35"/>
			<tank id="38"/>
			<tank id="24"/>
			<tank id="18"/>
			<tank id="8"/>
			<tank id="32"/>
			<tank id="23"/>
			<tank id="4"/>
			<tank id="13"/>
			<tank id="27"/>
			<tank id="7"/>
			<tank id="28"/>
		</neighbours>
	</tank>
	<tank id="40" capa="953">
		<impossiblecargos>
			<cargo id="7"/>
			<cargo id="8"/>
			<cargo id="11"/>
			<cargo id="12"/>
			<cargo id="15"/>
		</impossiblecargos>
		<neighbours>
			<tank id="37"/>
			<tank id="39"/>
			<tank id="33"/>
			<tank id="8"/>
			<tank id="34"/>
			<tank id="20"/>
			<tank id="1"/>
			<tank id="38"/>
			<tank id="19"/>
			<tank id="29"/>
			<tank id="12"/>
			<tank id="26"/>
			<tank id="6"/>
			<tank id="15"/>
			<tank id="25"/>
			<tank id="22"/>
			<tank id="9"/>
			<tank id="31"/>
			<tank id="5"/>
			<tank id="32"/>
			<tank id="36"/>
		</neighbours>
	</tank>
</tanks>
</problem>
