<?xml version="1.0" encoding="UTF-8"?>
<!--
This is a random problem, generated with these parameters:
nCargo = 15
nTanks = 25
nEmptyTanks = 1
tankMinSize = 200
tankMaxSize = 300
tankFillRatioMin = 0.9
tankFillRatioMax = 1.0
connectivityRatio = 0.5
impossibleCargoRatio = 0.5
notNeighbouringRatio = 0.25
-->
<problem>
<cargos nb="15">
	<cargo id="1" name="c1" volume="1021"/>
	<cargo id="2" name="c2" volume="394"/>
	<cargo id="3" name="c3" volume="738"/>
	<cargo id="4" name="c4" volume="748"/>
	<cargo id="5" name="c5" volume="0"/>
	<cargo id="6" name="c6" volume="699"/>
	<cargo id="7" name="c7" volume="270"/>
	<cargo id="8" name="c8" volume="236"/>
	<cargo id="9" name="c9" volume="464"/>
	<cargo id="10" name="c10" volume="246"/>
	<cargo id="11" name="c11" volume="292"/>
	<cargo id="12" name="c12" volume="0"/>
	<cargo id="13" name="c13" volume="278"/>
	<cargo id="14" name="c14" volume="0"/>
	<cargo id="15" name="c15" volume="441"/>
</cargos>
<incompatibles>
	<incompatible cargo1="1"  cargo2="5"/>
	<incompatible cargo1="1"  cargo2="14"/>
	<incompatible cargo1="2"  cargo2="14"/>
	<incompatible cargo1="4"  cargo2="14"/>
	<incompatible cargo1="5"  cargo2="11"/>
	<incompatible cargo1="5"  cargo2="14"/>
	<incompatible cargo1="7"  cargo2="10"/>
	<incompatible cargo1="8"  cargo2="14"/>
	<incompatible cargo1="10"  cargo2="11"/>
	<incompatible cargo1="11"  cargo2="15"/>
	<incompatible cargo1="12"  cargo2="14"/>
</incompatibles>
<tanks nb="25">
	<tank id="1" capa="226">
		<impossiblecargos>
			<cargo id="1"/>
			<cargo id="4"/>
			<cargo id="7"/>
			<cargo id="10"/>
			<cargo id="13"/>
			<cargo id="15"/>
		</impossiblecargos>
		<neighbours>
			<tank id="17"/>
			<tank id="3"/>
			<tank id="23"/>
			<tank id="6"/>
			<tank id="10"/>
			<tank id="9"/>
			<tank id="19"/>
			<tank id="13"/>
			<tank id="8"/>
			<tank id="11"/>
			<tank id="20"/>
		</neighbours>
	</tank>
	<tank id="2" capa="282">
		<impossiblecargos>
			<cargo id="2"/>
			<cargo id="4"/>
			<cargo id="5"/>
			<cargo id="9"/>
			<cargo id="11"/>
			<cargo id="13"/>
			<cargo id="14"/>
			<cargo id="15"/>
		</impossiblecargos>
		<neighbours>
			<tank id="4"/>
			<tank id="10"/>
			<tank id="3"/>
			<tank id="6"/>
			<tank id="13"/>
			<tank id="17"/>
			<tank id="7"/>
			<tank id="21"/>
			<tank id="18"/>
			<tank id="5"/>
			<tank id="19"/>
			<tank id="12"/>
			<tank id="24"/>
		</neighbours>
	</tank>
	<tank id="3" capa="207">
		<impossiblecargos>
			<cargo id="1"/>
			<cargo id="3"/>
			<cargo id="4"/>
			<cargo id="5"/>
			<cargo id="6"/>
			<cargo id="10"/>
			<cargo id="12"/>
			<cargo id="14"/>
			<cargo id="15"/>
		</impossiblecargos>
		<neighbours>
			<tank id="24"/>
			<tank id="23"/>
			<tank id="12"/>
			<tank id="1"/>
			<tank id="2"/>
			<tank id="17"/>
			<tank id="18"/>
			<tank id="9"/>
			<tank id="7"/>
			<tank id="14"/>
			<tank id="8"/>
			<tank id="16"/>
			<tank id="21"/>
		</neighbours>
	</tank>
	<tank id="4" capa="286">
		<impossiblecargos>
			<cargo id="2"/>
			<cargo id="4"/>
			<cargo id="8"/>
			<cargo id="9"/>
			<cargo id="10"/>
			<cargo id="12"/>
			<cargo id="14"/>
		</impossiblecargos>
		<neighbours>
			<tank id="19"/>
			<tank id="12"/>
			<tank id="20"/>
			<tank id="2"/>
			<tank id="5"/>
			<tank id="17"/>
			<tank id="8"/>
			<tank id="18"/>
			<tank id="14"/>
			<tank id="25"/>
			<tank id="22"/>
			<tank id="7"/>
			<tank id="21"/>
			<tank id="16"/>
			<tank id="6"/>
			<tank id="11"/>
			<tank id="15"/>
		</neighbours>
	</tank>
	<tank id="5" capa="242">
		<impossiblecargos>
			<cargo id="3"/>
			<cargo id="5"/>
			<cargo id="7"/>
			<cargo id="8"/>
			<cargo id="10"/>
			<cargo id="11"/>
		</impossiblecargos>
		<neighbours>
			<tank id="4"/>
			<tank id="8"/>
			<tank id="24"/>
			<tank id="19"/>
			<tank id="11"/>
			<tank id="16"/>
			<tank id="22"/>
			<tank id="10"/>
			<tank id="9"/>
			<tank id="2"/>
			<tank id="23"/>
			<tank id="15"/>
			<tank id="7"/>
			<tank id="20"/>
			<tank id="6"/>
		</neighbours>
	</tank>
	<tank id="6" capa="211">
		<impossiblecargos>
			<cargo id="4"/>
			<cargo id="5"/>
			<cargo id="8"/>
			<cargo id="11"/>
			<cargo id="12"/>
		</impossiblecargos>
		<neighbours>
			<tank id="18"/>
			<tank id="13"/>
			<tank id="1"/>
			<tank id="2"/>
			<tank id="14"/>
			<tank id="11"/>
			<tank id="7"/>
			<tank id="8"/>
			<tank id="4"/>
			<tank id="16"/>
			<tank id="15"/>
			<tank id="5"/>
		</neighbours>
	</tank>
	<tank id="7" capa="296">
		<impossiblecargos>
			<cargo id="1"/>
			<cargo id="3"/>
			<cargo id="4"/>
			<cargo id="8"/>
			<cargo id="12"/>
			<cargo id="13"/>
			<cargo id="14"/>
			<cargo id="15"/>
		</impossiblecargos>
		<neighbours>
			<tank id="16"/>
			<tank id="13"/>
			<tank id="2"/>
			<tank id="12"/>
			<tank id="3"/>
			<tank id="4"/>
			<tank id="14"/>
			<tank id="21"/>
			<tank id="6"/>
			<tank id="23"/>
			<tank id="9"/>
			<tank id="5"/>
		</neighbours>
	</tank>
	<tank id="8" capa="227">
		<impossiblecargos>
			<cargo id="2"/>
			<cargo id="6"/>
			<cargo id="10"/>
			<cargo id="11"/>
			<cargo id="12"/>
			<cargo id="13"/>
		</impossiblecargos>
		<neighbours>
			<tank id="10"/>
			<tank id="24"/>
			<tank id="5"/>
			<tank id="4"/>
			<tank id="13"/>
			<tank id="19"/>
			<tank id="21"/>
			<tank id="3"/>
			<tank id="6"/>
			<tank id="9"/>
			<tank id="23"/>
			<tank id="1"/>
		</neighbours>
	</tank>
	<tank id="9" capa="281">
		<impossiblecargos>
			<cargo id="2"/>
			<cargo id="5"/>
			<cargo id="6"/>
			<cargo id="7"/>
			<cargo id="12"/>
			<cargo id="14"/>
		</impossiblecargos>
		<neighbours>
			<tank id="23"/>
			<tank id="19"/>
			<tank id="20"/>
			<tank id="21"/>
			<tank id="14"/>
			<tank id="3"/>
			<tank id="1"/>
			<tank id="10"/>
			<tank id="5"/>
			<tank id="22"/>
			<tank id="7"/>
			<tank id="15"/>
			<tank id="18"/>
			<tank id="8"/>
			<tank id="11"/>
		</neighbours>
	</tank>
	<tank id="10" capa="298">
		<impossiblecargos>
			<cargo id="2"/>
			<cargo id="5"/>
			<cargo id="6"/>
			<cargo id="9"/>
			<cargo id="12"/>
			<cargo id="15"/>
		</impossiblecargos>
		<neighbours>
			<tank id="8"/>
			<tank id="18"/>
			<tank id="2"/>
			<tank id="14"/>
			<tank id="1"/>
			<tank id="5"/>
			<tank id="15"/>
			<tank id="9"/>
			<tank id="23"/>
			<tank id="12"/>
			<tank id="19"/>
		</neighbours>
	</tank>
	<tank id="11" capa="247">
		<impossiblecargos>
			<cargo id="1"/>
			<cargo id="3"/>
			<cargo id="4"/>
			<cargo id="5"/>
			<cargo id="6"/>
			<cargo id="7"/>
		</impossiblecargos>
		<neighbours>
			<tank id="25"/>
			<tank id="5"/>
			<tank id="12"/>
			<tank id="24"/>
			<tank id="6"/>
			<tank id="18"/>
			<tank id="17"/>
			<tank id="20"/>
			<tank id="16"/>
			<tank id="19"/>
			<tank id="1"/>
			<tank id="4"/>
			<tank id="9"/>
		</neighbours>
	</tank>
	<tank id="12" capa="289">
		<impossiblecargos>
			<cargo id="2"/>
			<cargo id="3"/>
			<cargo id="5"/>
			<cargo id="8"/>
			<cargo id="11"/>
			<cargo id="14"/>
		</impossiblecargos>
		<neighbours>
			<tank id="4"/>
			<tank id="3"/>
			<tank id="20"/>
			<tank id="11"/>
			<tank id="13"/>
			<tank id="7"/>
			<tank id="10"/>
			<tank id="15"/>
			<tank id="2"/>
			<tank id="23"/>
			<tank id="25"/>
		</neighbours>
	</tank>
	<tank id="13" capa="257">
		<impossiblecargos>
			<cargo id="2"/>
			<cargo id="3"/>
			<cargo id="4"/>
			<cargo id="7"/>
			<cargo id="9"/>
			<cargo id="10"/>
			<cargo id="11"/>
			<cargo id="12"/>
			<cargo id="13"/>
			<cargo id="14"/>
		</impossiblecargos>
		<neighbours>
			<tank id="23"/>
			<tank id="6"/>
			<tank id="7"/>
			<tank id="19"/>
			<tank id="2"/>
			<tank id="8"/>
			<tank id="20"/>
			<tank id="18"/>
			<tank id="12"/>
			<tank id="16"/>
			<tank id="1"/>
			<tank id="17"/>
		</neighbours>
	</tank>
	<tank id="14" capa="270">
		<impossiblecargos>
			<cargo id="1"/>
			<cargo id="2"/>
			<cargo id="6"/>
			<cargo id="7"/>
			<cargo id="9"/>
			<cargo id="10"/>
			<cargo id="11"/>
			<cargo id="12"/>
			<cargo id="15"/>
		</impossiblecargos>
		<neighbours>
			<tank id="6"/>
			<tank id="10"/>
			<tank id="4"/>
			<tank id="9"/>
			<tank id="7"/>
			<tank id="3"/>
			<tank id="25"/>
			<tank id="24"/>
			<tank id="20"/>
			<tank id="19"/>
		</neighbours>
	</tank>
	<tank id="15" capa="203">
		<impossiblecargos>
			<cargo id="3"/>
			<cargo id="5"/>
			<cargo id="7"/>
			<cargo id="8"/>
			<cargo id="11"/>
			<cargo id="12"/>
			<cargo id="13"/>
			<cargo id="15"/>
		</impossiblecargos>
		<neighbours>
			<tank id="17"/>
			<tank id="10"/>
			<tank id="19"/>
			<tank id="12"/>
			<tank id="9"/>
			<tank id="5"/>
			<tank id="6"/>
			<tank id="4"/>
		</neighbours>
	</tank>
	<tank id="16" capa="270">
		<impossiblecargos>
			<cargo id="2"/>
			<cargo id="4"/>
			<cargo id="6"/>
			<cargo id="7"/>
			<cargo id="9"/>
			<cargo id="10"/>
			<cargo id="13"/>
			<cargo id="15"/>
		</impossiblecargos>
		<neighbours>
			<tank id="22"/>
			<tank id="7"/>
			<tank id="19"/>
			<tank id="5"/>
			<tank id="13"/>
			<tank id="17"/>
			<tank id="25"/>
			<tank id="11"/>
			<tank id="3"/>
			<tank id="4"/>
			<tank id="6"/>
		</neighbours>
	</tank>
	<tank id="17" capa="283">
		<impossiblecargos>
			<cargo id="2"/>
			<cargo id="3"/>
			<cargo id="5"/>
			<cargo id="6"/>
			<cargo id="7"/>
			<cargo id="8"/>
			<cargo id="9"/>
			<cargo id="10"/>
			<cargo id="13"/>
			<cargo id="14"/>
		</impossiblecargos>
		<neighbours>
			<tank id="21"/>
			<tank id="25"/>
			<tank id="1"/>
			<tank id="4"/>
			<tank id="24"/>
			<tank id="3"/>
			<tank id="2"/>
			<tank id="15"/>
			<tank id="16"/>
			<tank id="11"/>
			<tank id="23"/>
			<tank id="18"/>
			<tank id="13"/>
		</neighbours>
	</tank>
	<tank id="18" capa="263">
		<impossiblecargos>
			<cargo id="1"/>
			<cargo id="2"/>
			<cargo id="10"/>
			<cargo id="12"/>
			<cargo id="13"/>
		</impossiblecargos>
		<neighbours>
			<tank id="6"/>
			<tank id="10"/>
			<tank id="4"/>
			<tank id="24"/>
			<tank id="3"/>
			<tank id="13"/>
			<tank id="2"/>
			<tank id="11"/>
			<tank id="17"/>
			<tank id="19"/>
			<tank id="9"/>
			<tank id="21"/>
		</neighbours>
	</tank>
	<tank id="19" capa="219">
		<impossiblecargos>
			<cargo id="7"/>
			<cargo id="8"/>
			<cargo id="9"/>
			<cargo id="10"/>
			<cargo id="11"/>
			<cargo id="12"/>
			<cargo id="13"/>
		</impossiblecargos>
		<neighbours>
			<tank id="4"/>
			<tank id="9"/>
			<tank id="25"/>
			<tank id="16"/>
			<tank id="5"/>
			<tank id="13"/>
			<tank id="8"/>
			<tank id="1"/>
			<tank id="2"/>
			<tank id="15"/>
			<tank id="18"/>
			<tank id="20"/>
			<tank id="14"/>
			<tank id="11"/>
			<tank id="10"/>
			<tank id="23"/>
		</neighbours>
	</tank>
	<tank id="20" capa="223">
		<impossiblecargos>
			<cargo id="2"/>
			<cargo id="3"/>
			<cargo id="5"/>
			<cargo id="7"/>
			<cargo id="8"/>
			<cargo id="9"/>
			<cargo id="11"/>
			<cargo id="12"/>
			<cargo id="13"/>
			<cargo id="15"/>
		</impossiblecargos>
		<neighbours>
			<tank id="4"/>
			<tank id="9"/>
			<tank id="12"/>
			<tank id="13"/>
			<tank id="11"/>
			<tank id="19"/>
			<tank id="14"/>
			<tank id="22"/>
			<tank id="5"/>
			<tank id="21"/>
			<tank id="1"/>
		</neighbours>
	</tank>
	<tank id="21" capa="261">
		<impossiblecargos>
			<cargo id="1"/>
			<cargo id="5"/>
			<cargo id="8"/>
			<cargo id="9"/>
			<cargo id="10"/>
			<cargo id="11"/>
			<cargo id="12"/>
		</impossiblecargos>
		<neighbours>
			<tank id="22"/>
			<tank id="17"/>
			<tank id="24"/>
			<tank id="9"/>
			<tank id="2"/>
			<tank id="7"/>
			<tank id="8"/>
			<tank id="4"/>
			<tank id="23"/>
			<tank id="3"/>
			<tank id="18"/>
			<tank id="20"/>
		</neighbours>
	</tank>
	<tank id="22" capa="201">
		<impossiblecargos>
			<cargo id="1"/>
			<cargo id="2"/>
			<cargo id="4"/>
			<cargo id="5"/>
			<cargo id="8"/>
			<cargo id="10"/>
			<cargo id="12"/>
			<cargo id="14"/>
			<cargo id="15"/>
		</impossiblecargos>
		<neighbours>
			<tank id="25"/>
			<tank id="16"/>
			<tank id="21"/>
			<tank id="23"/>
			<tank id="5"/>
			<tank id="4"/>
			<tank id="9"/>
			<tank id="20"/>
		</neighbours>
	</tank>
	<tank id="23" capa="262">
		<impossiblecargos>
			<cargo id="3"/>
			<cargo id="6"/>
			<cargo id="8"/>
			<cargo id="11"/>
			<cargo id="12"/>
			<cargo id="13"/>
		</impossiblecargos>
		<neighbours>
			<tank id="24"/>
			<tank id="9"/>
			<tank id="13"/>
			<tank id="3"/>
			<tank id="1"/>
			<tank id="22"/>
			<tank id="10"/>
			<tank id="17"/>
			<tank id="7"/>
			<tank id="5"/>
			<tank id="21"/>
			<tank id="8"/>
			<tank id="12"/>
			<tank id="19"/>
		</neighbours>
	</tank>
	<tank id="24" capa="292">
		<impossiblecargos>
			<cargo id="2"/>
			<cargo id="3"/>
			<cargo id="7"/>
			<cargo id="8"/>
			<cargo id="10"/>
			<cargo id="12"/>
			<cargo id="14"/>
		</impossiblecargos>
		<neighbours>
			<tank id="23"/>
			<tank id="3"/>
			<tank id="8"/>
			<tank id="5"/>
			<tank id="11"/>
			<tank id="17"/>
			<tank id="21"/>
			<tank id="18"/>
			<tank id="14"/>
			<tank id="2"/>
		</neighbours>
	</tank>
	<tank id="25" capa="271">
		<impossiblecargos>
			<cargo id="1"/>
			<cargo id="3"/>
			<cargo id="4"/>
			<cargo id="8"/>
			<cargo id="15"/>
		</impossiblecargos>
		<neighbours>
			<tank id="22"/>
			<tank id="17"/>
			<tank id="11"/>
			<tank id="19"/>
			<tank id="4"/>
			<tank id="14"/>
			<tank id="16"/>
			<tank id="12"/>
		</neighbours>
	</tank>
</tanks>
</problem>
