<?xml version="1.0" encoding="UTF-8"?>
<!--
This is a random problem, generated with these parameters:
nCargo = 15
nTanks = 25
nEmptyTanks = 1
tankMinSize = 200
tankMaxSize = 300
tankFillRatioMin = 0.9
tankFillRatioMax = 1.0
connectivityRatio = 0.5
impossibleCargoRatio = 0.5
notNeighbouringRatio = 0.5
-->
<problem>
<cargos nb="15">
	<cargo id="1" name="c1" volume="388"/>
	<cargo id="2" name="c2" volume="926"/>
	<cargo id="3" name="c3" volume="639"/>
	<cargo id="4" name="c4" volume="229"/>
	<cargo id="5" name="c5" volume="679"/>
	<cargo id="6" name="c6" volume="254"/>
	<cargo id="7" name="c7" volume="248"/>
	<cargo id="8" name="c8" volume="468"/>
	<cargo id="9" name="c9" volume="278"/>
	<cargo id="10" name="c10" volume="188"/>
	<cargo id="11" name="c11" volume="0"/>
	<cargo id="12" name="c12" volume="653"/>
	<cargo id="13" name="c13" volume="0"/>
	<cargo id="14" name="c14" volume="224"/>
	<cargo id="15" name="c15" volume="266"/>
</cargos>
<incompatibles>
	<incompatible cargo1="1"  cargo2="13"/>
	<incompatible cargo1="3"  cargo2="9"/>
	<incompatible cargo1="3"  cargo2="14"/>
	<incompatible cargo1="4"  cargo2="10"/>
	<incompatible cargo1="4"  cargo2="11"/>
	<incompatible cargo1="4"  cargo2="13"/>
	<incompatible cargo1="6"  cargo2="9"/>
	<incompatible cargo1="6"  cargo2="11"/>
	<incompatible cargo1="6"  cargo2="12"/>
	<incompatible cargo1="6"  cargo2="13"/>
	<incompatible cargo1="7"  cargo2="10"/>
	<incompatible cargo1="7"  cargo2="13"/>
	<incompatible cargo1="8"  cargo2="11"/>
	<incompatible cargo1="8"  cargo2="15"/>
	<incompatible cargo1="9"  cargo2="10"/>
	<incompatible cargo1="9"  cargo2="11"/>
	<incompatible cargo1="11"  cargo2="12"/>
	<incompatible cargo1="11"  cargo2="15"/>
	<incompatible cargo1="13"  cargo2="14"/>
	<incompatible cargo1="13"  cargo2="15"/>
</incompatibles>
<tanks nb="25">
	<tank id="1" capa="227">
		<impossiblecargos>
			<cargo id="1"/>
			<cargo id="5"/>
			<cargo id="7"/>
			<cargo id="9"/>
			<cargo id="11"/>
			<cargo id="13"/>
			<cargo id="15"/>
		</impossiblecargos>
		<neighbours>
			<tank id="9"/>
			<tank id="24"/>
			<tank id="4"/>
			<tank id="13"/>
			<tank id="16"/>
			<tank id="8"/>
			<tank id="18"/>
			<tank id="22"/>
			<tank id="15"/>
			<tank id="25"/>
			<tank id="12"/>
			<tank id="6"/>
		</neighbours>
	</tank>
	<tank id="2" capa="201">
		<impossiblecargos>
			<cargo id="2"/>
			<cargo id="6"/>
			<cargo id="7"/>
			<cargo id="8"/>
			<cargo id="10"/>
			<cargo id="11"/>
			<cargo id="12"/>
		</impossiblecargos>
		<neighbours>
			<tank id="9"/>
			<tank id="5"/>
			<tank id="23"/>
			<tank id="11"/>
			<tank id="10"/>
			<tank id="13"/>
			<tank id="24"/>
			<tank id="15"/>
			<tank id="6"/>
			<tank id="18"/>
			<tank id="17"/>
		</neighbours>
	</tank>
	<tank id="3" capa="274">
		<impossiblecargos>
			<cargo id="2"/>
			<cargo id="4"/>
			<cargo id="5"/>
			<cargo id="6"/>
			<cargo id="7"/>
			<cargo id="9"/>
			<cargo id="11"/>
			<cargo id="12"/>
			<cargo id="13"/>
			<cargo id="15"/>
		</impossiblecargos>
		<neighbours>
			<tank id="14"/>
			<tank id="20"/>
			<tank id="17"/>
			<tank id="12"/>
			<tank id="11"/>
			<tank id="18"/>
			<tank id="5"/>
			<tank id="16"/>
			<tank id="8"/>
			<tank id="25"/>
			<tank id="24"/>
			<tank id="4"/>
			<tank id="21"/>
		</neighbours>
	</tank>
	<tank id="4" capa="230">
		<impossiblecargos>
			<cargo id="1"/>
			<cargo id="2"/>
			<cargo id="9"/>
			<cargo id="11"/>
			<cargo id="13"/>
			<cargo id="14"/>
		</impossiblecargos>
		<neighbours>
			<tank id="16"/>
			<tank id="21"/>
			<tank id="14"/>
			<tank id="1"/>
			<tank id="9"/>
			<tank id="15"/>
			<tank id="6"/>
			<tank id="13"/>
			<tank id="12"/>
			<tank id="8"/>
			<tank id="7"/>
			<tank id="22"/>
			<tank id="3"/>
			<tank id="18"/>
		</neighbours>
	</tank>
	<tank id="5" capa="203">
		<impossiblecargos>
			<cargo id="1"/>
			<cargo id="3"/>
			<cargo id="4"/>
			<cargo id="5"/>
			<cargo id="7"/>
			<cargo id="12"/>
			<cargo id="13"/>
			<cargo id="15"/>
		</impossiblecargos>
		<neighbours>
			<tank id="2"/>
			<tank id="13"/>
			<tank id="25"/>
			<tank id="3"/>
			<tank id="12"/>
			<tank id="24"/>
			<tank id="15"/>
			<tank id="18"/>
		</neighbours>
	</tank>
	<tank id="6" capa="259">
		<impossiblecargos>
			<cargo id="4"/>
			<cargo id="6"/>
			<cargo id="7"/>
			<cargo id="8"/>
			<cargo id="10"/>
			<cargo id="11"/>
			<cargo id="13"/>
			<cargo id="15"/>
		</impossiblecargos>
		<neighbours>
			<tank id="11"/>
			<tank id="18"/>
			<tank id="12"/>
			<tank id="21"/>
			<tank id="13"/>
			<tank id="17"/>
			<tank id="9"/>
			<tank id="4"/>
			<tank id="24"/>
			<tank id="2"/>
			<tank id="23"/>
			<tank id="22"/>
			<tank id="20"/>
			<tank id="1"/>
		</neighbours>
	</tank>
	<tank id="7" capa="211">
		<impossiblecargos>
			<cargo id="1"/>
			<cargo id="2"/>
			<cargo id="6"/>
			<cargo id="7"/>
			<cargo id="10"/>
			<cargo id="11"/>
			<cargo id="13"/>
			<cargo id="15"/>
		</impossiblecargos>
		<neighbours>
			<tank id="11"/>
			<tank id="10"/>
			<tank id="16"/>
			<tank id="8"/>
			<tank id="18"/>
			<tank id="17"/>
			<tank id="4"/>
			<tank id="9"/>
			<tank id="24"/>
			<tank id="15"/>
		</neighbours>
	</tank>
	<tank id="8" capa="283">
		<impossiblecargos>
			<cargo id="3"/>
			<cargo id="5"/>
			<cargo id="10"/>
			<cargo id="13"/>
			<cargo id="14"/>
		</impossiblecargos>
		<neighbours>
			<tank id="19"/>
			<tank id="23"/>
			<tank id="1"/>
			<tank id="17"/>
			<tank id="7"/>
			<tank id="11"/>
			<tank id="3"/>
			<tank id="9"/>
			<tank id="22"/>
			<tank id="4"/>
			<tank id="18"/>
			<tank id="21"/>
			<tank id="14"/>
			<tank id="16"/>
		</neighbours>
	</tank>
	<tank id="9" capa="229">
		<impossiblecargos>
			<cargo id="1"/>
			<cargo id="2"/>
			<cargo id="3"/>
			<cargo id="4"/>
			<cargo id="5"/>
			<cargo id="6"/>
			<cargo id="7"/>
			<cargo id="8"/>
			<cargo id="13"/>
		</impossiblecargos>
		<neighbours>
			<tank id="2"/>
			<tank id="24"/>
			<tank id="1"/>
			<tank id="13"/>
			<tank id="18"/>
			<tank id="15"/>
			<tank id="14"/>
			<tank id="4"/>
			<tank id="6"/>
			<tank id="8"/>
			<tank id="7"/>
		</neighbours>
	</tank>
	<tank id="10" capa="271">
		<impossiblecargos>
			<cargo id="1"/>
			<cargo id="7"/>
			<cargo id="11"/>
			<cargo id="12"/>
			<cargo id="14"/>
			<cargo id="15"/>
		</impossiblecargos>
		<neighbours>
			<tank id="18"/>
			<tank id="12"/>
			<tank id="14"/>
			<tank id="2"/>
			<tank id="7"/>
			<tank id="20"/>
			<tank id="23"/>
			<tank id="25"/>
			<tank id="17"/>
			<tank id="16"/>
			<tank id="21"/>
		</neighbours>
	</tank>
	<tank id="11" capa="214">
		<impossiblecargos>
			<cargo id="1"/>
			<cargo id="3"/>
			<cargo id="4"/>
			<cargo id="7"/>
			<cargo id="8"/>
			<cargo id="9"/>
			<cargo id="11"/>
			<cargo id="12"/>
			<cargo id="13"/>
			<cargo id="15"/>
		</impossiblecargos>
		<neighbours>
			<tank id="6"/>
			<tank id="22"/>
			<tank id="3"/>
			<tank id="21"/>
			<tank id="7"/>
			<tank id="2"/>
			<tank id="8"/>
			<tank id="18"/>
			<tank id="20"/>
			<tank id="19"/>
			<tank id="17"/>
		</neighbours>
	</tank>
	<tank id="12" capa="229">
		<impossiblecargos>
			<cargo id="4"/>
			<cargo id="6"/>
			<cargo id="7"/>
			<cargo id="12"/>
		</impossiblecargos>
		<neighbours>
			<tank id="10"/>
			<tank id="3"/>
			<tank id="14"/>
			<tank id="25"/>
			<tank id="6"/>
			<tank id="5"/>
			<tank id="21"/>
			<tank id="24"/>
			<tank id="15"/>
			<tank id="23"/>
			<tank id="4"/>
			<tank id="22"/>
			<tank id="1"/>
			<tank id="18"/>
		</neighbours>
	</tank>
	<tank id="13" capa="252">
		<impossiblecargos>
			<cargo id="3"/>
			<cargo id="8"/>
			<cargo id="9"/>
			<cargo id="10"/>
			<cargo id="13"/>
		</impossiblecargos>
		<neighbours>
			<tank id="15"/>
			<tank id="19"/>
			<tank id="5"/>
			<tank id="22"/>
			<tank id="23"/>
			<tank id="9"/>
			<tank id="1"/>
			<tank id="6"/>
			<tank id="2"/>
			<tank id="4"/>
			<tank id="17"/>
		</neighbours>
	</tank>
	<tank id="14" capa="248">
		<impossiblecargos>
			<cargo id="1"/>
			<cargo id="2"/>
			<cargo id="3"/>
			<cargo id="6"/>
			<cargo id="8"/>
			<cargo id="9"/>
			<cargo id="10"/>
			<cargo id="11"/>
			<cargo id="13"/>
		</impossiblecargos>
		<neighbours>
			<tank id="3"/>
			<tank id="10"/>
			<tank id="12"/>
			<tank id="4"/>
			<tank id="9"/>
			<tank id="17"/>
			<tank id="25"/>
			<tank id="16"/>
			<tank id="18"/>
			<tank id="22"/>
			<tank id="8"/>
		</neighbours>
	</tank>
	<tank id="15" capa="220">
		<impossiblecargos>
			<cargo id="2"/>
			<cargo id="3"/>
			<cargo id="4"/>
			<cargo id="5"/>
			<cargo id="8"/>
			<cargo id="9"/>
			<cargo id="11"/>
			<cargo id="14"/>
			<cargo id="15"/>
		</impossiblecargos>
		<neighbours>
			<tank id="24"/>
			<tank id="13"/>
			<tank id="20"/>
			<tank id="18"/>
			<tank id="16"/>
			<tank id="9"/>
			<tank id="4"/>
			<tank id="12"/>
			<tank id="2"/>
			<tank id="5"/>
			<tank id="1"/>
			<tank id="7"/>
			<tank id="22"/>
		</neighbours>
	</tank>
	<tank id="16" capa="206">
		<impossiblecargos>
			<cargo id="1"/>
			<cargo id="3"/>
			<cargo id="9"/>
			<cargo id="10"/>
			<cargo id="12"/>
			<cargo id="14"/>
		</impossiblecargos>
		<neighbours>
			<tank id="4"/>
			<tank id="15"/>
			<tank id="1"/>
			<tank id="20"/>
			<tank id="3"/>
			<tank id="7"/>
			<tank id="23"/>
			<tank id="17"/>
			<tank id="22"/>
			<tank id="14"/>
			<tank id="10"/>
			<tank id="8"/>
			<tank id="21"/>
		</neighbours>
	</tank>
	<tank id="17" capa="254">
		<impossiblecargos>
			<cargo id="1"/>
			<cargo id="2"/>
			<cargo id="3"/>
			<cargo id="6"/>
			<cargo id="7"/>
			<cargo id="9"/>
			<cargo id="11"/>
			<cargo id="13"/>
			<cargo id="14"/>
			<cargo id="15"/>
		</impossiblecargos>
		<neighbours>
			<tank id="25"/>
			<tank id="3"/>
			<tank id="18"/>
			<tank id="8"/>
			<tank id="6"/>
			<tank id="16"/>
			<tank id="14"/>
			<tank id="23"/>
			<tank id="22"/>
			<tank id="20"/>
			<tank id="10"/>
			<tank id="7"/>
			<tank id="19"/>
			<tank id="13"/>
			<tank id="11"/>
			<tank id="2"/>
		</neighbours>
	</tank>
	<tank id="18" capa="210">
		<impossiblecargos>
			<cargo id="2"/>
			<cargo id="5"/>
			<cargo id="11"/>
			<cargo id="12"/>
			<cargo id="14"/>
		</impossiblecargos>
		<neighbours>
			<tank id="20"/>
			<tank id="10"/>
			<tank id="22"/>
			<tank id="25"/>
			<tank id="6"/>
			<tank id="3"/>
			<tank id="9"/>
			<tank id="15"/>
			<tank id="17"/>
			<tank id="1"/>
			<tank id="11"/>
			<tank id="7"/>
			<tank id="2"/>
			<tank id="8"/>
			<tank id="5"/>
			<tank id="14"/>
			<tank id="4"/>
			<tank id="12"/>
		</neighbours>
	</tank>
	<tank id="19" capa="223">
		<impossiblecargos>
			<cargo id="2"/>
			<cargo id="3"/>
			<cargo id="4"/>
			<cargo id="5"/>
			<cargo id="7"/>
			<cargo id="8"/>
			<cargo id="10"/>
		</impossiblecargos>
		<neighbours>
			<tank id="13"/>
			<tank id="8"/>
			<tank id="25"/>
			<tank id="22"/>
			<tank id="20"/>
			<tank id="17"/>
			<tank id="11"/>
		</neighbours>
	</tank>
	<tank id="20" capa="261">
		<impossiblecargos>
			<cargo id="6"/>
			<cargo id="8"/>
			<cargo id="12"/>
			<cargo id="14"/>
		</impossiblecargos>
		<neighbours>
			<tank id="18"/>
			<tank id="3"/>
			<tank id="21"/>
			<tank id="22"/>
			<tank id="15"/>
			<tank id="16"/>
			<tank id="10"/>
			<tank id="11"/>
			<tank id="19"/>
			<tank id="17"/>
			<tank id="6"/>
		</neighbours>
	</tank>
	<tank id="21" capa="287">
		<impossiblecargos>
			<cargo id="3"/>
			<cargo id="4"/>
			<cargo id="5"/>
			<cargo id="6"/>
			<cargo id="9"/>
			<cargo id="11"/>
			<cargo id="12"/>
			<cargo id="15"/>
		</impossiblecargos>
		<neighbours>
			<tank id="20"/>
			<tank id="11"/>
			<tank id="4"/>
			<tank id="23"/>
			<tank id="6"/>
			<tank id="12"/>
			<tank id="24"/>
			<tank id="8"/>
			<tank id="3"/>
			<tank id="10"/>
			<tank id="16"/>
		</neighbours>
	</tank>
	<tank id="22" capa="294">
		<impossiblecargos>
			<cargo id="2"/>
			<cargo id="6"/>
			<cargo id="7"/>
			<cargo id="12"/>
			<cargo id="14"/>
			<cargo id="15"/>
		</impossiblecargos>
		<neighbours>
			<tank id="20"/>
			<tank id="11"/>
			<tank id="18"/>
			<tank id="13"/>
			<tank id="19"/>
			<tank id="8"/>
			<tank id="1"/>
			<tank id="16"/>
			<tank id="17"/>
			<tank id="6"/>
			<tank id="23"/>
			<tank id="4"/>
			<tank id="12"/>
			<tank id="14"/>
			<tank id="15"/>
		</neighbours>
	</tank>
	<tank id="23" capa="276">
		<impossiblecargos>
			<cargo id="2"/>
			<cargo id="3"/>
			<cargo id="4"/>
			<cargo id="5"/>
			<cargo id="10"/>
			<cargo id="12"/>
			<cargo id="13"/>
			<cargo id="14"/>
		</impossiblecargos>
		<neighbours>
			<tank id="2"/>
			<tank id="21"/>
			<tank id="13"/>
			<tank id="8"/>
			<tank id="16"/>
			<tank id="10"/>
			<tank id="17"/>
			<tank id="12"/>
			<tank id="6"/>
			<tank id="22"/>
			<tank id="25"/>
		</neighbours>
	</tank>
	<tank id="24" capa="205">
		<impossiblecargos>
			<cargo id="2"/>
			<cargo id="3"/>
			<cargo id="4"/>
			<cargo id="6"/>
			<cargo id="7"/>
			<cargo id="9"/>
			<cargo id="11"/>
			<cargo id="15"/>
		</impossiblecargos>
		<neighbours>
			<tank id="15"/>
			<tank id="9"/>
			<tank id="1"/>
			<tank id="5"/>
			<tank id="12"/>
			<tank id="21"/>
			<tank id="2"/>
			<tank id="6"/>
			<tank id="3"/>
			<tank id="7"/>
		</neighbours>
	</tank>
	<tank id="25" capa="285">
		<impossiblecargos>
			<cargo id="2"/>
			<cargo id="5"/>
			<cargo id="7"/>
			<cargo id="13"/>
		</impossiblecargos>
		<neighbours>
			<tank id="17"/>
			<tank id="18"/>
			<tank id="5"/>
			<tank id="19"/>
			<tank id="12"/>
			<tank id="3"/>
			<tank id="14"/>
			<tank id="10"/>
			<tank id="1"/>
			<tank id="23"/>
		</neighbours>
	</tank>
</tanks>
</problem>
