<?xml version="1.0" encoding="UTF-8"?>
<!--
This is a random problem, generated with these parameters:
nCargo = 15
nTanks = 40
nEmptyTanks = 1
tankMinSize = 200
tankMaxSize = 1000
tankFillRatioMin = 0.5
tankFillRatioMax = 1.0
connectivityRatio = 0.5
impossibleCargoRatio = 0.25
notNeighbouringRatio = 0.5
-->
<problem>
<cargos nb="15">
	<cargo id="1" name="c1" volume="1560"/>
	<cargo id="2" name="c2" volume="3063"/>
	<cargo id="3" name="c3" volume="247"/>
	<cargo id="4" name="c4" volume="2074"/>
	<cargo id="5" name="c5" volume="866"/>
	<cargo id="6" name="c6" volume="1824"/>
	<cargo id="7" name="c7" volume="605"/>
	<cargo id="8" name="c8" volume="517"/>
	<cargo id="9" name="c9" volume="1181"/>
	<cargo id="10" name="c10" volume="359"/>
	<cargo id="11" name="c11" volume="393"/>
	<cargo id="12" name="c12" volume="2592"/>
	<cargo id="13" name="c13" volume="493"/>
	<cargo id="14" name="c14" volume="643"/>
	<cargo id="15" name="c15" volume="337"/>
</cargos>
<incompatibles>
	<incompatible cargo1="3"  cargo2="5"/>
	<incompatible cargo1="3"  cargo2="7"/>
	<incompatible cargo1="3"  cargo2="8"/>
	<incompatible cargo1="3"  cargo2="13"/>
	<incompatible cargo1="7"  cargo2="13"/>
	<incompatible cargo1="7"  cargo2="15"/>
	<incompatible cargo1="8"  cargo2="9"/>
	<incompatible cargo1="8"  cargo2="14"/>
	<incompatible cargo1="9"  cargo2="15"/>
	<incompatible cargo1="10"  cargo2="11"/>
	<incompatible cargo1="14"  cargo2="15"/>
</incompatibles>
<tanks nb="40">
	<tank id="1" capa="563">
		<impossiblecargos>
			<cargo id="1"/>
			<cargo id="9"/>
			<cargo id="11"/>
			<cargo id="14"/>
		</impossiblecargos>
		<neighbours>
			<tank id="21"/>
			<tank id="2"/>
			<tank id="20"/>
			<tank id="29"/>
			<tank id="30"/>
			<tank id="3"/>
			<tank id="7"/>
			<tank id="28"/>
			<tank id="35"/>
			<tank id="27"/>
			<tank id="13"/>
			<tank id="37"/>
			<tank id="26"/>
			<tank id="17"/>
			<tank id="22"/>
			<tank id="23"/>
			<tank id="8"/>
			<tank id="33"/>
			<tank id="32"/>
			<tank id="18"/>
			<tank id="25"/>
			<tank id="24"/>
			<tank id="14"/>
		</neighbours>
	</tank>
	<tank id="2" capa="391">
		<impossiblecargos>
			<cargo id="7"/>
			<cargo id="8"/>
			<cargo id="9"/>
			<cargo id="10"/>
			<cargo id="15"/>
		</impossiblecargos>
		<neighbours>
			<tank id="1"/>
			<tank id="5"/>
			<tank id="13"/>
			<tank id="8"/>
			<tank id="18"/>
			<tank id="14"/>
			<tank id="10"/>
			<tank id="39"/>
			<tank id="30"/>
			<tank id="17"/>
			<tank id="4"/>
			<tank id="38"/>
			<tank id="37"/>
			<tank id="25"/>
			<tank id="32"/>
			<tank id="7"/>
		</neighbours>
	</tank>
	<tank id="3" capa="570">
		<impossiblecargos>
		</impossiblecargos>
		<neighbours>
			<tank id="16"/>
			<tank id="20"/>
			<tank id="39"/>
			<tank id="1"/>
			<tank id="37"/>
			<tank id="17"/>
			<tank id="29"/>
			<tank id="32"/>
			<tank id="38"/>
			<tank id="6"/>
			<tank id="22"/>
			<tank id="8"/>
			<tank id="9"/>
			<tank id="18"/>
			<tank id="33"/>
			<tank id="27"/>
			<tank id="35"/>
			<tank id="24"/>
			<tank id="7"/>
			<tank id="30"/>
		</neighbours>
	</tank>
	<tank id="4" capa="666">
		<impossiblecargos>
			<cargo id="10"/>
		</impossiblecargos>
		<neighbours>
			<tank id="8"/>
			<tank id="36"/>
			<tank id="15"/>
			<tank id="27"/>
			<tank id="23"/>
			<tank id="30"/>
			<tank id="37"/>
			<tank id="19"/>
			<tank id="17"/>
			<tank id="14"/>
			<tank id="38"/>
			<tank id="31"/>
			<tank id="29"/>
			<tank id="35"/>
			<tank id="22"/>
			<tank id="33"/>
			<tank id="25"/>
			<tank id="2"/>
			<tank id="20"/>
			<tank id="6"/>
			<tank id="7"/>
			<tank id="16"/>
			<tank id="13"/>
			<tank id="18"/>
			<tank id="11"/>
		</neighbours>
	</tank>
	<tank id="5" capa="895">
		<impossiblecargos>
			<cargo id="3"/>
			<cargo id="4"/>
			<cargo id="5"/>
			<cargo id="7"/>
			<cargo id="8"/>
			<cargo id="14"/>
		</impossiblecargos>
		<neighbours>
			<tank id="2"/>
			<tank id="20"/>
			<tank id="18"/>
			<tank id="26"/>
			<tank id="8"/>
			<tank id="15"/>
			<tank id="16"/>
			<tank id="23"/>
			<tank id="31"/>
			<tank id="40"/>
			<tank id="38"/>
			<tank id="32"/>
			<tank id="35"/>
			<tank id="9"/>
			<tank id="34"/>
			<tank id="11"/>
			<tank id="30"/>
			<tank id="28"/>
			<tank id="25"/>
		</neighbours>
	</tank>
	<tank id="6" capa="576">
		<impossiblecargos>
			<cargo id="6"/>
			<cargo id="9"/>
			<cargo id="13"/>
		</impossiblecargos>
		<neighbours>
			<tank id="14"/>
			<tank id="18"/>
			<tank id="37"/>
			<tank id="8"/>
			<tank id="39"/>
			<tank id="7"/>
			<tank id="20"/>
			<tank id="16"/>
			<tank id="34"/>
			<tank id="3"/>
			<tank id="40"/>
			<tank id="24"/>
			<tank id="32"/>
			<tank id="4"/>
			<tank id="10"/>
			<tank id="36"/>
			<tank id="26"/>
			<tank id="25"/>
			<tank id="17"/>
		</neighbours>
	</tank>
	<tank id="7" capa="285">
		<impossiblecargos>
			<cargo id="7"/>
			<cargo id="8"/>
			<cargo id="9"/>
			<cargo id="13"/>
			<cargo id="14"/>
		</impossiblecargos>
		<neighbours>
			<tank id="30"/>
			<tank id="1"/>
			<tank id="6"/>
			<tank id="15"/>
			<tank id="14"/>
			<tank id="24"/>
			<tank id="21"/>
			<tank id="39"/>
			<tank id="16"/>
			<tank id="8"/>
			<tank id="33"/>
			<tank id="4"/>
			<tank id="23"/>
			<tank id="17"/>
			<tank id="18"/>
			<tank id="3"/>
			<tank id="2"/>
		</neighbours>
	</tank>
	<tank id="8" capa="719">
		<impossiblecargos>
			<cargo id="8"/>
			<cargo id="11"/>
			<cargo id="13"/>
			<cargo id="15"/>
		</impossiblecargos>
		<neighbours>
			<tank id="4"/>
			<tank id="6"/>
			<tank id="24"/>
			<tank id="30"/>
			<tank id="13"/>
			<tank id="2"/>
			<tank id="27"/>
			<tank id="15"/>
			<tank id="36"/>
			<tank id="20"/>
			<tank id="40"/>
			<tank id="31"/>
			<tank id="5"/>
			<tank id="18"/>
			<tank id="25"/>
			<tank id="11"/>
			<tank id="29"/>
			<tank id="12"/>
			<tank id="14"/>
			<tank id="19"/>
			<tank id="3"/>
			<tank id="38"/>
			<tank id="17"/>
			<tank id="7"/>
			<tank id="1"/>
			<tank id="26"/>
			<tank id="39"/>
			<tank id="21"/>
		</neighbours>
	</tank>
	<tank id="9" capa="578">
		<impossiblecargos>
			<cargo id="3"/>
			<cargo id="4"/>
			<cargo id="13"/>
			<cargo id="15"/>
		</impossiblecargos>
		<neighbours>
			<tank id="10"/>
			<tank id="12"/>
			<tank id="34"/>
			<tank id="35"/>
			<tank id="18"/>
			<tank id="11"/>
			<tank id="30"/>
			<tank id="15"/>
			<tank id="17"/>
			<tank id="21"/>
			<tank id="39"/>
			<tank id="3"/>
			<tank id="40"/>
			<tank id="32"/>
			<tank id="28"/>
			<tank id="36"/>
			<tank id="38"/>
			<tank id="14"/>
			<tank id="5"/>
			<tank id="20"/>
			<tank id="16"/>
			<tank id="29"/>
		</neighbours>
	</tank>
	<tank id="10" capa="580">
		<impossiblecargos>
			<cargo id="9"/>
		</impossiblecargos>
		<neighbours>
			<tank id="9"/>
			<tank id="37"/>
			<tank id="12"/>
			<tank id="30"/>
			<tank id="24"/>
			<tank id="2"/>
			<tank id="18"/>
			<tank id="33"/>
			<tank id="20"/>
			<tank id="11"/>
			<tank id="36"/>
			<tank id="6"/>
			<tank id="35"/>
			<tank id="13"/>
			<tank id="23"/>
			<tank id="39"/>
			<tank id="31"/>
		</neighbours>
	</tank>
	<tank id="11" capa="252">
		<impossiblecargos>
			<cargo id="4"/>
			<cargo id="9"/>
			<cargo id="11"/>
			<cargo id="12"/>
			<cargo id="13"/>
		</impossiblecargos>
		<neighbours>
			<tank id="16"/>
			<tank id="20"/>
			<tank id="40"/>
			<tank id="18"/>
			<tank id="24"/>
			<tank id="21"/>
			<tank id="19"/>
			<tank id="39"/>
			<tank id="9"/>
			<tank id="8"/>
			<tank id="10"/>
			<tank id="25"/>
			<tank id="23"/>
			<tank id="34"/>
			<tank id="28"/>
			<tank id="5"/>
			<tank id="13"/>
			<tank id="4"/>
		</neighbours>
	</tank>
	<tank id="12" capa="980">
		<impossiblecargos>
			<cargo id="7"/>
			<cargo id="9"/>
		</impossiblecargos>
		<neighbours>
			<tank id="20"/>
			<tank id="9"/>
			<tank id="29"/>
			<tank id="14"/>
			<tank id="34"/>
			<tank id="10"/>
			<tank id="21"/>
			<tank id="18"/>
			<tank id="39"/>
			<tank id="17"/>
			<tank id="38"/>
			<tank id="23"/>
			<tank id="8"/>
			<tank id="31"/>
			<tank id="30"/>
		</neighbours>
	</tank>
	<tank id="13" capa="815">
		<impossiblecargos>
			<cargo id="10"/>
		</impossiblecargos>
		<neighbours>
			<tank id="33"/>
			<tank id="8"/>
			<tank id="2"/>
			<tank id="16"/>
			<tank id="28"/>
			<tank id="32"/>
			<tank id="1"/>
			<tank id="26"/>
			<tank id="23"/>
			<tank id="36"/>
			<tank id="39"/>
			<tank id="34"/>
			<tank id="22"/>
			<tank id="17"/>
			<tank id="21"/>
			<tank id="27"/>
			<tank id="4"/>
			<tank id="10"/>
			<tank id="11"/>
			<tank id="14"/>
		</neighbours>
	</tank>
	<tank id="14" capa="849">
		<impossiblecargos>
			<cargo id="1"/>
			<cargo id="10"/>
		</impossiblecargos>
		<neighbours>
			<tank id="6"/>
			<tank id="32"/>
			<tank id="12"/>
			<tank id="18"/>
			<tank id="35"/>
			<tank id="2"/>
			<tank id="34"/>
			<tank id="7"/>
			<tank id="16"/>
			<tank id="4"/>
			<tank id="31"/>
			<tank id="8"/>
			<tank id="26"/>
			<tank id="28"/>
			<tank id="9"/>
			<tank id="30"/>
			<tank id="1"/>
			<tank id="13"/>
		</neighbours>
	</tank>
	<tank id="15" capa="301">
		<impossiblecargos>
			<cargo id="3"/>
			<cargo id="8"/>
			<cargo id="13"/>
		</impossiblecargos>
		<neighbours>
			<tank id="18"/>
			<tank id="4"/>
			<tank id="7"/>
			<tank id="8"/>
			<tank id="31"/>
			<tank id="30"/>
			<tank id="21"/>
			<tank id="40"/>
			<tank id="5"/>
			<tank id="19"/>
			<tank id="9"/>
			<tank id="24"/>
			<tank id="35"/>
			<tank id="16"/>
			<tank id="17"/>
			<tank id="39"/>
			<tank id="33"/>
		</neighbours>
	</tank>
	<tank id="16" capa="417">
		<impossiblecargos>
			<cargo id="7"/>
			<cargo id="8"/>
			<cargo id="9"/>
			<cargo id="13"/>
			<cargo id="14"/>
		</impossiblecargos>
		<neighbours>
			<tank id="3"/>
			<tank id="28"/>
			<tank id="11"/>
			<tank id="13"/>
			<tank id="38"/>
			<tank id="6"/>
			<tank id="14"/>
			<tank id="33"/>
			<tank id="26"/>
			<tank id="40"/>
			<tank id="5"/>
			<tank id="30"/>
			<tank id="7"/>
			<tank id="15"/>
			<tank id="4"/>
			<tank id="9"/>
			<tank id="32"/>
		</neighbours>
	</tank>
	<tank id="17" capa="235">
		<impossiblecargos>
			<cargo id="1"/>
			<cargo id="2"/>
			<cargo id="13"/>
		</impossiblecargos>
		<neighbours>
			<tank id="20"/>
			<tank id="38"/>
			<tank id="40"/>
			<tank id="26"/>
			<tank id="25"/>
			<tank id="3"/>
			<tank id="22"/>
			<tank id="33"/>
			<tank id="18"/>
			<tank id="12"/>
			<tank id="36"/>
			<tank id="4"/>
			<tank id="35"/>
			<tank id="1"/>
			<tank id="9"/>
			<tank id="37"/>
			<tank id="2"/>
			<tank id="30"/>
			<tank id="8"/>
			<tank id="13"/>
			<tank id="15"/>
			<tank id="6"/>
			<tank id="7"/>
		</neighbours>
	</tank>
	<tank id="18" capa="561">
		<impossiblecargos>
			<cargo id="3"/>
			<cargo id="11"/>
		</impossiblecargos>
		<neighbours>
			<tank id="6"/>
			<tank id="15"/>
			<tank id="30"/>
			<tank id="14"/>
			<tank id="11"/>
			<tank id="2"/>
			<tank id="12"/>
			<tank id="5"/>
			<tank id="17"/>
			<tank id="9"/>
			<tank id="10"/>
			<tank id="8"/>
			<tank id="21"/>
			<tank id="28"/>
			<tank id="3"/>
			<tank id="19"/>
			<tank id="37"/>
			<tank id="35"/>
			<tank id="7"/>
			<tank id="26"/>
			<tank id="1"/>
			<tank id="20"/>
			<tank id="4"/>
		</neighbours>
	</tank>
	<tank id="19" capa="313">
		<impossiblecargos>
			<cargo id="2"/>
			<cargo id="6"/>
			<cargo id="11"/>
			<cargo id="15"/>
		</impossiblecargos>
		<neighbours>
			<tank id="35"/>
			<tank id="11"/>
			<tank id="4"/>
			<tank id="40"/>
			<tank id="37"/>
			<tank id="21"/>
			<tank id="8"/>
			<tank id="15"/>
			<tank id="18"/>
			<tank id="23"/>
			<tank id="27"/>
			<tank id="38"/>
		</neighbours>
	</tank>
	<tank id="20" capa="701">
		<impossiblecargos>
			<cargo id="8"/>
			<cargo id="11"/>
		</impossiblecargos>
		<neighbours>
			<tank id="1"/>
			<tank id="17"/>
			<tank id="12"/>
			<tank id="24"/>
			<tank id="3"/>
			<tank id="5"/>
			<tank id="11"/>
			<tank id="6"/>
			<tank id="8"/>
			<tank id="35"/>
			<tank id="10"/>
			<tank id="31"/>
			<tank id="27"/>
			<tank id="21"/>
			<tank id="4"/>
			<tank id="32"/>
			<tank id="9"/>
			<tank id="36"/>
			<tank id="33"/>
			<tank id="28"/>
			<tank id="18"/>
			<tank id="40"/>
			<tank id="25"/>
		</neighbours>
	</tank>
	<tank id="21" capa="693">
		<impossiblecargos>
			<cargo id="1"/>
			<cargo id="4"/>
			<cargo id="6"/>
			<cargo id="8"/>
		</impossiblecargos>
		<neighbours>
			<tank id="1"/>
			<tank id="12"/>
			<tank id="11"/>
			<tank id="27"/>
			<tank id="31"/>
			<tank id="7"/>
			<tank id="15"/>
			<tank id="19"/>
			<tank id="18"/>
			<tank id="29"/>
			<tank id="9"/>
			<tank id="38"/>
			<tank id="20"/>
			<tank id="36"/>
			<tank id="30"/>
			<tank id="13"/>
			<tank id="26"/>
			<tank id="28"/>
			<tank id="25"/>
			<tank id="35"/>
			<tank id="33"/>
			<tank id="8"/>
		</neighbours>
	</tank>
	<tank id="22" capa="633">
		<impossiblecargos>
			<cargo id="4"/>
			<cargo id="7"/>
			<cargo id="9"/>
			<cargo id="15"/>
		</impossiblecargos>
		<neighbours>
			<tank id="24"/>
			<tank id="30"/>
			<tank id="23"/>
			<tank id="36"/>
			<tank id="17"/>
			<tank id="35"/>
			<tank id="37"/>
			<tank id="3"/>
			<tank id="28"/>
			<tank id="29"/>
			<tank id="4"/>
			<tank id="1"/>
			<tank id="31"/>
			<tank id="13"/>
		</neighbours>
	</tank>
	<tank id="23" capa="332">
		<impossiblecargos>
			<cargo id="1"/>
			<cargo id="4"/>
			<cargo id="5"/>
			<cargo id="7"/>
			<cargo id="12"/>
		</impossiblecargos>
		<neighbours>
			<tank id="29"/>
			<tank id="22"/>
			<tank id="36"/>
			<tank id="4"/>
			<tank id="12"/>
			<tank id="13"/>
			<tank id="38"/>
			<tank id="30"/>
			<tank id="5"/>
			<tank id="37"/>
			<tank id="1"/>
			<tank id="11"/>
			<tank id="39"/>
			<tank id="19"/>
			<tank id="7"/>
			<tank id="10"/>
			<tank id="33"/>
			<tank id="35"/>
		</neighbours>
	</tank>
	<tank id="24" capa="841">
		<impossiblecargos>
			<cargo id="1"/>
			<cargo id="3"/>
			<cargo id="9"/>
			<cargo id="10"/>
			<cargo id="12"/>
			<cargo id="13"/>
		</impossiblecargos>
		<neighbours>
			<tank id="22"/>
			<tank id="35"/>
			<tank id="37"/>
			<tank id="36"/>
			<tank id="20"/>
			<tank id="8"/>
			<tank id="31"/>
			<tank id="11"/>
			<tank id="10"/>
			<tank id="7"/>
			<tank id="29"/>
			<tank id="6"/>
			<tank id="15"/>
			<tank id="33"/>
			<tank id="3"/>
			<tank id="1"/>
			<tank id="30"/>
			<tank id="27"/>
			<tank id="25"/>
		</neighbours>
	</tank>
	<tank id="25" capa="227">
		<impossiblecargos>
		</impossiblecargos>
		<neighbours>
			<tank id="38"/>
			<tank id="17"/>
			<tank id="26"/>
			<tank id="39"/>
			<tank id="31"/>
			<tank id="8"/>
			<tank id="34"/>
			<tank id="36"/>
			<tank id="4"/>
			<tank id="33"/>
			<tank id="11"/>
			<tank id="35"/>
			<tank id="6"/>
			<tank id="29"/>
			<tank id="21"/>
			<tank id="2"/>
			<tank id="1"/>
			<tank id="20"/>
			<tank id="24"/>
			<tank id="5"/>
		</neighbours>
	</tank>
	<tank id="26" capa="605">
		<impossiblecargos>
			<cargo id="3"/>
			<cargo id="5"/>
			<cargo id="12"/>
			<cargo id="13"/>
		</impossiblecargos>
		<neighbours>
			<tank id="40"/>
			<tank id="17"/>
			<tank id="36"/>
			<tank id="25"/>
			<tank id="5"/>
			<tank id="13"/>
			<tank id="29"/>
			<tank id="1"/>
			<tank id="34"/>
			<tank id="16"/>
			<tank id="39"/>
			<tank id="28"/>
			<tank id="21"/>
			<tank id="14"/>
			<tank id="8"/>
			<tank id="6"/>
			<tank id="18"/>
			<tank id="31"/>
		</neighbours>
	</tank>
	<tank id="27" capa="655">
		<impossiblecargos>
			<cargo id="3"/>
			<cargo id="9"/>
			<cargo id="12"/>
		</impossiblecargos>
		<neighbours>
			<tank id="31"/>
			<tank id="30"/>
			<tank id="33"/>
			<tank id="4"/>
			<tank id="38"/>
			<tank id="8"/>
			<tank id="1"/>
			<tank id="21"/>
			<tank id="29"/>
			<tank id="32"/>
			<tank id="20"/>
			<tank id="40"/>
			<tank id="35"/>
			<tank id="3"/>
			<tank id="13"/>
			<tank id="37"/>
			<tank id="24"/>
			<tank id="19"/>
		</neighbours>
	</tank>
	<tank id="28" capa="860">
		<impossiblecargos>
			<cargo id="3"/>
			<cargo id="5"/>
			<cargo id="9"/>
			<cargo id="10"/>
			<cargo id="13"/>
		</impossiblecargos>
		<neighbours>
			<tank id="16"/>
			<tank id="1"/>
			<tank id="13"/>
			<tank id="35"/>
			<tank id="22"/>
			<tank id="29"/>
			<tank id="18"/>
			<tank id="31"/>
			<tank id="26"/>
			<tank id="9"/>
			<tank id="21"/>
			<tank id="14"/>
			<tank id="37"/>
			<tank id="20"/>
			<tank id="11"/>
			<tank id="5"/>
			<tank id="32"/>
		</neighbours>
	</tank>
	<tank id="29" capa="525">
		<impossiblecargos>
			<cargo id="9"/>
			<cargo id="10"/>
			<cargo id="11"/>
		</impossiblecargos>
		<neighbours>
			<tank id="23"/>
			<tank id="1"/>
			<tank id="12"/>
			<tank id="3"/>
			<tank id="38"/>
			<tank id="32"/>
			<tank id="26"/>
			<tank id="33"/>
			<tank id="27"/>
			<tank id="8"/>
			<tank id="24"/>
			<tank id="34"/>
			<tank id="4"/>
			<tank id="30"/>
			<tank id="22"/>
			<tank id="28"/>
			<tank id="21"/>
			<tank id="40"/>
			<tank id="39"/>
			<tank id="25"/>
			<tank id="9"/>
			<tank id="37"/>
		</neighbours>
	</tank>
	<tank id="30" capa="980">
		<impossiblecargos>
			<cargo id="6"/>
			<cargo id="10"/>
			<cargo id="13"/>
		</impossiblecargos>
		<neighbours>
			<tank id="22"/>
			<tank id="1"/>
			<tank id="27"/>
			<tank id="7"/>
			<tank id="18"/>
			<tank id="8"/>
			<tank id="4"/>
			<tank id="10"/>
			<tank id="34"/>
			<tank id="15"/>
			<tank id="2"/>
			<tank id="38"/>
			<tank id="32"/>
			<tank id="31"/>
			<tank id="29"/>
			<tank id="9"/>
			<tank id="16"/>
			<tank id="36"/>
			<tank id="23"/>
			<tank id="17"/>
			<tank id="21"/>
			<tank id="12"/>
			<tank id="14"/>
			<tank id="24"/>
			<tank id="5"/>
			<tank id="3"/>
		</neighbours>
	</tank>
	<tank id="31" capa="838">
		<impossiblecargos>
			<cargo id="4"/>
			<cargo id="7"/>
			<cargo id="9"/>
			<cargo id="10"/>
			<cargo id="12"/>
		</impossiblecargos>
		<neighbours>
			<tank id="27"/>
			<tank id="34"/>
			<tank id="24"/>
			<tank id="15"/>
			<tank id="21"/>
			<tank id="8"/>
			<tank id="36"/>
			<tank id="25"/>
			<tank id="14"/>
			<tank id="4"/>
			<tank id="30"/>
			<tank id="12"/>
			<tank id="20"/>
			<tank id="28"/>
			<tank id="5"/>
			<tank id="22"/>
			<tank id="26"/>
			<tank id="38"/>
			<tank id="10"/>
			<tank id="32"/>
		</neighbours>
	</tank>
	<tank id="32" capa="622">
		<impossiblecargos>
			<cargo id="4"/>
			<cargo id="5"/>
			<cargo id="14"/>
		</impossiblecargos>
		<neighbours>
			<tank id="14"/>
			<tank id="13"/>
			<tank id="3"/>
			<tank id="40"/>
			<tank id="29"/>
			<tank id="30"/>
			<tank id="38"/>
			<tank id="27"/>
			<tank id="34"/>
			<tank id="6"/>
			<tank id="33"/>
			<tank id="9"/>
			<tank id="35"/>
			<tank id="5"/>
			<tank id="20"/>
			<tank id="37"/>
			<tank id="1"/>
			<tank id="16"/>
			<tank id="2"/>
			<tank id="28"/>
			<tank id="31"/>
		</neighbours>
	</tank>
	<tank id="33" capa="370">
		<impossiblecargos>
			<cargo id="5"/>
			<cargo id="7"/>
			<cargo id="11"/>
		</impossiblecargos>
		<neighbours>
			<tank id="13"/>
			<tank id="27"/>
			<tank id="17"/>
			<tank id="36"/>
			<tank id="29"/>
			<tank id="10"/>
			<tank id="16"/>
			<tank id="4"/>
			<tank id="25"/>
			<tank id="3"/>
			<tank id="40"/>
			<tank id="32"/>
			<tank id="7"/>
			<tank id="24"/>
			<tank id="15"/>
			<tank id="1"/>
			<tank id="23"/>
			<tank id="20"/>
			<tank id="21"/>
			<tank id="38"/>
		</neighbours>
	</tank>
	<tank id="34" capa="470">
		<impossiblecargos>
			<cargo id="5"/>
			<cargo id="8"/>
			<cargo id="11"/>
			<cargo id="12"/>
			<cargo id="15"/>
		</impossiblecargos>
		<neighbours>
			<tank id="31"/>
			<tank id="12"/>
			<tank id="9"/>
			<tank id="14"/>
			<tank id="30"/>
			<tank id="6"/>
			<tank id="26"/>
			<tank id="36"/>
			<tank id="25"/>
			<tank id="29"/>
			<tank id="38"/>
			<tank id="32"/>
			<tank id="13"/>
			<tank id="11"/>
			<tank id="5"/>
		</neighbours>
	</tank>
	<tank id="35" capa="378">
		<impossiblecargos>
			<cargo id="4"/>
			<cargo id="6"/>
			<cargo id="11"/>
		</impossiblecargos>
		<neighbours>
			<tank id="24"/>
			<tank id="37"/>
			<tank id="19"/>
			<tank id="14"/>
			<tank id="28"/>
			<tank id="9"/>
			<tank id="1"/>
			<tank id="22"/>
			<tank id="36"/>
			<tank id="20"/>
			<tank id="17"/>
			<tank id="4"/>
			<tank id="15"/>
			<tank id="27"/>
			<tank id="3"/>
			<tank id="25"/>
			<tank id="32"/>
			<tank id="18"/>
			<tank id="5"/>
			<tank id="10"/>
			<tank id="21"/>
			<tank id="23"/>
			<tank id="40"/>
		</neighbours>
	</tank>
	<tank id="36" capa="685">
		<impossiblecargos>
			<cargo id="7"/>
			<cargo id="13"/>
			<cargo id="15"/>
		</impossiblecargos>
		<neighbours>
			<tank id="24"/>
			<tank id="22"/>
			<tank id="23"/>
			<tank id="4"/>
			<tank id="26"/>
			<tank id="8"/>
			<tank id="33"/>
			<tank id="17"/>
			<tank id="35"/>
			<tank id="31"/>
			<tank id="34"/>
			<tank id="25"/>
			<tank id="13"/>
			<tank id="30"/>
			<tank id="10"/>
			<tank id="21"/>
			<tank id="9"/>
			<tank id="6"/>
			<tank id="20"/>
		</neighbours>
	</tank>
	<tank id="37" capa="571">
		<impossiblecargos>
			<cargo id="3"/>
			<cargo id="6"/>
			<cargo id="7"/>
			<cargo id="8"/>
			<cargo id="10"/>
		</impossiblecargos>
		<neighbours>
			<tank id="24"/>
			<tank id="6"/>
			<tank id="35"/>
			<tank id="10"/>
			<tank id="39"/>
			<tank id="3"/>
			<tank id="4"/>
			<tank id="1"/>
			<tank id="22"/>
			<tank id="19"/>
			<tank id="17"/>
			<tank id="23"/>
			<tank id="18"/>
			<tank id="2"/>
			<tank id="32"/>
			<tank id="27"/>
			<tank id="28"/>
			<tank id="29"/>
		</neighbours>
	</tank>
	<tank id="38" capa="640">
		<impossiblecargos>
			<cargo id="2"/>
			<cargo id="7"/>
			<cargo id="13"/>
		</impossiblecargos>
		<neighbours>
			<tank id="17"/>
			<tank id="40"/>
			<tank id="25"/>
			<tank id="27"/>
			<tank id="16"/>
			<tank id="39"/>
			<tank id="3"/>
			<tank id="12"/>
			<tank id="29"/>
			<tank id="4"/>
			<tank id="30"/>
			<tank id="32"/>
			<tank id="34"/>
			<tank id="23"/>
			<tank id="21"/>
			<tank id="8"/>
			<tank id="5"/>
			<tank id="2"/>
			<tank id="9"/>
			<tank id="33"/>
			<tank id="19"/>
			<tank id="31"/>
		</neighbours>
	</tank>
	<tank id="39" capa="433">
		<impossiblecargos>
			<cargo id="1"/>
			<cargo id="2"/>
			<cargo id="6"/>
			<cargo id="7"/>
			<cargo id="8"/>
		</impossiblecargos>
		<neighbours>
			<tank id="37"/>
			<tank id="3"/>
			<tank id="6"/>
			<tank id="38"/>
			<tank id="12"/>
			<tank id="11"/>
			<tank id="25"/>
			<tank id="2"/>
			<tank id="13"/>
			<tank id="7"/>
			<tank id="9"/>
			<tank id="40"/>
			<tank id="26"/>
			<tank id="15"/>
			<tank id="23"/>
			<tank id="29"/>
			<tank id="10"/>
			<tank id="8"/>
		</neighbours>
	</tank>
	<tank id="40" capa="338">
		<impossiblecargos>
		</impossiblecargos>
		<neighbours>
			<tank id="26"/>
			<tank id="17"/>
			<tank id="38"/>
			<tank id="11"/>
			<tank id="19"/>
			<tank id="32"/>
			<tank id="8"/>
			<tank id="15"/>
			<tank id="16"/>
			<tank id="6"/>
			<tank id="27"/>
			<tank id="5"/>
			<tank id="9"/>
			<tank id="33"/>
			<tank id="39"/>
			<tank id="29"/>
			<tank id="35"/>
			<tank id="20"/>
		</neighbours>
	</tank>
</tanks>
</problem>
