<?xml version="1.0" encoding="UTF-8"?>
<!--
This is a random problem, generated with these parameters:
nCargo = 15
nTanks = 40
nEmptyTanks = 1
tankMinSize = 200
tankMaxSize = 300
tankFillRatioMin = 0.5
tankFillRatioMax = 1.0
connectivityRatio = 0.5
impossibleCargoRatio = 0.75
notNeighbouringRatio = 0.75
-->
<problem>
<cargos nb="15">
	<cargo id="1" name="c1" volume="243"/>
	<cargo id="2" name="c2" volume="557"/>
	<cargo id="3" name="c3" volume="427"/>
	<cargo id="4" name="c4" volume="1442"/>
	<cargo id="5" name="c5" volume="261"/>
	<cargo id="6" name="c6" volume="447"/>
	<cargo id="7" name="c7" volume="1108"/>
	<cargo id="8" name="c8" volume="718"/>
	<cargo id="9" name="c9" volume="210"/>
	<cargo id="10" name="c10" volume="354"/>
	<cargo id="11" name="c11" volume="518"/>
	<cargo id="12" name="c12" volume="307"/>
	<cargo id="13" name="c13" volume="106"/>
	<cargo id="14" name="c14" volume="412"/>
	<cargo id="15" name="c15" volume="200"/>
</cargos>
<incompatibles>
	<incompatible cargo1="1"  cargo2="14"/>
	<incompatible cargo1="1"  cargo2="15"/>
	<incompatible cargo1="3"  cargo2="15"/>
	<incompatible cargo1="5"  cargo2="13"/>
	<incompatible cargo1="6"  cargo2="10"/>
	<incompatible cargo1="7"  cargo2="13"/>
	<incompatible cargo1="9"  cargo2="13"/>
</incompatibles>
<tanks nb="40">
	<tank id="1" capa="230">
		<impossiblecargos>
			<cargo id="2"/>
			<cargo id="4"/>
			<cargo id="5"/>
			<cargo id="7"/>
			<cargo id="8"/>
			<cargo id="10"/>
			<cargo id="11"/>
			<cargo id="12"/>
		</impossiblecargos>
		<neighbours>
			<tank id="8"/>
			<tank id="24"/>
			<tank id="16"/>
			<tank id="36"/>
			<tank id="25"/>
			<tank id="14"/>
			<tank id="21"/>
			<tank id="12"/>
			<tank id="34"/>
			<tank id="10"/>
			<tank id="17"/>
			<tank id="22"/>
			<tank id="13"/>
			<tank id="4"/>
			<tank id="23"/>
			<tank id="37"/>
			<tank id="27"/>
		</neighbours>
	</tank>
	<tank id="2" capa="248">
		<impossiblecargos>
			<cargo id="1"/>
			<cargo id="2"/>
			<cargo id="3"/>
			<cargo id="5"/>
			<cargo id="8"/>
			<cargo id="9"/>
			<cargo id="10"/>
			<cargo id="11"/>
			<cargo id="12"/>
			<cargo id="13"/>
			<cargo id="14"/>
			<cargo id="15"/>
		</impossiblecargos>
		<neighbours>
			<tank id="22"/>
			<tank id="23"/>
			<tank id="12"/>
			<tank id="28"/>
			<tank id="25"/>
			<tank id="5"/>
			<tank id="26"/>
			<tank id="21"/>
			<tank id="30"/>
			<tank id="32"/>
			<tank id="29"/>
			<tank id="10"/>
			<tank id="7"/>
			<tank id="4"/>
			<tank id="13"/>
			<tank id="31"/>
		</neighbours>
	</tank>
	<tank id="3" capa="251">
		<impossiblecargos>
			<cargo id="1"/>
			<cargo id="2"/>
			<cargo id="3"/>
			<cargo id="4"/>
			<cargo id="5"/>
			<cargo id="7"/>
			<cargo id="9"/>
			<cargo id="13"/>
			<cargo id="14"/>
			<cargo id="15"/>
		</impossiblecargos>
		<neighbours>
			<tank id="38"/>
			<tank id="22"/>
			<tank id="8"/>
			<tank id="27"/>
			<tank id="12"/>
			<tank id="19"/>
			<tank id="37"/>
			<tank id="24"/>
			<tank id="29"/>
			<tank id="33"/>
			<tank id="11"/>
			<tank id="7"/>
			<tank id="9"/>
			<tank id="23"/>
			<tank id="18"/>
			<tank id="36"/>
			<tank id="30"/>
			<tank id="10"/>
			<tank id="40"/>
			<tank id="39"/>
			<tank id="20"/>
			<tank id="16"/>
		</neighbours>
	</tank>
	<tank id="4" capa="209">
		<impossiblecargos>
			<cargo id="1"/>
			<cargo id="3"/>
			<cargo id="4"/>
			<cargo id="7"/>
			<cargo id="10"/>
			<cargo id="13"/>
			<cargo id="14"/>
			<cargo id="15"/>
		</impossiblecargos>
		<neighbours>
			<tank id="24"/>
			<tank id="23"/>
			<tank id="38"/>
			<tank id="32"/>
			<tank id="13"/>
			<tank id="5"/>
			<tank id="25"/>
			<tank id="14"/>
			<tank id="30"/>
			<tank id="36"/>
			<tank id="8"/>
			<tank id="29"/>
			<tank id="12"/>
			<tank id="1"/>
			<tank id="17"/>
			<tank id="15"/>
			<tank id="20"/>
			<tank id="2"/>
			<tank id="31"/>
			<tank id="37"/>
			<tank id="40"/>
			<tank id="11"/>
		</neighbours>
	</tank>
	<tank id="5" capa="293">
		<impossiblecargos>
			<cargo id="2"/>
			<cargo id="4"/>
			<cargo id="6"/>
			<cargo id="7"/>
			<cargo id="8"/>
			<cargo id="11"/>
			<cargo id="12"/>
			<cargo id="13"/>
			<cargo id="14"/>
		</impossiblecargos>
		<neighbours>
			<tank id="16"/>
			<tank id="38"/>
			<tank id="28"/>
			<tank id="23"/>
			<tank id="13"/>
			<tank id="9"/>
			<tank id="29"/>
			<tank id="15"/>
			<tank id="21"/>
			<tank id="2"/>
			<tank id="4"/>
			<tank id="6"/>
			<tank id="17"/>
			<tank id="36"/>
			<tank id="20"/>
			<tank id="35"/>
			<tank id="40"/>
			<tank id="7"/>
			<tank id="14"/>
		</neighbours>
	</tank>
	<tank id="6" capa="224">
		<impossiblecargos>
			<cargo id="1"/>
			<cargo id="2"/>
			<cargo id="4"/>
			<cargo id="5"/>
			<cargo id="6"/>
			<cargo id="7"/>
			<cargo id="9"/>
			<cargo id="11"/>
			<cargo id="13"/>
			<cargo id="14"/>
		</impossiblecargos>
		<neighbours>
			<tank id="14"/>
			<tank id="17"/>
			<tank id="26"/>
			<tank id="21"/>
			<tank id="40"/>
			<tank id="5"/>
			<tank id="15"/>
			<tank id="33"/>
			<tank id="16"/>
			<tank id="19"/>
			<tank id="35"/>
			<tank id="13"/>
			<tank id="28"/>
			<tank id="8"/>
			<tank id="34"/>
			<tank id="37"/>
			<tank id="12"/>
			<tank id="27"/>
			<tank id="32"/>
		</neighbours>
	</tank>
	<tank id="7" capa="253">
		<impossiblecargos>
			<cargo id="1"/>
			<cargo id="2"/>
			<cargo id="4"/>
			<cargo id="5"/>
			<cargo id="6"/>
			<cargo id="9"/>
			<cargo id="10"/>
			<cargo id="12"/>
			<cargo id="13"/>
		</impossiblecargos>
		<neighbours>
			<tank id="14"/>
			<tank id="33"/>
			<tank id="39"/>
			<tank id="3"/>
			<tank id="18"/>
			<tank id="34"/>
			<tank id="19"/>
			<tank id="25"/>
			<tank id="22"/>
			<tank id="5"/>
			<tank id="13"/>
			<tank id="29"/>
			<tank id="2"/>
			<tank id="40"/>
			<tank id="9"/>
			<tank id="10"/>
			<tank id="38"/>
			<tank id="32"/>
			<tank id="31"/>
		</neighbours>
	</tank>
	<tank id="8" capa="221">
		<impossiblecargos>
			<cargo id="1"/>
			<cargo id="2"/>
			<cargo id="4"/>
			<cargo id="5"/>
			<cargo id="7"/>
			<cargo id="9"/>
			<cargo id="10"/>
			<cargo id="11"/>
			<cargo id="12"/>
			<cargo id="14"/>
			<cargo id="15"/>
		</impossiblecargos>
		<neighbours>
			<tank id="34"/>
			<tank id="18"/>
			<tank id="1"/>
			<tank id="40"/>
			<tank id="25"/>
			<tank id="3"/>
			<tank id="28"/>
			<tank id="17"/>
			<tank id="11"/>
			<tank id="39"/>
			<tank id="27"/>
			<tank id="31"/>
			<tank id="4"/>
			<tank id="37"/>
			<tank id="6"/>
			<tank id="21"/>
			<tank id="32"/>
			<tank id="10"/>
			<tank id="36"/>
			<tank id="24"/>
		</neighbours>
	</tank>
	<tank id="9" capa="249">
		<impossiblecargos>
			<cargo id="1"/>
			<cargo id="4"/>
			<cargo id="5"/>
			<cargo id="6"/>
			<cargo id="8"/>
			<cargo id="9"/>
			<cargo id="10"/>
			<cargo id="11"/>
			<cargo id="12"/>
			<cargo id="15"/>
		</impossiblecargos>
		<neighbours>
			<tank id="18"/>
			<tank id="21"/>
			<tank id="19"/>
			<tank id="5"/>
			<tank id="39"/>
			<tank id="10"/>
			<tank id="40"/>
			<tank id="31"/>
			<tank id="3"/>
			<tank id="23"/>
			<tank id="37"/>
			<tank id="22"/>
			<tank id="16"/>
			<tank id="14"/>
			<tank id="29"/>
			<tank id="35"/>
			<tank id="30"/>
			<tank id="27"/>
			<tank id="7"/>
			<tank id="38"/>
		</neighbours>
	</tank>
	<tank id="10" capa="237">
		<impossiblecargos>
			<cargo id="2"/>
			<cargo id="3"/>
			<cargo id="5"/>
			<cargo id="6"/>
			<cargo id="8"/>
			<cargo id="9"/>
			<cargo id="10"/>
			<cargo id="11"/>
			<cargo id="14"/>
		</impossiblecargos>
		<neighbours>
			<tank id="17"/>
			<tank id="13"/>
			<tank id="28"/>
			<tank id="14"/>
			<tank id="29"/>
			<tank id="9"/>
			<tank id="1"/>
			<tank id="32"/>
			<tank id="11"/>
			<tank id="40"/>
			<tank id="27"/>
			<tank id="12"/>
			<tank id="2"/>
			<tank id="3"/>
			<tank id="21"/>
			<tank id="24"/>
			<tank id="8"/>
			<tank id="15"/>
			<tank id="7"/>
			<tank id="36"/>
			<tank id="30"/>
			<tank id="19"/>
		</neighbours>
	</tank>
	<tank id="11" capa="205">
		<impossiblecargos>
			<cargo id="1"/>
			<cargo id="3"/>
			<cargo id="5"/>
			<cargo id="6"/>
			<cargo id="7"/>
			<cargo id="9"/>
			<cargo id="10"/>
			<cargo id="13"/>
			<cargo id="14"/>
		</impossiblecargos>
		<neighbours>
			<tank id="13"/>
			<tank id="22"/>
			<tank id="28"/>
			<tank id="37"/>
			<tank id="25"/>
			<tank id="32"/>
			<tank id="12"/>
			<tank id="8"/>
			<tank id="3"/>
			<tank id="10"/>
			<tank id="19"/>
			<tank id="40"/>
			<tank id="20"/>
			<tank id="29"/>
			<tank id="14"/>
			<tank id="34"/>
			<tank id="18"/>
			<tank id="4"/>
		</neighbours>
	</tank>
	<tank id="12" capa="215">
		<impossiblecargos>
			<cargo id="1"/>
			<cargo id="2"/>
			<cargo id="3"/>
			<cargo id="5"/>
			<cargo id="8"/>
			<cargo id="9"/>
			<cargo id="10"/>
			<cargo id="11"/>
			<cargo id="12"/>
			<cargo id="13"/>
			<cargo id="14"/>
		</impossiblecargos>
		<neighbours>
			<tank id="15"/>
			<tank id="35"/>
			<tank id="36"/>
			<tank id="2"/>
			<tank id="29"/>
			<tank id="3"/>
			<tank id="34"/>
			<tank id="11"/>
			<tank id="1"/>
			<tank id="17"/>
			<tank id="28"/>
			<tank id="4"/>
			<tank id="32"/>
			<tank id="10"/>
			<tank id="14"/>
			<tank id="26"/>
			<tank id="31"/>
			<tank id="25"/>
			<tank id="6"/>
		</neighbours>
	</tank>
	<tank id="13" capa="242">
		<impossiblecargos>
			<cargo id="2"/>
			<cargo id="4"/>
			<cargo id="5"/>
			<cargo id="6"/>
			<cargo id="7"/>
			<cargo id="10"/>
			<cargo id="11"/>
			<cargo id="12"/>
		</impossiblecargos>
		<neighbours>
			<tank id="29"/>
			<tank id="11"/>
			<tank id="10"/>
			<tank id="38"/>
			<tank id="5"/>
			<tank id="4"/>
			<tank id="14"/>
			<tank id="21"/>
			<tank id="33"/>
			<tank id="18"/>
			<tank id="39"/>
			<tank id="1"/>
			<tank id="7"/>
			<tank id="15"/>
			<tank id="6"/>
			<tank id="37"/>
			<tank id="2"/>
			<tank id="22"/>
			<tank id="20"/>
		</neighbours>
	</tank>
	<tank id="14" capa="251">
		<impossiblecargos>
			<cargo id="1"/>
			<cargo id="3"/>
			<cargo id="5"/>
			<cargo id="6"/>
			<cargo id="7"/>
			<cargo id="9"/>
			<cargo id="10"/>
			<cargo id="11"/>
			<cargo id="12"/>
			<cargo id="13"/>
			<cargo id="14"/>
			<cargo id="15"/>
		</impossiblecargos>
		<neighbours>
			<tank id="6"/>
			<tank id="7"/>
			<tank id="10"/>
			<tank id="29"/>
			<tank id="24"/>
			<tank id="34"/>
			<tank id="1"/>
			<tank id="13"/>
			<tank id="4"/>
			<tank id="28"/>
			<tank id="32"/>
			<tank id="16"/>
			<tank id="23"/>
			<tank id="21"/>
			<tank id="9"/>
			<tank id="15"/>
			<tank id="11"/>
			<tank id="12"/>
			<tank id="26"/>
			<tank id="27"/>
			<tank id="5"/>
			<tank id="17"/>
		</neighbours>
	</tank>
	<tank id="15" capa="257">
		<impossiblecargos>
			<cargo id="1"/>
			<cargo id="2"/>
			<cargo id="3"/>
			<cargo id="4"/>
			<cargo id="5"/>
			<cargo id="6"/>
			<cargo id="7"/>
			<cargo id="10"/>
			<cargo id="11"/>
			<cargo id="13"/>
			<cargo id="14"/>
		</impossiblecargos>
		<neighbours>
			<tank id="39"/>
			<tank id="22"/>
			<tank id="12"/>
			<tank id="40"/>
			<tank id="18"/>
			<tank id="38"/>
			<tank id="5"/>
			<tank id="23"/>
			<tank id="6"/>
			<tank id="36"/>
			<tank id="17"/>
			<tank id="13"/>
			<tank id="14"/>
			<tank id="4"/>
			<tank id="10"/>
			<tank id="31"/>
			<tank id="32"/>
		</neighbours>
	</tank>
	<tank id="16" capa="293">
		<impossiblecargos>
			<cargo id="2"/>
			<cargo id="3"/>
			<cargo id="4"/>
			<cargo id="5"/>
			<cargo id="6"/>
			<cargo id="7"/>
			<cargo id="8"/>
			<cargo id="9"/>
			<cargo id="11"/>
			<cargo id="13"/>
		</impossiblecargos>
		<neighbours>
			<tank id="5"/>
			<tank id="1"/>
			<tank id="26"/>
			<tank id="33"/>
			<tank id="21"/>
			<tank id="18"/>
			<tank id="14"/>
			<tank id="6"/>
			<tank id="37"/>
			<tank id="9"/>
			<tank id="32"/>
			<tank id="34"/>
			<tank id="27"/>
			<tank id="24"/>
			<tank id="35"/>
			<tank id="31"/>
			<tank id="3"/>
			<tank id="28"/>
			<tank id="36"/>
		</neighbours>
	</tank>
	<tank id="17" capa="286">
		<impossiblecargos>
			<cargo id="1"/>
			<cargo id="2"/>
			<cargo id="5"/>
			<cargo id="6"/>
			<cargo id="7"/>
			<cargo id="9"/>
			<cargo id="11"/>
			<cargo id="12"/>
			<cargo id="13"/>
			<cargo id="14"/>
			<cargo id="15"/>
		</impossiblecargos>
		<neighbours>
			<tank id="6"/>
			<tank id="37"/>
			<tank id="10"/>
			<tank id="8"/>
			<tank id="5"/>
			<tank id="18"/>
			<tank id="35"/>
			<tank id="12"/>
			<tank id="30"/>
			<tank id="28"/>
			<tank id="1"/>
			<tank id="40"/>
			<tank id="29"/>
			<tank id="15"/>
			<tank id="4"/>
			<tank id="36"/>
			<tank id="22"/>
			<tank id="32"/>
			<tank id="27"/>
			<tank id="23"/>
			<tank id="14"/>
		</neighbours>
	</tank>
	<tank id="18" capa="241">
		<impossiblecargos>
			<cargo id="1"/>
			<cargo id="3"/>
			<cargo id="5"/>
			<cargo id="6"/>
			<cargo id="8"/>
			<cargo id="10"/>
			<cargo id="11"/>
			<cargo id="12"/>
			<cargo id="15"/>
		</impossiblecargos>
		<neighbours>
			<tank id="39"/>
			<tank id="9"/>
			<tank id="28"/>
			<tank id="8"/>
			<tank id="15"/>
			<tank id="19"/>
			<tank id="16"/>
			<tank id="17"/>
			<tank id="13"/>
			<tank id="7"/>
			<tank id="3"/>
			<tank id="36"/>
			<tank id="11"/>
			<tank id="31"/>
			<tank id="35"/>
			<tank id="33"/>
			<tank id="20"/>
			<tank id="40"/>
			<tank id="27"/>
		</neighbours>
	</tank>
	<tank id="19" capa="277">
		<impossiblecargos>
			<cargo id="1"/>
			<cargo id="5"/>
			<cargo id="6"/>
			<cargo id="7"/>
			<cargo id="8"/>
			<cargo id="9"/>
			<cargo id="10"/>
			<cargo id="11"/>
			<cargo id="12"/>
			<cargo id="13"/>
			<cargo id="14"/>
			<cargo id="15"/>
		</impossiblecargos>
		<neighbours>
			<tank id="9"/>
			<tank id="25"/>
			<tank id="32"/>
			<tank id="34"/>
			<tank id="3"/>
			<tank id="18"/>
			<tank id="39"/>
			<tank id="33"/>
			<tank id="20"/>
			<tank id="36"/>
			<tank id="11"/>
			<tank id="31"/>
			<tank id="6"/>
			<tank id="22"/>
			<tank id="38"/>
			<tank id="7"/>
			<tank id="35"/>
			<tank id="29"/>
			<tank id="30"/>
			<tank id="28"/>
			<tank id="10"/>
		</neighbours>
	</tank>
	<tank id="20" capa="204">
		<impossiblecargos>
			<cargo id="1"/>
			<cargo id="2"/>
			<cargo id="3"/>
			<cargo id="4"/>
			<cargo id="6"/>
			<cargo id="7"/>
			<cargo id="8"/>
			<cargo id="9"/>
			<cargo id="10"/>
			<cargo id="11"/>
			<cargo id="12"/>
			<cargo id="14"/>
			<cargo id="15"/>
		</impossiblecargos>
		<neighbours>
			<tank id="27"/>
			<tank id="19"/>
			<tank id="39"/>
			<tank id="5"/>
			<tank id="25"/>
			<tank id="11"/>
			<tank id="34"/>
			<tank id="4"/>
			<tank id="22"/>
			<tank id="29"/>
			<tank id="36"/>
			<tank id="3"/>
			<tank id="18"/>
			<tank id="13"/>
		</neighbours>
	</tank>
	<tank id="21" capa="249">
		<impossiblecargos>
			<cargo id="1"/>
			<cargo id="2"/>
			<cargo id="3"/>
			<cargo id="4"/>
			<cargo id="5"/>
			<cargo id="10"/>
			<cargo id="11"/>
			<cargo id="12"/>
			<cargo id="13"/>
			<cargo id="14"/>
			<cargo id="15"/>
		</impossiblecargos>
		<neighbours>
			<tank id="22"/>
			<tank id="9"/>
			<tank id="6"/>
			<tank id="38"/>
			<tank id="5"/>
			<tank id="2"/>
			<tank id="1"/>
			<tank id="16"/>
			<tank id="13"/>
			<tank id="36"/>
			<tank id="23"/>
			<tank id="32"/>
			<tank id="26"/>
			<tank id="14"/>
			<tank id="10"/>
			<tank id="8"/>
			<tank id="31"/>
			<tank id="39"/>
			<tank id="33"/>
			<tank id="34"/>
			<tank id="35"/>
		</neighbours>
	</tank>
	<tank id="22" capa="267">
		<impossiblecargos>
			<cargo id="1"/>
			<cargo id="2"/>
			<cargo id="5"/>
			<cargo id="6"/>
			<cargo id="7"/>
			<cargo id="8"/>
			<cargo id="11"/>
			<cargo id="12"/>
			<cargo id="15"/>
		</impossiblecargos>
		<neighbours>
			<tank id="2"/>
			<tank id="26"/>
			<tank id="15"/>
			<tank id="21"/>
			<tank id="11"/>
			<tank id="3"/>
			<tank id="37"/>
			<tank id="1"/>
			<tank id="19"/>
			<tank id="9"/>
			<tank id="7"/>
			<tank id="33"/>
			<tank id="30"/>
			<tank id="38"/>
			<tank id="20"/>
			<tank id="13"/>
			<tank id="17"/>
			<tank id="34"/>
			<tank id="40"/>
		</neighbours>
	</tank>
	<tank id="23" capa="280">
		<impossiblecargos>
			<cargo id="2"/>
			<cargo id="3"/>
			<cargo id="4"/>
			<cargo id="6"/>
			<cargo id="9"/>
			<cargo id="11"/>
			<cargo id="12"/>
			<cargo id="13"/>
			<cargo id="15"/>
		</impossiblecargos>
		<neighbours>
			<tank id="26"/>
			<tank id="4"/>
			<tank id="2"/>
			<tank id="5"/>
			<tank id="15"/>
			<tank id="29"/>
			<tank id="21"/>
			<tank id="9"/>
			<tank id="36"/>
			<tank id="3"/>
			<tank id="14"/>
			<tank id="40"/>
			<tank id="1"/>
			<tank id="37"/>
			<tank id="27"/>
			<tank id="24"/>
			<tank id="39"/>
			<tank id="17"/>
			<tank id="35"/>
		</neighbours>
	</tank>
	<tank id="24" capa="266">
		<impossiblecargos>
			<cargo id="1"/>
			<cargo id="3"/>
			<cargo id="4"/>
			<cargo id="5"/>
			<cargo id="6"/>
			<cargo id="7"/>
			<cargo id="8"/>
			<cargo id="10"/>
			<cargo id="12"/>
			<cargo id="13"/>
			<cargo id="14"/>
			<cargo id="15"/>
		</impossiblecargos>
		<neighbours>
			<tank id="4"/>
			<tank id="37"/>
			<tank id="38"/>
			<tank id="40"/>
			<tank id="34"/>
			<tank id="14"/>
			<tank id="1"/>
			<tank id="3"/>
			<tank id="27"/>
			<tank id="31"/>
			<tank id="28"/>
			<tank id="36"/>
			<tank id="26"/>
			<tank id="16"/>
			<tank id="10"/>
			<tank id="23"/>
			<tank id="35"/>
			<tank id="8"/>
		</neighbours>
	</tank>
	<tank id="25" capa="260">
		<impossiblecargos>
			<cargo id="1"/>
			<cargo id="4"/>
			<cargo id="5"/>
			<cargo id="8"/>
			<cargo id="9"/>
			<cargo id="11"/>
			<cargo id="12"/>
			<cargo id="13"/>
			<cargo id="14"/>
			<cargo id="15"/>
		</impossiblecargos>
		<neighbours>
			<tank id="38"/>
			<tank id="19"/>
			<tank id="8"/>
			<tank id="2"/>
			<tank id="11"/>
			<tank id="37"/>
			<tank id="1"/>
			<tank id="4"/>
			<tank id="20"/>
			<tank id="32"/>
			<tank id="28"/>
			<tank id="7"/>
			<tank id="35"/>
			<tank id="12"/>
			<tank id="30"/>
		</neighbours>
	</tank>
	<tank id="26" capa="224">
		<impossiblecargos>
			<cargo id="1"/>
			<cargo id="2"/>
			<cargo id="3"/>
			<cargo id="4"/>
			<cargo id="5"/>
			<cargo id="6"/>
			<cargo id="7"/>
			<cargo id="9"/>
			<cargo id="10"/>
			<cargo id="12"/>
			<cargo id="15"/>
		</impossiblecargos>
		<neighbours>
			<tank id="36"/>
			<tank id="22"/>
			<tank id="37"/>
			<tank id="23"/>
			<tank id="6"/>
			<tank id="2"/>
			<tank id="16"/>
			<tank id="31"/>
			<tank id="34"/>
			<tank id="21"/>
			<tank id="40"/>
			<tank id="38"/>
			<tank id="24"/>
			<tank id="14"/>
			<tank id="12"/>
			<tank id="39"/>
		</neighbours>
	</tank>
	<tank id="27" capa="273">
		<impossiblecargos>
			<cargo id="2"/>
			<cargo id="3"/>
			<cargo id="4"/>
			<cargo id="9"/>
			<cargo id="11"/>
			<cargo id="12"/>
			<cargo id="13"/>
			<cargo id="14"/>
			<cargo id="15"/>
		</impossiblecargos>
		<neighbours>
			<tank id="38"/>
			<tank id="3"/>
			<tank id="20"/>
			<tank id="31"/>
			<tank id="24"/>
			<tank id="29"/>
			<tank id="8"/>
			<tank id="10"/>
			<tank id="35"/>
			<tank id="32"/>
			<tank id="16"/>
			<tank id="36"/>
			<tank id="23"/>
			<tank id="9"/>
			<tank id="17"/>
			<tank id="1"/>
			<tank id="18"/>
			<tank id="39"/>
			<tank id="6"/>
			<tank id="14"/>
		</neighbours>
	</tank>
	<tank id="28" capa="249">
		<impossiblecargos>
			<cargo id="1"/>
			<cargo id="2"/>
			<cargo id="4"/>
			<cargo id="8"/>
			<cargo id="10"/>
			<cargo id="11"/>
			<cargo id="12"/>
			<cargo id="14"/>
			<cargo id="15"/>
		</impossiblecargos>
		<neighbours>
			<tank id="18"/>
			<tank id="5"/>
			<tank id="36"/>
			<tank id="10"/>
			<tank id="8"/>
			<tank id="2"/>
			<tank id="11"/>
			<tank id="35"/>
			<tank id="29"/>
			<tank id="14"/>
			<tank id="17"/>
			<tank id="38"/>
			<tank id="25"/>
			<tank id="24"/>
			<tank id="12"/>
			<tank id="6"/>
			<tank id="19"/>
			<tank id="39"/>
			<tank id="16"/>
		</neighbours>
	</tank>
	<tank id="29" capa="252">
		<impossiblecargos>
			<cargo id="2"/>
			<cargo id="3"/>
			<cargo id="4"/>
			<cargo id="8"/>
			<cargo id="9"/>
			<cargo id="10"/>
			<cargo id="11"/>
			<cargo id="12"/>
			<cargo id="13"/>
			<cargo id="14"/>
		</impossiblecargos>
		<neighbours>
			<tank id="37"/>
			<tank id="13"/>
			<tank id="34"/>
			<tank id="30"/>
			<tank id="35"/>
			<tank id="14"/>
			<tank id="10"/>
			<tank id="5"/>
			<tank id="12"/>
			<tank id="40"/>
			<tank id="23"/>
			<tank id="28"/>
			<tank id="38"/>
			<tank id="3"/>
			<tank id="33"/>
			<tank id="27"/>
			<tank id="17"/>
			<tank id="2"/>
			<tank id="31"/>
			<tank id="11"/>
			<tank id="19"/>
			<tank id="4"/>
			<tank id="7"/>
			<tank id="9"/>
			<tank id="20"/>
		</neighbours>
	</tank>
	<tank id="30" capa="269">
		<impossiblecargos>
			<cargo id="2"/>
			<cargo id="4"/>
			<cargo id="6"/>
			<cargo id="7"/>
			<cargo id="9"/>
			<cargo id="10"/>
			<cargo id="11"/>
			<cargo id="12"/>
			<cargo id="13"/>
			<cargo id="14"/>
		</impossiblecargos>
		<neighbours>
			<tank id="40"/>
			<tank id="29"/>
			<tank id="36"/>
			<tank id="2"/>
			<tank id="39"/>
			<tank id="34"/>
			<tank id="17"/>
			<tank id="4"/>
			<tank id="3"/>
			<tank id="22"/>
			<tank id="9"/>
			<tank id="31"/>
			<tank id="19"/>
			<tank id="10"/>
			<tank id="25"/>
		</neighbours>
	</tank>
	<tank id="31" capa="296">
		<impossiblecargos>
			<cargo id="1"/>
			<cargo id="4"/>
			<cargo id="5"/>
			<cargo id="6"/>
			<cargo id="8"/>
			<cargo id="9"/>
			<cargo id="10"/>
			<cargo id="13"/>
			<cargo id="14"/>
			<cargo id="15"/>
		</impossiblecargos>
		<neighbours>
			<tank id="32"/>
			<tank id="26"/>
			<tank id="27"/>
			<tank id="36"/>
			<tank id="9"/>
			<tank id="19"/>
			<tank id="24"/>
			<tank id="8"/>
			<tank id="39"/>
			<tank id="29"/>
			<tank id="35"/>
			<tank id="21"/>
			<tank id="16"/>
			<tank id="4"/>
			<tank id="12"/>
			<tank id="18"/>
			<tank id="37"/>
			<tank id="30"/>
			<tank id="15"/>
			<tank id="2"/>
			<tank id="7"/>
		</neighbours>
	</tank>
	<tank id="32" capa="277">
		<impossiblecargos>
			<cargo id="1"/>
			<cargo id="4"/>
			<cargo id="5"/>
			<cargo id="6"/>
			<cargo id="7"/>
			<cargo id="8"/>
			<cargo id="10"/>
			<cargo id="11"/>
			<cargo id="12"/>
			<cargo id="13"/>
			<cargo id="14"/>
			<cargo id="15"/>
		</impossiblecargos>
		<neighbours>
			<tank id="19"/>
			<tank id="4"/>
			<tank id="31"/>
			<tank id="11"/>
			<tank id="38"/>
			<tank id="2"/>
			<tank id="10"/>
			<tank id="34"/>
			<tank id="14"/>
			<tank id="21"/>
			<tank id="25"/>
			<tank id="12"/>
			<tank id="27"/>
			<tank id="37"/>
			<tank id="16"/>
			<tank id="8"/>
			<tank id="17"/>
			<tank id="15"/>
			<tank id="6"/>
			<tank id="35"/>
			<tank id="7"/>
		</neighbours>
	</tank>
	<tank id="33" capa="285">
		<impossiblecargos>
			<cargo id="1"/>
			<cargo id="2"/>
			<cargo id="3"/>
			<cargo id="4"/>
			<cargo id="6"/>
			<cargo id="9"/>
			<cargo id="10"/>
			<cargo id="11"/>
			<cargo id="12"/>
			<cargo id="14"/>
			<cargo id="15"/>
		</impossiblecargos>
		<neighbours>
			<tank id="36"/>
			<tank id="7"/>
			<tank id="16"/>
			<tank id="19"/>
			<tank id="13"/>
			<tank id="3"/>
			<tank id="29"/>
			<tank id="6"/>
			<tank id="38"/>
			<tank id="22"/>
			<tank id="40"/>
			<tank id="18"/>
			<tank id="21"/>
			<tank id="37"/>
		</neighbours>
	</tank>
	<tank id="34" capa="206">
		<impossiblecargos>
			<cargo id="1"/>
			<cargo id="2"/>
			<cargo id="3"/>
			<cargo id="5"/>
			<cargo id="6"/>
			<cargo id="7"/>
			<cargo id="8"/>
			<cargo id="9"/>
			<cargo id="10"/>
			<cargo id="11"/>
			<cargo id="12"/>
			<cargo id="13"/>
			<cargo id="14"/>
			<cargo id="15"/>
		</impossiblecargos>
		<neighbours>
			<tank id="29"/>
			<tank id="8"/>
			<tank id="40"/>
			<tank id="24"/>
			<tank id="19"/>
			<tank id="14"/>
			<tank id="12"/>
			<tank id="30"/>
			<tank id="1"/>
			<tank id="26"/>
			<tank id="32"/>
			<tank id="36"/>
			<tank id="7"/>
			<tank id="39"/>
			<tank id="37"/>
			<tank id="35"/>
			<tank id="16"/>
			<tank id="6"/>
			<tank id="20"/>
			<tank id="11"/>
			<tank id="22"/>
			<tank id="21"/>
		</neighbours>
	</tank>
	<tank id="35" capa="288">
		<impossiblecargos>
			<cargo id="1"/>
			<cargo id="2"/>
			<cargo id="5"/>
			<cargo id="6"/>
			<cargo id="7"/>
			<cargo id="8"/>
			<cargo id="13"/>
			<cargo id="14"/>
			<cargo id="15"/>
		</impossiblecargos>
		<neighbours>
			<tank id="12"/>
			<tank id="29"/>
			<tank id="28"/>
			<tank id="39"/>
			<tank id="17"/>
			<tank id="5"/>
			<tank id="19"/>
			<tank id="31"/>
			<tank id="27"/>
			<tank id="6"/>
			<tank id="34"/>
			<tank id="16"/>
			<tank id="9"/>
			<tank id="25"/>
			<tank id="18"/>
			<tank id="24"/>
			<tank id="40"/>
			<tank id="32"/>
			<tank id="23"/>
			<tank id="21"/>
		</neighbours>
	</tank>
	<tank id="36" capa="222">
		<impossiblecargos>
			<cargo id="1"/>
			<cargo id="3"/>
			<cargo id="4"/>
			<cargo id="7"/>
			<cargo id="8"/>
			<cargo id="9"/>
			<cargo id="10"/>
			<cargo id="11"/>
			<cargo id="15"/>
		</impossiblecargos>
		<neighbours>
			<tank id="26"/>
			<tank id="12"/>
			<tank id="28"/>
			<tank id="33"/>
			<tank id="38"/>
			<tank id="1"/>
			<tank id="30"/>
			<tank id="5"/>
			<tank id="31"/>
			<tank id="21"/>
			<tank id="19"/>
			<tank id="15"/>
			<tank id="34"/>
			<tank id="4"/>
			<tank id="23"/>
			<tank id="37"/>
			<tank id="40"/>
			<tank id="3"/>
			<tank id="24"/>
			<tank id="27"/>
			<tank id="17"/>
			<tank id="18"/>
			<tank id="20"/>
			<tank id="8"/>
			<tank id="10"/>
			<tank id="16"/>
		</neighbours>
	</tank>
	<tank id="37" capa="240">
		<impossiblecargos>
			<cargo id="2"/>
			<cargo id="3"/>
			<cargo id="4"/>
			<cargo id="6"/>
			<cargo id="9"/>
			<cargo id="12"/>
			<cargo id="14"/>
			<cargo id="15"/>
		</impossiblecargos>
		<neighbours>
			<tank id="29"/>
			<tank id="17"/>
			<tank id="24"/>
			<tank id="26"/>
			<tank id="11"/>
			<tank id="25"/>
			<tank id="3"/>
			<tank id="22"/>
			<tank id="9"/>
			<tank id="36"/>
			<tank id="16"/>
			<tank id="34"/>
			<tank id="32"/>
			<tank id="13"/>
			<tank id="8"/>
			<tank id="23"/>
			<tank id="38"/>
			<tank id="4"/>
			<tank id="31"/>
			<tank id="6"/>
			<tank id="1"/>
			<tank id="33"/>
		</neighbours>
	</tank>
	<tank id="38" capa="284">
		<impossiblecargos>
			<cargo id="1"/>
			<cargo id="2"/>
			<cargo id="3"/>
			<cargo id="7"/>
			<cargo id="8"/>
			<cargo id="9"/>
			<cargo id="10"/>
			<cargo id="12"/>
			<cargo id="13"/>
			<cargo id="14"/>
		</impossiblecargos>
		<neighbours>
			<tank id="25"/>
			<tank id="5"/>
			<tank id="3"/>
			<tank id="13"/>
			<tank id="4"/>
			<tank id="24"/>
			<tank id="36"/>
			<tank id="27"/>
			<tank id="15"/>
			<tank id="21"/>
			<tank id="29"/>
			<tank id="39"/>
			<tank id="32"/>
			<tank id="28"/>
			<tank id="19"/>
			<tank id="26"/>
			<tank id="33"/>
			<tank id="22"/>
			<tank id="37"/>
			<tank id="9"/>
			<tank id="7"/>
		</neighbours>
	</tank>
	<tank id="39" capa="233">
		<impossiblecargos>
			<cargo id="1"/>
			<cargo id="3"/>
			<cargo id="4"/>
			<cargo id="5"/>
			<cargo id="7"/>
			<cargo id="8"/>
			<cargo id="9"/>
			<cargo id="10"/>
			<cargo id="13"/>
			<cargo id="14"/>
		</impossiblecargos>
		<neighbours>
			<tank id="18"/>
			<tank id="15"/>
			<tank id="7"/>
			<tank id="19"/>
			<tank id="35"/>
			<tank id="9"/>
			<tank id="30"/>
			<tank id="38"/>
			<tank id="8"/>
			<tank id="20"/>
			<tank id="13"/>
			<tank id="31"/>
			<tank id="34"/>
			<tank id="3"/>
			<tank id="27"/>
			<tank id="28"/>
			<tank id="21"/>
			<tank id="26"/>
			<tank id="23"/>
		</neighbours>
	</tank>
	<tank id="40" capa="275">
		<impossiblecargos>
			<cargo id="2"/>
			<cargo id="3"/>
			<cargo id="5"/>
			<cargo id="6"/>
			<cargo id="7"/>
			<cargo id="8"/>
			<cargo id="9"/>
			<cargo id="10"/>
			<cargo id="11"/>
			<cargo id="14"/>
			<cargo id="15"/>
		</impossiblecargos>
		<neighbours>
			<tank id="30"/>
			<tank id="15"/>
			<tank id="8"/>
			<tank id="34"/>
			<tank id="24"/>
			<tank id="6"/>
			<tank id="29"/>
			<tank id="9"/>
			<tank id="10"/>
			<tank id="17"/>
			<tank id="11"/>
			<tank id="26"/>
			<tank id="36"/>
			<tank id="5"/>
			<tank id="23"/>
			<tank id="33"/>
			<tank id="7"/>
			<tank id="3"/>
			<tank id="18"/>
			<tank id="4"/>
			<tank id="35"/>
			<tank id="22"/>
		</neighbours>
	</tank>
</tanks>
</problem>
