<?xml version="1.0" encoding="UTF-8"?>
<!--
This is a random problem, generated with these parameters:
nCargo = 15
nTanks = 35
nEmptyTanks = 1
tankMinSize = 200
tankMaxSize = 1000
tankFillRatioMin = 0.5
tankFillRatioMax = 1.0
connectivityRatio = 0.25
impossibleCargoRatio = 0.25
notNeighbouringRatio = 0.25
-->
<problem>
<cargos nb="15">
	<cargo id="1" name="c1" volume="848"/>
	<cargo id="2" name="c2" volume="434"/>
	<cargo id="3" name="c3" volume="1419"/>
	<cargo id="4" name="c4" volume="1737"/>
	<cargo id="5" name="c5" volume="0"/>
	<cargo id="6" name="c6" volume="582"/>
	<cargo id="7" name="c7" volume="894"/>
	<cargo id="8" name="c8" volume="914"/>
	<cargo id="9" name="c9" volume="869"/>
	<cargo id="10" name="c10" volume="602"/>
	<cargo id="11" name="c11" volume="2103"/>
	<cargo id="12" name="c12" volume="1082"/>
	<cargo id="13" name="c13" volume="724"/>
	<cargo id="14" name="c14" volume="123"/>
	<cargo id="15" name="c15" volume="2318"/>
</cargos>
<incompatibles>
	<incompatible cargo1="1"  cargo2="2"/>
	<incompatible cargo1="1"  cargo2="12"/>
	<incompatible cargo1="2"  cargo2="5"/>
	<incompatible cargo1="2"  cargo2="6"/>
	<incompatible cargo1="2"  cargo2="13"/>
	<incompatible cargo1="3"  cargo2="5"/>
	<incompatible cargo1="4"  cargo2="13"/>
	<incompatible cargo1="5"  cargo2="8"/>
	<incompatible cargo1="5"  cargo2="12"/>
	<incompatible cargo1="5"  cargo2="14"/>
	<incompatible cargo1="5"  cargo2="15"/>
	<incompatible cargo1="6"  cargo2="11"/>
	<incompatible cargo1="11"  cargo2="14"/>
</incompatibles>
<tanks nb="35">
	<tank id="1" capa="749">
		<impossiblecargos>
			<cargo id="7"/>
			<cargo id="14"/>
		</impossiblecargos>
		<neighbours>
			<tank id="26"/>
			<tank id="8"/>
			<tank id="32"/>
			<tank id="30"/>
			<tank id="3"/>
			<tank id="29"/>
			<tank id="4"/>
			<tank id="33"/>
			<tank id="5"/>
			<tank id="13"/>
		</neighbours>
	</tank>
	<tank id="2" capa="344">
		<impossiblecargos>
			<cargo id="1"/>
			<cargo id="8"/>
		</impossiblecargos>
		<neighbours>
			<tank id="35"/>
			<tank id="18"/>
			<tank id="20"/>
			<tank id="30"/>
			<tank id="22"/>
			<tank id="10"/>
			<tank id="23"/>
			<tank id="8"/>
		</neighbours>
	</tank>
	<tank id="3" capa="267">
		<impossiblecargos>
			<cargo id="2"/>
			<cargo id="4"/>
			<cargo id="14"/>
		</impossiblecargos>
		<neighbours>
			<tank id="10"/>
			<tank id="27"/>
			<tank id="28"/>
			<tank id="5"/>
			<tank id="1"/>
			<tank id="19"/>
			<tank id="14"/>
			<tank id="25"/>
			<tank id="4"/>
			<tank id="12"/>
			<tank id="15"/>
			<tank id="8"/>
			<tank id="20"/>
		</neighbours>
	</tank>
	<tank id="4" capa="925">
		<impossiblecargos>
			<cargo id="3"/>
			<cargo id="4"/>
			<cargo id="7"/>
			<cargo id="8"/>
			<cargo id="14"/>
		</impossiblecargos>
		<neighbours>
			<tank id="34"/>
			<tank id="10"/>
			<tank id="8"/>
			<tank id="3"/>
			<tank id="33"/>
			<tank id="6"/>
			<tank id="1"/>
			<tank id="27"/>
		</neighbours>
	</tank>
	<tank id="5" capa="488">
		<impossiblecargos>
			<cargo id="2"/>
			<cargo id="8"/>
			<cargo id="12"/>
		</impossiblecargos>
		<neighbours>
			<tank id="8"/>
			<tank id="3"/>
			<tank id="13"/>
			<tank id="34"/>
			<tank id="10"/>
			<tank id="1"/>
			<tank id="17"/>
			<tank id="25"/>
			<tank id="19"/>
			<tank id="33"/>
			<tank id="29"/>
		</neighbours>
	</tank>
	<tank id="6" capa="513">
		<impossiblecargos>
			<cargo id="2"/>
			<cargo id="6"/>
		</impossiblecargos>
		<neighbours>
			<tank id="27"/>
			<tank id="22"/>
			<tank id="30"/>
			<tank id="29"/>
			<tank id="9"/>
			<tank id="4"/>
			<tank id="10"/>
		</neighbours>
	</tank>
	<tank id="7" capa="562">
		<impossiblecargos>
			<cargo id="1"/>
			<cargo id="5"/>
			<cargo id="8"/>
		</impossiblecargos>
		<neighbours>
			<tank id="8"/>
			<tank id="27"/>
			<tank id="11"/>
			<tank id="21"/>
			<tank id="34"/>
			<tank id="29"/>
			<tank id="26"/>
		</neighbours>
	</tank>
	<tank id="8" capa="798">
		<impossiblecargos>
			<cargo id="2"/>
			<cargo id="6"/>
			<cargo id="14"/>
		</impossiblecargos>
		<neighbours>
			<tank id="22"/>
			<tank id="5"/>
			<tank id="35"/>
			<tank id="4"/>
			<tank id="1"/>
			<tank id="23"/>
			<tank id="7"/>
			<tank id="25"/>
			<tank id="3"/>
			<tank id="14"/>
			<tank id="33"/>
			<tank id="15"/>
			<tank id="2"/>
		</neighbours>
	</tank>
	<tank id="9" capa="208">
		<impossiblecargos>
			<cargo id="4"/>
			<cargo id="7"/>
			<cargo id="12"/>
		</impossiblecargos>
		<neighbours>
			<tank id="34"/>
			<tank id="6"/>
			<tank id="12"/>
		</neighbours>
	</tank>
	<tank id="10" capa="656">
		<impossiblecargos>
			<cargo id="4"/>
		</impossiblecargos>
		<neighbours>
			<tank id="14"/>
			<tank id="4"/>
			<tank id="3"/>
			<tank id="34"/>
			<tank id="31"/>
			<tank id="11"/>
			<tank id="2"/>
			<tank id="21"/>
			<tank id="6"/>
			<tank id="27"/>
			<tank id="26"/>
			<tank id="5"/>
			<tank id="32"/>
		</neighbours>
	</tank>
	<tank id="11" capa="527">
		<impossiblecargos>
			<cargo id="3"/>
		</impossiblecargos>
		<neighbours>
			<tank id="21"/>
			<tank id="29"/>
			<tank id="10"/>
			<tank id="25"/>
			<tank id="7"/>
			<tank id="27"/>
			<tank id="23"/>
			<tank id="35"/>
		</neighbours>
	</tank>
	<tank id="12" capa="994">
		<impossiblecargos>
			<cargo id="8"/>
			<cargo id="9"/>
			<cargo id="11"/>
			<cargo id="13"/>
		</impossiblecargos>
		<neighbours>
			<tank id="13"/>
			<tank id="32"/>
			<tank id="15"/>
			<tank id="26"/>
			<tank id="28"/>
			<tank id="3"/>
			<tank id="25"/>
			<tank id="20"/>
			<tank id="9"/>
		</neighbours>
	</tank>
	<tank id="13" capa="579">
		<impossiblecargos>
			<cargo id="8"/>
			<cargo id="12"/>
			<cargo id="13"/>
			<cargo id="15"/>
		</impossiblecargos>
		<neighbours>
			<tank id="12"/>
			<tank id="34"/>
			<tank id="27"/>
			<tank id="25"/>
			<tank id="5"/>
			<tank id="15"/>
			<tank id="1"/>
		</neighbours>
	</tank>
	<tank id="14" capa="288">
		<impossiblecargos>
		</impossiblecargos>
		<neighbours>
			<tank id="10"/>
			<tank id="29"/>
			<tank id="27"/>
			<tank id="3"/>
			<tank id="18"/>
			<tank id="30"/>
			<tank id="8"/>
			<tank id="25"/>
		</neighbours>
	</tank>
	<tank id="15" capa="867">
		<impossiblecargos>
			<cargo id="4"/>
			<cargo id="15"/>
		</impossiblecargos>
		<neighbours>
			<tank id="12"/>
			<tank id="33"/>
			<tank id="3"/>
			<tank id="22"/>
			<tank id="26"/>
			<tank id="13"/>
			<tank id="8"/>
			<tank id="29"/>
			<tank id="19"/>
		</neighbours>
	</tank>
	<tank id="16" capa="949">
		<impossiblecargos>
			<cargo id="4"/>
			<cargo id="13"/>
			<cargo id="14"/>
		</impossiblecargos>
		<neighbours>
			<tank id="23"/>
			<tank id="26"/>
		</neighbours>
	</tank>
	<tank id="17" capa="683">
		<impossiblecargos>
			<cargo id="2"/>
			<cargo id="5"/>
			<cargo id="8"/>
		</impossiblecargos>
		<neighbours>
			<tank id="33"/>
			<tank id="35"/>
			<tank id="24"/>
			<tank id="5"/>
		</neighbours>
	</tank>
	<tank id="18" capa="539">
		<impossiblecargos>
			<cargo id="4"/>
			<cargo id="8"/>
			<cargo id="13"/>
			<cargo id="15"/>
		</impossiblecargos>
		<neighbours>
			<tank id="2"/>
			<tank id="27"/>
			<tank id="14"/>
			<tank id="33"/>
			<tank id="26"/>
		</neighbours>
	</tank>
	<tank id="19" capa="224">
		<impossiblecargos>
			<cargo id="6"/>
		</impossiblecargos>
		<neighbours>
			<tank id="32"/>
			<tank id="3"/>
			<tank id="30"/>
			<tank id="5"/>
			<tank id="15"/>
		</neighbours>
	</tank>
	<tank id="20" capa="989">
		<impossiblecargos>
			<cargo id="3"/>
			<cargo id="4"/>
			<cargo id="12"/>
		</impossiblecargos>
		<neighbours>
			<tank id="31"/>
			<tank id="28"/>
			<tank id="2"/>
			<tank id="3"/>
			<tank id="29"/>
			<tank id="12"/>
			<tank id="35"/>
			<tank id="26"/>
			<tank id="32"/>
		</neighbours>
	</tank>
	<tank id="21" capa="265">
		<impossiblecargos>
			<cargo id="5"/>
			<cargo id="6"/>
			<cargo id="9"/>
		</impossiblecargos>
		<neighbours>
			<tank id="11"/>
			<tank id="7"/>
			<tank id="10"/>
		</neighbours>
	</tank>
	<tank id="22" capa="499">
		<impossiblecargos>
			<cargo id="6"/>
			<cargo id="8"/>
			<cargo id="14"/>
		</impossiblecargos>
		<neighbours>
			<tank id="8"/>
			<tank id="26"/>
			<tank id="6"/>
			<tank id="2"/>
			<tank id="24"/>
			<tank id="15"/>
			<tank id="27"/>
			<tank id="29"/>
		</neighbours>
	</tank>
	<tank id="23" capa="273">
		<impossiblecargos>
			<cargo id="8"/>
			<cargo id="11"/>
			<cargo id="12"/>
			<cargo id="15"/>
		</impossiblecargos>
		<neighbours>
			<tank id="25"/>
			<tank id="8"/>
			<tank id="16"/>
			<tank id="2"/>
			<tank id="11"/>
			<tank id="32"/>
			<tank id="34"/>
			<tank id="30"/>
		</neighbours>
	</tank>
	<tank id="24" capa="680">
		<impossiblecargos>
			<cargo id="2"/>
			<cargo id="3"/>
			<cargo id="8"/>
			<cargo id="14"/>
		</impossiblecargos>
		<neighbours>
			<tank id="22"/>
			<tank id="17"/>
			<tank id="33"/>
			<tank id="28"/>
		</neighbours>
	</tank>
	<tank id="25" capa="977">
		<impossiblecargos>
			<cargo id="6"/>
			<cargo id="10"/>
			<cargo id="12"/>
			<cargo id="14"/>
		</impossiblecargos>
		<neighbours>
			<tank id="31"/>
			<tank id="33"/>
			<tank id="23"/>
			<tank id="8"/>
			<tank id="32"/>
			<tank id="11"/>
			<tank id="13"/>
			<tank id="3"/>
			<tank id="35"/>
			<tank id="12"/>
			<tank id="14"/>
			<tank id="34"/>
			<tank id="5"/>
			<tank id="26"/>
		</neighbours>
	</tank>
	<tank id="26" capa="557">
		<impossiblecargos>
			<cargo id="7"/>
		</impossiblecargos>
		<neighbours>
			<tank id="22"/>
			<tank id="31"/>
			<tank id="1"/>
			<tank id="16"/>
			<tank id="12"/>
			<tank id="15"/>
			<tank id="10"/>
			<tank id="20"/>
			<tank id="18"/>
			<tank id="7"/>
			<tank id="25"/>
		</neighbours>
	</tank>
	<tank id="27" capa="451">
		<impossiblecargos>
			<cargo id="1"/>
			<cargo id="4"/>
			<cargo id="8"/>
			<cargo id="14"/>
		</impossiblecargos>
		<neighbours>
			<tank id="6"/>
			<tank id="3"/>
			<tank id="18"/>
			<tank id="14"/>
			<tank id="13"/>
			<tank id="33"/>
			<tank id="29"/>
			<tank id="7"/>
			<tank id="11"/>
			<tank id="10"/>
			<tank id="28"/>
			<tank id="22"/>
			<tank id="4"/>
		</neighbours>
	</tank>
	<tank id="28" capa="934">
		<impossiblecargos>
			<cargo id="5"/>
			<cargo id="10"/>
			<cargo id="14"/>
			<cargo id="15"/>
		</impossiblecargos>
		<neighbours>
			<tank id="20"/>
			<tank id="32"/>
			<tank id="3"/>
			<tank id="12"/>
			<tank id="30"/>
			<tank id="27"/>
			<tank id="24"/>
		</neighbours>
	</tank>
	<tank id="29" capa="630">
		<impossiblecargos>
			<cargo id="1"/>
			<cargo id="4"/>
		</impossiblecargos>
		<neighbours>
			<tank id="35"/>
			<tank id="32"/>
			<tank id="30"/>
			<tank id="14"/>
			<tank id="31"/>
			<tank id="11"/>
			<tank id="27"/>
			<tank id="6"/>
			<tank id="20"/>
			<tank id="7"/>
			<tank id="1"/>
			<tank id="22"/>
			<tank id="15"/>
			<tank id="5"/>
		</neighbours>
	</tank>
	<tank id="30" capa="766">
		<impossiblecargos>
			<cargo id="3"/>
			<cargo id="6"/>
			<cargo id="8"/>
			<cargo id="9"/>
		</impossiblecargos>
		<neighbours>
			<tank id="29"/>
			<tank id="1"/>
			<tank id="6"/>
			<tank id="2"/>
			<tank id="32"/>
			<tank id="28"/>
			<tank id="19"/>
			<tank id="14"/>
			<tank id="31"/>
			<tank id="23"/>
		</neighbours>
	</tank>
	<tank id="31" capa="238">
		<impossiblecargos>
			<cargo id="6"/>
		</impossiblecargos>
		<neighbours>
			<tank id="20"/>
			<tank id="25"/>
			<tank id="26"/>
			<tank id="10"/>
			<tank id="29"/>
			<tank id="33"/>
			<tank id="30"/>
		</neighbours>
	</tank>
	<tank id="32" capa="528">
		<impossiblecargos>
			<cargo id="2"/>
			<cargo id="5"/>
			<cargo id="9"/>
			<cargo id="14"/>
		</impossiblecargos>
		<neighbours>
			<tank id="29"/>
			<tank id="19"/>
			<tank id="12"/>
			<tank id="28"/>
			<tank id="1"/>
			<tank id="25"/>
			<tank id="30"/>
			<tank id="23"/>
			<tank id="20"/>
			<tank id="10"/>
			<tank id="34"/>
		</neighbours>
	</tank>
	<tank id="33" capa="471">
		<impossiblecargos>
			<cargo id="3"/>
			<cargo id="8"/>
			<cargo id="12"/>
		</impossiblecargos>
		<neighbours>
			<tank id="15"/>
			<tank id="25"/>
			<tank id="17"/>
			<tank id="27"/>
			<tank id="18"/>
			<tank id="4"/>
			<tank id="31"/>
			<tank id="8"/>
			<tank id="24"/>
			<tank id="1"/>
			<tank id="5"/>
		</neighbours>
	</tank>
	<tank id="34" capa="903">
		<impossiblecargos>
			<cargo id="1"/>
			<cargo id="2"/>
			<cargo id="3"/>
			<cargo id="5"/>
			<cargo id="6"/>
			<cargo id="11"/>
		</impossiblecargos>
		<neighbours>
			<tank id="4"/>
			<tank id="10"/>
			<tank id="9"/>
			<tank id="13"/>
			<tank id="7"/>
			<tank id="5"/>
			<tank id="25"/>
			<tank id="23"/>
			<tank id="32"/>
		</neighbours>
	</tank>
	<tank id="35" capa="456">
		<impossiblecargos>
			<cargo id="3"/>
			<cargo id="9"/>
			<cargo id="11"/>
			<cargo id="14"/>
			<cargo id="15"/>
		</impossiblecargos>
		<neighbours>
			<tank id="29"/>
			<tank id="2"/>
			<tank id="8"/>
			<tank id="17"/>
			<tank id="25"/>
			<tank id="20"/>
			<tank id="11"/>
		</neighbours>
	</tank>
</tanks>
</problem>
