<?xml version="1.0" encoding="UTF-8"?>
<!--
This is a random problem, generated with these parameters:
nCargo = 30
nTanks = 40
nEmptyTanks = 1
tankMinSize = 200
tankMaxSize = 1000
tankFillRatioMin = 0.5
tankFillRatioMax = 1.0
connectivityRatio = 0.25
impossibleCargoRatio = 0.5
notNeighbouringRatio = 0.5
-->
<problem>
<cargos nb="30">
	<cargo id="1" name="c1" volume="979"/>
	<cargo id="2" name="c2" volume="0"/>
	<cargo id="3" name="c3" volume="631"/>
	<cargo id="4" name="c4" volume="0"/>
	<cargo id="5" name="c5" volume="626"/>
	<cargo id="6" name="c6" volume="142"/>
	<cargo id="7" name="c7" volume="944"/>
	<cargo id="8" name="c8" volume="199"/>
	<cargo id="9" name="c9" volume="341"/>
	<cargo id="10" name="c10" volume="1864"/>
	<cargo id="11" name="c11" volume="1569"/>
	<cargo id="12" name="c12" volume="0"/>
	<cargo id="13" name="c13" volume="217"/>
	<cargo id="14" name="c14" volume="502"/>
	<cargo id="15" name="c15" volume="2446"/>
	<cargo id="16" name="c16" volume="746"/>
	<cargo id="17" name="c17" volume="0"/>
	<cargo id="18" name="c18" volume="567"/>
	<cargo id="19" name="c19" volume="0"/>
	<cargo id="20" name="c20" volume="546"/>
	<cargo id="21" name="c21" volume="671"/>
	<cargo id="22" name="c22" volume="221"/>
	<cargo id="23" name="c23" volume="490"/>
	<cargo id="24" name="c24" volume="1157"/>
	<cargo id="25" name="c25" volume="597"/>
	<cargo id="26" name="c26" volume="320"/>
	<cargo id="27" name="c27" volume="0"/>
	<cargo id="28" name="c28" volume="1499"/>
	<cargo id="29" name="c29" volume="459"/>
	<cargo id="30" name="c30" volume="662"/>
</cargos>
<incompatibles>
	<incompatible cargo1="1"  cargo2="2"/>
	<incompatible cargo1="1"  cargo2="5"/>
	<incompatible cargo1="1"  cargo2="8"/>
	<incompatible cargo1="1"  cargo2="12"/>
	<incompatible cargo1="1"  cargo2="17"/>
	<incompatible cargo1="1"  cargo2="19"/>
	<incompatible cargo1="1"  cargo2="21"/>
	<incompatible cargo1="1"  cargo2="25"/>
	<incompatible cargo1="1"  cargo2="26"/>
	<incompatible cargo1="1"  cargo2="27"/>
	<incompatible cargo1="1"  cargo2="30"/>
	<incompatible cargo1="2"  cargo2="3"/>
	<incompatible cargo1="2"  cargo2="4"/>
	<incompatible cargo1="2"  cargo2="5"/>
	<incompatible cargo1="2"  cargo2="6"/>
	<incompatible cargo1="2"  cargo2="7"/>
	<incompatible cargo1="2"  cargo2="9"/>
	<incompatible cargo1="2"  cargo2="12"/>
	<incompatible cargo1="2"  cargo2="14"/>
	<incompatible cargo1="2"  cargo2="15"/>
	<incompatible cargo1="2"  cargo2="16"/>
	<incompatible cargo1="2"  cargo2="18"/>
	<incompatible cargo1="2"  cargo2="21"/>
	<incompatible cargo1="2"  cargo2="24"/>
	<incompatible cargo1="2"  cargo2="27"/>
	<incompatible cargo1="2"  cargo2="28"/>
	<incompatible cargo1="2"  cargo2="30"/>
	<incompatible cargo1="3"  cargo2="8"/>
	<incompatible cargo1="3"  cargo2="12"/>
	<incompatible cargo1="3"  cargo2="13"/>
	<incompatible cargo1="3"  cargo2="14"/>
	<incompatible cargo1="3"  cargo2="22"/>
	<incompatible cargo1="3"  cargo2="23"/>
	<incompatible cargo1="3"  cargo2="25"/>
	<incompatible cargo1="4"  cargo2="6"/>
	<incompatible cargo1="4"  cargo2="7"/>
	<incompatible cargo1="4"  cargo2="8"/>
	<incompatible cargo1="4"  cargo2="9"/>
	<incompatible cargo1="4"  cargo2="11"/>
	<incompatible cargo1="4"  cargo2="12"/>
	<incompatible cargo1="4"  cargo2="14"/>
	<incompatible cargo1="4"  cargo2="15"/>
	<incompatible cargo1="4"  cargo2="16"/>
	<incompatible cargo1="4"  cargo2="19"/>
	<incompatible cargo1="4"  cargo2="20"/>
	<incompatible cargo1="4"  cargo2="24"/>
	<incompatible cargo1="4"  cargo2="26"/>
	<incompatible cargo1="4"  cargo2="28"/>
	<incompatible cargo1="4"  cargo2="30"/>
	<incompatible cargo1="5"  cargo2="11"/>
	<incompatible cargo1="5"  cargo2="14"/>
	<incompatible cargo1="5"  cargo2="15"/>
	<incompatible cargo1="5"  cargo2="16"/>
	<incompatible cargo1="5"  cargo2="19"/>
	<incompatible cargo1="5"  cargo2="21"/>
	<incompatible cargo1="5"  cargo2="22"/>
	<incompatible cargo1="5"  cargo2="27"/>
	<incompatible cargo1="6"  cargo2="11"/>
	<incompatible cargo1="6"  cargo2="12"/>
	<incompatible cargo1="6"  cargo2="17"/>
	<incompatible cargo1="6"  cargo2="18"/>
	<incompatible cargo1="6"  cargo2="20"/>
	<incompatible cargo1="6"  cargo2="23"/>
	<incompatible cargo1="6"  cargo2="24"/>
	<incompatible cargo1="6"  cargo2="26"/>
	<incompatible cargo1="6"  cargo2="27"/>
	<incompatible cargo1="6"  cargo2="28"/>
	<incompatible cargo1="7"  cargo2="16"/>
	<incompatible cargo1="7"  cargo2="17"/>
	<incompatible cargo1="7"  cargo2="20"/>
	<incompatible cargo1="7"  cargo2="23"/>
	<incompatible cargo1="7"  cargo2="24"/>
	<incompatible cargo1="7"  cargo2="27"/>
	<incompatible cargo1="7"  cargo2="29"/>
	<incompatible cargo1="8"  cargo2="12"/>
	<incompatible cargo1="8"  cargo2="13"/>
	<incompatible cargo1="8"  cargo2="16"/>
	<incompatible cargo1="8"  cargo2="20"/>
	<incompatible cargo1="8"  cargo2="21"/>
	<incompatible cargo1="8"  cargo2="22"/>
	<incompatible cargo1="8"  cargo2="24"/>
	<incompatible cargo1="8"  cargo2="25"/>
	<incompatible cargo1="8"  cargo2="27"/>
	<incompatible cargo1="8"  cargo2="30"/>
	<incompatible cargo1="9"  cargo2="12"/>
	<incompatible cargo1="9"  cargo2="14"/>
	<incompatible cargo1="9"  cargo2="17"/>
	<incompatible cargo1="9"  cargo2="20"/>
	<incompatible cargo1="9"  cargo2="21"/>
	<incompatible cargo1="9"  cargo2="25"/>
	<incompatible cargo1="9"  cargo2="28"/>
	<incompatible cargo1="9"  cargo2="30"/>
	<incompatible cargo1="10"  cargo2="17"/>
	<incompatible cargo1="10"  cargo2="22"/>
	<incompatible cargo1="10"  cargo2="23"/>
	<incompatible cargo1="10"  cargo2="26"/>
	<incompatible cargo1="10"  cargo2="29"/>
	<incompatible cargo1="11"  cargo2="16"/>
	<incompatible cargo1="11"  cargo2="17"/>
	<incompatible cargo1="11"  cargo2="21"/>
	<incompatible cargo1="11"  cargo2="23"/>
	<incompatible cargo1="11"  cargo2="25"/>
	<incompatible cargo1="11"  cargo2="27"/>
	<incompatible cargo1="11"  cargo2="29"/>
	<incompatible cargo1="12"  cargo2="13"/>
	<incompatible cargo1="12"  cargo2="15"/>
	<incompatible cargo1="12"  cargo2="16"/>
	<incompatible cargo1="12"  cargo2="18"/>
	<incompatible cargo1="12"  cargo2="21"/>
	<incompatible cargo1="12"  cargo2="23"/>
	<incompatible cargo1="12"  cargo2="25"/>
	<incompatible cargo1="12"  cargo2="26"/>
	<incompatible cargo1="12"  cargo2="28"/>
	<incompatible cargo1="12"  cargo2="29"/>
	<incompatible cargo1="12"  cargo2="30"/>
	<incompatible cargo1="13"  cargo2="17"/>
	<incompatible cargo1="13"  cargo2="19"/>
	<incompatible cargo1="13"  cargo2="21"/>
	<incompatible cargo1="13"  cargo2="22"/>
	<incompatible cargo1="13"  cargo2="27"/>
	<incompatible cargo1="13"  cargo2="30"/>
	<incompatible cargo1="14"  cargo2="17"/>
	<incompatible cargo1="14"  cargo2="25"/>
	<incompatible cargo1="14"  cargo2="26"/>
	<incompatible cargo1="14"  cargo2="27"/>
	<incompatible cargo1="15"  cargo2="27"/>
	<incompatible cargo1="16"  cargo2="17"/>
	<incompatible cargo1="16"  cargo2="18"/>
	<incompatible cargo1="16"  cargo2="20"/>
	<incompatible cargo1="16"  cargo2="21"/>
	<incompatible cargo1="16"  cargo2="22"/>
	<incompatible cargo1="16"  cargo2="24"/>
	<incompatible cargo1="16"  cargo2="27"/>
	<incompatible cargo1="16"  cargo2="28"/>
	<incompatible cargo1="17"  cargo2="19"/>
	<incompatible cargo1="17"  cargo2="24"/>
	<incompatible cargo1="17"  cargo2="27"/>
	<incompatible cargo1="17"  cargo2="29"/>
	<incompatible cargo1="17"  cargo2="30"/>
	<incompatible cargo1="18"  cargo2="26"/>
	<incompatible cargo1="19"  cargo2="20"/>
	<incompatible cargo1="19"  cargo2="23"/>
	<incompatible cargo1="19"  cargo2="24"/>
	<incompatible cargo1="19"  cargo2="26"/>
	<incompatible cargo1="19"  cargo2="28"/>
	<incompatible cargo1="19"  cargo2="29"/>
	<incompatible cargo1="19"  cargo2="30"/>
	<incompatible cargo1="20"  cargo2="23"/>
	<incompatible cargo1="20"  cargo2="28"/>
	<incompatible cargo1="20"  cargo2="29"/>
	<incompatible cargo1="20"  cargo2="30"/>
	<incompatible cargo1="21"  cargo2="22"/>
	<incompatible cargo1="21"  cargo2="24"/>
	<incompatible cargo1="21"  cargo2="25"/>
	<incompatible cargo1="21"  cargo2="26"/>
	<incompatible cargo1="21"  cargo2="30"/>
	<incompatible cargo1="22"  cargo2="23"/>
	<incompatible cargo1="22"  cargo2="24"/>
	<incompatible cargo1="22"  cargo2="26"/>
	<incompatible cargo1="23"  cargo2="25"/>
	<incompatible cargo1="23"  cargo2="27"/>
	<incompatible cargo1="23"  cargo2="30"/>
	<incompatible cargo1="24"  cargo2="26"/>
	<incompatible cargo1="24"  cargo2="27"/>
	<incompatible cargo1="25"  cargo2="27"/>
	<incompatible cargo1="25"  cargo2="30"/>
	<incompatible cargo1="27"  cargo2="28"/>
	<incompatible cargo1="28"  cargo2="29"/>
	<incompatible cargo1="29"  cargo2="30"/>
</incompatibles>
<tanks nb="40">
	<tank id="1" capa="978">
		<impossiblecargos>
			<cargo id="4"/>
			<cargo id="6"/>
			<cargo id="8"/>
			<cargo id="11"/>
			<cargo id="14"/>
			<cargo id="16"/>
			<cargo id="17"/>
			<cargo id="21"/>
			<cargo id="23"/>
			<cargo id="25"/>
			<cargo id="28"/>
			<cargo id="30"/>
		</impossiblecargos>
		<neighbours>
			<tank id="30"/>
			<tank id="5"/>
			<tank id="13"/>
			<tank id="11"/>
			<tank id="21"/>
			<tank id="12"/>
			<tank id="19"/>
		</neighbours>
	</tank>
	<tank id="2" capa="525">
		<impossiblecargos>
			<cargo id="1"/>
			<cargo id="2"/>
			<cargo id="3"/>
			<cargo id="6"/>
			<cargo id="8"/>
			<cargo id="10"/>
			<cargo id="12"/>
			<cargo id="13"/>
			<cargo id="16"/>
			<cargo id="21"/>
			<cargo id="25"/>
			<cargo id="26"/>
			<cargo id="27"/>
			<cargo id="28"/>
		</impossiblecargos>
		<neighbours>
			<tank id="37"/>
			<tank id="14"/>
			<tank id="31"/>
			<tank id="22"/>
			<tank id="34"/>
			<tank id="33"/>
			<tank id="5"/>
			<tank id="38"/>
			<tank id="10"/>
			<tank id="9"/>
			<tank id="8"/>
		</neighbours>
	</tank>
	<tank id="3" capa="395">
		<impossiblecargos>
			<cargo id="3"/>
			<cargo id="5"/>
			<cargo id="6"/>
			<cargo id="8"/>
			<cargo id="9"/>
			<cargo id="12"/>
			<cargo id="14"/>
			<cargo id="16"/>
			<cargo id="17"/>
			<cargo id="18"/>
			<cargo id="19"/>
			<cargo id="20"/>
			<cargo id="25"/>
			<cargo id="27"/>
			<cargo id="28"/>
			<cargo id="29"/>
			<cargo id="30"/>
		</impossiblecargos>
		<neighbours>
			<tank id="34"/>
			<tank id="7"/>
			<tank id="12"/>
			<tank id="35"/>
			<tank id="13"/>
			<tank id="37"/>
			<tank id="21"/>
			<tank id="9"/>
			<tank id="25"/>
			<tank id="38"/>
			<tank id="23"/>
		</neighbours>
	</tank>
	<tank id="4" capa="732">
		<impossiblecargos>
			<cargo id="2"/>
			<cargo id="5"/>
			<cargo id="6"/>
			<cargo id="9"/>
			<cargo id="10"/>
			<cargo id="15"/>
			<cargo id="17"/>
			<cargo id="18"/>
			<cargo id="20"/>
			<cargo id="21"/>
			<cargo id="24"/>
			<cargo id="28"/>
			<cargo id="30"/>
		</impossiblecargos>
		<neighbours>
			<tank id="26"/>
			<tank id="34"/>
			<tank id="30"/>
			<tank id="21"/>
			<tank id="13"/>
			<tank id="14"/>
			<tank id="10"/>
			<tank id="31"/>
			<tank id="9"/>
			<tank id="23"/>
			<tank id="36"/>
			<tank id="39"/>
		</neighbours>
	</tank>
	<tank id="5" capa="946">
		<impossiblecargos>
			<cargo id="5"/>
			<cargo id="8"/>
			<cargo id="9"/>
			<cargo id="10"/>
			<cargo id="17"/>
			<cargo id="18"/>
			<cargo id="20"/>
			<cargo id="27"/>
			<cargo id="28"/>
		</impossiblecargos>
		<neighbours>
			<tank id="15"/>
			<tank id="16"/>
			<tank id="8"/>
			<tank id="6"/>
			<tank id="2"/>
			<tank id="1"/>
			<tank id="22"/>
			<tank id="33"/>
			<tank id="25"/>
			<tank id="13"/>
			<tank id="10"/>
			<tank id="30"/>
			<tank id="21"/>
		</neighbours>
	</tank>
	<tank id="6" capa="932">
		<impossiblecargos>
			<cargo id="1"/>
			<cargo id="2"/>
			<cargo id="3"/>
			<cargo id="5"/>
			<cargo id="7"/>
			<cargo id="8"/>
			<cargo id="10"/>
			<cargo id="11"/>
			<cargo id="13"/>
			<cargo id="14"/>
			<cargo id="15"/>
			<cargo id="19"/>
			<cargo id="20"/>
			<cargo id="21"/>
			<cargo id="22"/>
			<cargo id="23"/>
			<cargo id="26"/>
			<cargo id="27"/>
		</impossiblecargos>
		<neighbours>
			<tank id="20"/>
			<tank id="40"/>
			<tank id="13"/>
			<tank id="5"/>
			<tank id="7"/>
			<tank id="28"/>
			<tank id="23"/>
			<tank id="22"/>
		</neighbours>
	</tank>
	<tank id="7" capa="605">
		<impossiblecargos>
			<cargo id="2"/>
			<cargo id="3"/>
			<cargo id="12"/>
			<cargo id="13"/>
			<cargo id="14"/>
			<cargo id="15"/>
			<cargo id="17"/>
			<cargo id="19"/>
			<cargo id="23"/>
			<cargo id="26"/>
			<cargo id="27"/>
			<cargo id="28"/>
			<cargo id="30"/>
		</impossiblecargos>
		<neighbours>
			<tank id="25"/>
			<tank id="3"/>
			<tank id="31"/>
			<tank id="6"/>
			<tank id="33"/>
			<tank id="21"/>
			<tank id="19"/>
			<tank id="13"/>
			<tank id="12"/>
		</neighbours>
	</tank>
	<tank id="8" capa="514">
		<impossiblecargos>
			<cargo id="1"/>
			<cargo id="5"/>
			<cargo id="6"/>
			<cargo id="7"/>
			<cargo id="8"/>
			<cargo id="12"/>
			<cargo id="13"/>
			<cargo id="14"/>
			<cargo id="17"/>
			<cargo id="19"/>
			<cargo id="23"/>
			<cargo id="24"/>
			<cargo id="28"/>
		</impossiblecargos>
		<neighbours>
			<tank id="15"/>
			<tank id="37"/>
			<tank id="9"/>
			<tank id="5"/>
			<tank id="22"/>
			<tank id="2"/>
			<tank id="38"/>
		</neighbours>
	</tank>
	<tank id="9" capa="549">
		<impossiblecargos>
			<cargo id="6"/>
			<cargo id="9"/>
			<cargo id="10"/>
			<cargo id="13"/>
			<cargo id="14"/>
			<cargo id="16"/>
			<cargo id="18"/>
			<cargo id="19"/>
			<cargo id="21"/>
			<cargo id="25"/>
			<cargo id="26"/>
			<cargo id="27"/>
		</impossiblecargos>
		<neighbours>
			<tank id="8"/>
			<tank id="19"/>
			<tank id="37"/>
			<tank id="24"/>
			<tank id="12"/>
			<tank id="3"/>
			<tank id="22"/>
			<tank id="27"/>
			<tank id="4"/>
			<tank id="2"/>
			<tank id="13"/>
			<tank id="34"/>
		</neighbours>
	</tank>
	<tank id="10" capa="456">
		<impossiblecargos>
			<cargo id="1"/>
			<cargo id="3"/>
			<cargo id="6"/>
			<cargo id="8"/>
			<cargo id="11"/>
			<cargo id="13"/>
			<cargo id="14"/>
			<cargo id="15"/>
			<cargo id="16"/>
			<cargo id="18"/>
			<cargo id="19"/>
			<cargo id="23"/>
			<cargo id="25"/>
		</impossiblecargos>
		<neighbours>
			<tank id="19"/>
			<tank id="4"/>
			<tank id="35"/>
			<tank id="2"/>
			<tank id="18"/>
			<tank id="33"/>
			<tank id="5"/>
			<tank id="20"/>
		</neighbours>
	</tank>
	<tank id="11" capa="282">
		<impossiblecargos>
			<cargo id="3"/>
			<cargo id="5"/>
			<cargo id="11"/>
			<cargo id="14"/>
			<cargo id="15"/>
			<cargo id="16"/>
			<cargo id="17"/>
			<cargo id="18"/>
			<cargo id="23"/>
			<cargo id="24"/>
			<cargo id="26"/>
			<cargo id="27"/>
			<cargo id="28"/>
			<cargo id="30"/>
		</impossiblecargos>
		<neighbours>
			<tank id="12"/>
			<tank id="13"/>
			<tank id="25"/>
			<tank id="38"/>
			<tank id="31"/>
			<tank id="15"/>
			<tank id="29"/>
			<tank id="1"/>
			<tank id="17"/>
			<tank id="14"/>
			<tank id="20"/>
		</neighbours>
	</tank>
	<tank id="12" capa="205">
		<impossiblecargos>
			<cargo id="4"/>
			<cargo id="7"/>
			<cargo id="9"/>
			<cargo id="11"/>
			<cargo id="12"/>
			<cargo id="17"/>
			<cargo id="21"/>
			<cargo id="24"/>
			<cargo id="25"/>
			<cargo id="29"/>
			<cargo id="30"/>
		</impossiblecargos>
		<neighbours>
			<tank id="24"/>
			<tank id="17"/>
			<tank id="11"/>
			<tank id="30"/>
			<tank id="3"/>
			<tank id="13"/>
			<tank id="28"/>
			<tank id="36"/>
			<tank id="9"/>
			<tank id="1"/>
			<tank id="22"/>
			<tank id="20"/>
			<tank id="37"/>
			<tank id="7"/>
		</neighbours>
	</tank>
	<tank id="13" capa="636">
		<impossiblecargos>
			<cargo id="3"/>
			<cargo id="5"/>
			<cargo id="7"/>
			<cargo id="8"/>
			<cargo id="9"/>
			<cargo id="10"/>
			<cargo id="12"/>
			<cargo id="13"/>
			<cargo id="17"/>
			<cargo id="18"/>
			<cargo id="20"/>
			<cargo id="22"/>
			<cargo id="23"/>
			<cargo id="24"/>
			<cargo id="25"/>
			<cargo id="27"/>
			<cargo id="30"/>
		</impossiblecargos>
		<neighbours>
			<tank id="24"/>
			<tank id="34"/>
			<tank id="11"/>
			<tank id="40"/>
			<tank id="19"/>
			<tank id="38"/>
			<tank id="4"/>
			<tank id="6"/>
			<tank id="12"/>
			<tank id="25"/>
			<tank id="3"/>
			<tank id="16"/>
			<tank id="1"/>
			<tank id="7"/>
			<tank id="5"/>
			<tank id="9"/>
			<tank id="33"/>
		</neighbours>
	</tank>
	<tank id="14" capa="766">
		<impossiblecargos>
			<cargo id="2"/>
			<cargo id="5"/>
			<cargo id="8"/>
			<cargo id="9"/>
			<cargo id="10"/>
			<cargo id="11"/>
			<cargo id="12"/>
			<cargo id="13"/>
			<cargo id="14"/>
			<cargo id="16"/>
			<cargo id="19"/>
			<cargo id="21"/>
			<cargo id="23"/>
			<cargo id="27"/>
		</impossiblecargos>
		<neighbours>
			<tank id="20"/>
			<tank id="2"/>
			<tank id="36"/>
			<tank id="22"/>
			<tank id="38"/>
			<tank id="21"/>
			<tank id="4"/>
			<tank id="26"/>
			<tank id="11"/>
		</neighbours>
	</tank>
	<tank id="15" capa="635">
		<impossiblecargos>
			<cargo id="3"/>
			<cargo id="7"/>
			<cargo id="8"/>
			<cargo id="9"/>
			<cargo id="12"/>
			<cargo id="13"/>
			<cargo id="14"/>
			<cargo id="18"/>
			<cargo id="20"/>
			<cargo id="23"/>
			<cargo id="26"/>
			<cargo id="29"/>
		</impossiblecargos>
		<neighbours>
			<tank id="8"/>
			<tank id="5"/>
			<tank id="11"/>
			<tank id="39"/>
			<tank id="34"/>
			<tank id="37"/>
		</neighbours>
	</tank>
	<tank id="16" capa="232">
		<impossiblecargos>
			<cargo id="2"/>
			<cargo id="3"/>
			<cargo id="4"/>
			<cargo id="9"/>
			<cargo id="10"/>
			<cargo id="14"/>
			<cargo id="17"/>
			<cargo id="18"/>
			<cargo id="21"/>
			<cargo id="24"/>
			<cargo id="26"/>
		</impossiblecargos>
		<neighbours>
			<tank id="21"/>
			<tank id="5"/>
			<tank id="23"/>
			<tank id="28"/>
			<tank id="13"/>
			<tank id="34"/>
			<tank id="36"/>
			<tank id="27"/>
			<tank id="18"/>
		</neighbours>
	</tank>
	<tank id="17" capa="947">
		<impossiblecargos>
			<cargo id="2"/>
			<cargo id="3"/>
			<cargo id="5"/>
			<cargo id="7"/>
			<cargo id="11"/>
			<cargo id="12"/>
			<cargo id="15"/>
			<cargo id="17"/>
			<cargo id="18"/>
			<cargo id="19"/>
			<cargo id="22"/>
			<cargo id="25"/>
			<cargo id="29"/>
		</impossiblecargos>
		<neighbours>
			<tank id="12"/>
			<tank id="24"/>
			<tank id="30"/>
			<tank id="37"/>
			<tank id="19"/>
			<tank id="33"/>
			<tank id="25"/>
			<tank id="21"/>
			<tank id="27"/>
			<tank id="32"/>
			<tank id="11"/>
		</neighbours>
	</tank>
	<tank id="18" capa="257">
		<impossiblecargos>
			<cargo id="3"/>
			<cargo id="5"/>
			<cargo id="6"/>
			<cargo id="7"/>
			<cargo id="12"/>
			<cargo id="13"/>
			<cargo id="14"/>
			<cargo id="16"/>
			<cargo id="17"/>
			<cargo id="19"/>
			<cargo id="21"/>
			<cargo id="22"/>
			<cargo id="23"/>
			<cargo id="30"/>
		</impossiblecargos>
		<neighbours>
			<tank id="33"/>
			<tank id="30"/>
			<tank id="10"/>
			<tank id="34"/>
			<tank id="29"/>
			<tank id="16"/>
		</neighbours>
	</tank>
	<tank id="19" capa="375">
		<impossiblecargos>
			<cargo id="2"/>
			<cargo id="3"/>
			<cargo id="6"/>
			<cargo id="8"/>
			<cargo id="9"/>
			<cargo id="10"/>
			<cargo id="17"/>
			<cargo id="21"/>
			<cargo id="24"/>
			<cargo id="25"/>
			<cargo id="28"/>
			<cargo id="29"/>
			<cargo id="30"/>
		</impossiblecargos>
		<neighbours>
			<tank id="10"/>
			<tank id="28"/>
			<tank id="33"/>
			<tank id="13"/>
			<tank id="23"/>
			<tank id="34"/>
			<tank id="9"/>
			<tank id="24"/>
			<tank id="17"/>
			<tank id="21"/>
			<tank id="7"/>
			<tank id="1"/>
		</neighbours>
	</tank>
	<tank id="20" capa="605">
		<impossiblecargos>
			<cargo id="7"/>
			<cargo id="8"/>
			<cargo id="11"/>
			<cargo id="12"/>
			<cargo id="14"/>
			<cargo id="18"/>
			<cargo id="19"/>
			<cargo id="22"/>
			<cargo id="24"/>
			<cargo id="25"/>
			<cargo id="27"/>
		</impossiblecargos>
		<neighbours>
			<tank id="14"/>
			<tank id="6"/>
			<tank id="24"/>
			<tank id="12"/>
			<tank id="21"/>
			<tank id="25"/>
			<tank id="31"/>
			<tank id="11"/>
			<tank id="10"/>
		</neighbours>
	</tank>
	<tank id="21" capa="280">
		<impossiblecargos>
			<cargo id="1"/>
			<cargo id="2"/>
			<cargo id="3"/>
			<cargo id="6"/>
			<cargo id="7"/>
			<cargo id="9"/>
			<cargo id="13"/>
			<cargo id="14"/>
			<cargo id="15"/>
			<cargo id="17"/>
			<cargo id="19"/>
			<cargo id="23"/>
			<cargo id="25"/>
			<cargo id="29"/>
			<cargo id="30"/>
		</impossiblecargos>
		<neighbours>
			<tank id="23"/>
			<tank id="16"/>
			<tank id="37"/>
			<tank id="4"/>
			<tank id="14"/>
			<tank id="3"/>
			<tank id="7"/>
			<tank id="27"/>
			<tank id="1"/>
			<tank id="19"/>
			<tank id="30"/>
			<tank id="20"/>
			<tank id="17"/>
			<tank id="5"/>
		</neighbours>
	</tank>
	<tank id="22" capa="298">
		<impossiblecargos>
			<cargo id="1"/>
			<cargo id="2"/>
			<cargo id="3"/>
			<cargo id="7"/>
			<cargo id="9"/>
			<cargo id="10"/>
			<cargo id="11"/>
			<cargo id="13"/>
			<cargo id="14"/>
			<cargo id="17"/>
			<cargo id="19"/>
			<cargo id="22"/>
			<cargo id="24"/>
			<cargo id="25"/>
			<cargo id="27"/>
			<cargo id="30"/>
		</impossiblecargos>
		<neighbours>
			<tank id="23"/>
			<tank id="14"/>
			<tank id="2"/>
			<tank id="25"/>
			<tank id="5"/>
			<tank id="12"/>
			<tank id="9"/>
			<tank id="34"/>
			<tank id="6"/>
			<tank id="36"/>
			<tank id="8"/>
			<tank id="28"/>
		</neighbours>
	</tank>
	<tank id="23" capa="762">
		<impossiblecargos>
			<cargo id="2"/>
			<cargo id="4"/>
			<cargo id="8"/>
			<cargo id="9"/>
			<cargo id="11"/>
			<cargo id="16"/>
			<cargo id="18"/>
			<cargo id="22"/>
			<cargo id="24"/>
			<cargo id="28"/>
			<cargo id="29"/>
			<cargo id="30"/>
		</impossiblecargos>
		<neighbours>
			<tank id="21"/>
			<tank id="22"/>
			<tank id="19"/>
			<tank id="16"/>
			<tank id="25"/>
			<tank id="35"/>
			<tank id="6"/>
			<tank id="36"/>
			<tank id="4"/>
			<tank id="3"/>
		</neighbours>
	</tank>
	<tank id="24" capa="785">
		<impossiblecargos>
			<cargo id="1"/>
			<cargo id="2"/>
			<cargo id="3"/>
			<cargo id="6"/>
			<cargo id="7"/>
			<cargo id="9"/>
			<cargo id="12"/>
			<cargo id="13"/>
			<cargo id="17"/>
			<cargo id="19"/>
			<cargo id="21"/>
			<cargo id="22"/>
			<cargo id="23"/>
			<cargo id="24"/>
			<cargo id="27"/>
			<cargo id="28"/>
			<cargo id="29"/>
			<cargo id="30"/>
		</impossiblecargos>
		<neighbours>
			<tank id="12"/>
			<tank id="38"/>
			<tank id="17"/>
			<tank id="13"/>
			<tank id="33"/>
			<tank id="9"/>
			<tank id="27"/>
			<tank id="19"/>
			<tank id="20"/>
			<tank id="32"/>
		</neighbours>
	</tank>
	<tank id="25" capa="523">
		<impossiblecargos>
			<cargo id="2"/>
			<cargo id="4"/>
			<cargo id="6"/>
			<cargo id="7"/>
			<cargo id="8"/>
			<cargo id="10"/>
			<cargo id="11"/>
			<cargo id="12"/>
			<cargo id="13"/>
			<cargo id="20"/>
			<cargo id="21"/>
			<cargo id="24"/>
			<cargo id="26"/>
			<cargo id="29"/>
		</impossiblecargos>
		<neighbours>
			<tank id="34"/>
			<tank id="7"/>
			<tank id="30"/>
			<tank id="11"/>
			<tank id="23"/>
			<tank id="13"/>
			<tank id="22"/>
			<tank id="5"/>
			<tank id="39"/>
			<tank id="28"/>
			<tank id="17"/>
			<tank id="3"/>
			<tank id="20"/>
			<tank id="31"/>
		</neighbours>
	</tank>
	<tank id="26" capa="835">
		<impossiblecargos>
			<cargo id="2"/>
			<cargo id="10"/>
			<cargo id="12"/>
			<cargo id="14"/>
			<cargo id="15"/>
			<cargo id="22"/>
			<cargo id="24"/>
			<cargo id="30"/>
		</impossiblecargos>
		<neighbours>
			<tank id="4"/>
			<tank id="34"/>
			<tank id="37"/>
			<tank id="36"/>
			<tank id="14"/>
		</neighbours>
	</tank>
	<tank id="27" capa="979">
		<impossiblecargos>
			<cargo id="2"/>
			<cargo id="6"/>
			<cargo id="8"/>
			<cargo id="11"/>
			<cargo id="12"/>
			<cargo id="16"/>
			<cargo id="17"/>
			<cargo id="20"/>
			<cargo id="23"/>
			<cargo id="26"/>
			<cargo id="27"/>
			<cargo id="28"/>
			<cargo id="29"/>
			<cargo id="30"/>
		</impossiblecargos>
		<neighbours>
			<tank id="24"/>
			<tank id="29"/>
			<tank id="21"/>
			<tank id="9"/>
			<tank id="17"/>
			<tank id="16"/>
		</neighbours>
	</tank>
	<tank id="28" capa="370">
		<impossiblecargos>
			<cargo id="1"/>
			<cargo id="2"/>
			<cargo id="4"/>
			<cargo id="8"/>
			<cargo id="9"/>
			<cargo id="12"/>
			<cargo id="15"/>
			<cargo id="16"/>
			<cargo id="17"/>
			<cargo id="18"/>
			<cargo id="20"/>
			<cargo id="23"/>
			<cargo id="24"/>
		</impossiblecargos>
		<neighbours>
			<tank id="19"/>
			<tank id="36"/>
			<tank id="6"/>
			<tank id="16"/>
			<tank id="12"/>
			<tank id="25"/>
			<tank id="22"/>
		</neighbours>
	</tank>
	<tank id="29" capa="517">
		<impossiblecargos>
			<cargo id="1"/>
			<cargo id="4"/>
			<cargo id="7"/>
			<cargo id="10"/>
			<cargo id="13"/>
			<cargo id="14"/>
			<cargo id="16"/>
			<cargo id="22"/>
			<cargo id="23"/>
			<cargo id="27"/>
			<cargo id="28"/>
			<cargo id="29"/>
			<cargo id="30"/>
		</impossiblecargos>
		<neighbours>
			<tank id="40"/>
			<tank id="30"/>
			<tank id="27"/>
			<tank id="11"/>
			<tank id="35"/>
			<tank id="18"/>
		</neighbours>
	</tank>
	<tank id="30" capa="571">
		<impossiblecargos>
			<cargo id="2"/>
			<cargo id="6"/>
			<cargo id="9"/>
			<cargo id="12"/>
			<cargo id="13"/>
			<cargo id="15"/>
			<cargo id="20"/>
			<cargo id="21"/>
			<cargo id="23"/>
			<cargo id="24"/>
			<cargo id="25"/>
		</impossiblecargos>
		<neighbours>
			<tank id="4"/>
			<tank id="12"/>
			<tank id="25"/>
			<tank id="29"/>
			<tank id="1"/>
			<tank id="17"/>
			<tank id="18"/>
			<tank id="35"/>
			<tank id="21"/>
			<tank id="39"/>
			<tank id="5"/>
			<tank id="33"/>
		</neighbours>
	</tank>
	<tank id="31" capa="892">
		<impossiblecargos>
			<cargo id="1"/>
			<cargo id="2"/>
			<cargo id="9"/>
			<cargo id="10"/>
			<cargo id="11"/>
			<cargo id="13"/>
			<cargo id="15"/>
			<cargo id="16"/>
			<cargo id="17"/>
			<cargo id="18"/>
			<cargo id="20"/>
			<cargo id="21"/>
			<cargo id="23"/>
			<cargo id="26"/>
			<cargo id="27"/>
			<cargo id="28"/>
		</impossiblecargos>
		<neighbours>
			<tank id="36"/>
			<tank id="2"/>
			<tank id="7"/>
			<tank id="11"/>
			<tank id="4"/>
			<tank id="20"/>
			<tank id="25"/>
		</neighbours>
	</tank>
	<tank id="32" capa="879">
		<impossiblecargos>
			<cargo id="1"/>
			<cargo id="8"/>
			<cargo id="9"/>
			<cargo id="12"/>
			<cargo id="14"/>
			<cargo id="15"/>
			<cargo id="16"/>
			<cargo id="17"/>
			<cargo id="18"/>
			<cargo id="19"/>
			<cargo id="22"/>
			<cargo id="24"/>
			<cargo id="25"/>
			<cargo id="26"/>
			<cargo id="27"/>
			<cargo id="29"/>
		</impossiblecargos>
		<neighbours>
			<tank id="37"/>
			<tank id="34"/>
			<tank id="24"/>
			<tank id="33"/>
			<tank id="38"/>
			<tank id="17"/>
		</neighbours>
	</tank>
	<tank id="33" capa="902">
		<impossiblecargos>
			<cargo id="1"/>
			<cargo id="2"/>
			<cargo id="3"/>
			<cargo id="4"/>
			<cargo id="7"/>
			<cargo id="9"/>
			<cargo id="10"/>
			<cargo id="11"/>
			<cargo id="17"/>
			<cargo id="24"/>
			<cargo id="25"/>
			<cargo id="26"/>
			<cargo id="27"/>
		</impossiblecargos>
		<neighbours>
			<tank id="18"/>
			<tank id="19"/>
			<tank id="24"/>
			<tank id="2"/>
			<tank id="7"/>
			<tank id="5"/>
			<tank id="17"/>
			<tank id="10"/>
			<tank id="37"/>
			<tank id="32"/>
			<tank id="30"/>
			<tank id="39"/>
			<tank id="13"/>
		</neighbours>
	</tank>
	<tank id="34" capa="403">
		<impossiblecargos>
			<cargo id="1"/>
			<cargo id="2"/>
			<cargo id="5"/>
			<cargo id="7"/>
			<cargo id="9"/>
			<cargo id="10"/>
			<cargo id="11"/>
			<cargo id="12"/>
			<cargo id="21"/>
			<cargo id="24"/>
			<cargo id="25"/>
			<cargo id="27"/>
			<cargo id="30"/>
		</impossiblecargos>
		<neighbours>
			<tank id="3"/>
			<tank id="25"/>
			<tank id="4"/>
			<tank id="13"/>
			<tank id="38"/>
			<tank id="26"/>
			<tank id="40"/>
			<tank id="32"/>
			<tank id="19"/>
			<tank id="2"/>
			<tank id="16"/>
			<tank id="15"/>
			<tank id="22"/>
			<tank id="18"/>
			<tank id="39"/>
			<tank id="9"/>
		</neighbours>
	</tank>
	<tank id="35" capa="904">
		<impossiblecargos>
			<cargo id="1"/>
			<cargo id="2"/>
			<cargo id="3"/>
			<cargo id="5"/>
			<cargo id="8"/>
			<cargo id="13"/>
			<cargo id="15"/>
			<cargo id="16"/>
			<cargo id="20"/>
			<cargo id="23"/>
			<cargo id="24"/>
			<cargo id="26"/>
			<cargo id="28"/>
			<cargo id="29"/>
		</impossiblecargos>
		<neighbours>
			<tank id="3"/>
			<tank id="23"/>
			<tank id="10"/>
			<tank id="30"/>
			<tank id="29"/>
		</neighbours>
	</tank>
	<tank id="36" capa="273">
		<impossiblecargos>
			<cargo id="2"/>
			<cargo id="5"/>
			<cargo id="7"/>
			<cargo id="8"/>
			<cargo id="9"/>
			<cargo id="10"/>
			<cargo id="11"/>
			<cargo id="12"/>
			<cargo id="13"/>
			<cargo id="15"/>
			<cargo id="18"/>
			<cargo id="19"/>
			<cargo id="22"/>
			<cargo id="27"/>
			<cargo id="30"/>
		</impossiblecargos>
		<neighbours>
			<tank id="31"/>
			<tank id="37"/>
			<tank id="14"/>
			<tank id="28"/>
			<tank id="26"/>
			<tank id="12"/>
			<tank id="23"/>
			<tank id="22"/>
			<tank id="16"/>
			<tank id="39"/>
			<tank id="4"/>
		</neighbours>
	</tank>
	<tank id="37" capa="806">
		<impossiblecargos>
			<cargo id="2"/>
			<cargo id="4"/>
			<cargo id="6"/>
			<cargo id="9"/>
			<cargo id="10"/>
			<cargo id="11"/>
			<cargo id="12"/>
			<cargo id="14"/>
			<cargo id="16"/>
			<cargo id="19"/>
			<cargo id="21"/>
			<cargo id="22"/>
			<cargo id="23"/>
			<cargo id="25"/>
			<cargo id="26"/>
			<cargo id="28"/>
			<cargo id="29"/>
		</impossiblecargos>
		<neighbours>
			<tank id="8"/>
			<tank id="2"/>
			<tank id="36"/>
			<tank id="32"/>
			<tank id="21"/>
			<tank id="9"/>
			<tank id="26"/>
			<tank id="17"/>
			<tank id="3"/>
			<tank id="12"/>
			<tank id="33"/>
			<tank id="15"/>
		</neighbours>
	</tank>
	<tank id="38" capa="501">
		<impossiblecargos>
			<cargo id="3"/>
			<cargo id="4"/>
			<cargo id="11"/>
			<cargo id="12"/>
			<cargo id="14"/>
			<cargo id="17"/>
			<cargo id="19"/>
			<cargo id="22"/>
			<cargo id="23"/>
			<cargo id="24"/>
			<cargo id="25"/>
			<cargo id="28"/>
			<cargo id="29"/>
		</impossiblecargos>
		<neighbours>
			<tank id="24"/>
			<tank id="34"/>
			<tank id="40"/>
			<tank id="11"/>
			<tank id="13"/>
			<tank id="14"/>
			<tank id="2"/>
			<tank id="3"/>
			<tank id="32"/>
			<tank id="8"/>
		</neighbours>
	</tank>
	<tank id="39" capa="781">
		<impossiblecargos>
			<cargo id="1"/>
			<cargo id="3"/>
			<cargo id="4"/>
			<cargo id="7"/>
			<cargo id="12"/>
			<cargo id="13"/>
			<cargo id="16"/>
			<cargo id="17"/>
			<cargo id="18"/>
			<cargo id="19"/>
			<cargo id="22"/>
			<cargo id="24"/>
			<cargo id="25"/>
			<cargo id="26"/>
			<cargo id="28"/>
			<cargo id="29"/>
		</impossiblecargos>
		<neighbours>
			<tank id="15"/>
			<tank id="25"/>
			<tank id="30"/>
			<tank id="34"/>
			<tank id="36"/>
			<tank id="4"/>
			<tank id="33"/>
		</neighbours>
	</tank>
	<tank id="40" capa="340">
		<impossiblecargos>
			<cargo id="1"/>
			<cargo id="2"/>
			<cargo id="3"/>
			<cargo id="5"/>
			<cargo id="6"/>
			<cargo id="7"/>
			<cargo id="9"/>
			<cargo id="14"/>
			<cargo id="17"/>
			<cargo id="20"/>
			<cargo id="22"/>
			<cargo id="29"/>
		</impossiblecargos>
		<neighbours>
			<tank id="29"/>
			<tank id="13"/>
			<tank id="6"/>
			<tank id="34"/>
			<tank id="38"/>
		</neighbours>
	</tank>
</tanks>
</problem>
