<?xml version="1.0" encoding="UTF-8"?>
<!--
This is a random problem, generated with these parameters:
nCargo = 30
nTanks = 40
nEmptyTanks = 1
tankMinSize = 200
tankMaxSize = 1000
tankFillRatioMin = 0.5
tankFillRatioMax = 1.0
connectivityRatio = 0.25
impossibleCargoRatio = 0.75
notNeighbouringRatio = 0.75
-->
<problem>
<cargos nb="30">
	<cargo id="1" name="c1" volume="381"/>
	<cargo id="2" name="c2" volume="701"/>
	<cargo id="3" name="c3" volume="235"/>
	<cargo id="4" name="c4" volume="0"/>
	<cargo id="5" name="c5" volume="841"/>
	<cargo id="6" name="c6" volume="281"/>
	<cargo id="7" name="c7" volume="1319"/>
	<cargo id="8" name="c8" volume="499"/>
	<cargo id="9" name="c9" volume="1061"/>
	<cargo id="10" name="c10" volume="0"/>
	<cargo id="11" name="c11" volume="0"/>
	<cargo id="12" name="c12" volume="0"/>
	<cargo id="13" name="c13" volume="556"/>
	<cargo id="14" name="c14" volume="935"/>
	<cargo id="15" name="c15" volume="0"/>
	<cargo id="16" name="c16" volume="933"/>
	<cargo id="17" name="c17" volume="1121"/>
	<cargo id="18" name="c18" volume="0"/>
	<cargo id="19" name="c19" volume="1360"/>
	<cargo id="20" name="c20" volume="330"/>
	<cargo id="21" name="c21" volume="0"/>
	<cargo id="22" name="c22" volume="799"/>
	<cargo id="23" name="c23" volume="592"/>
	<cargo id="24" name="c24" volume="0"/>
	<cargo id="25" name="c25" volume="0"/>
	<cargo id="26" name="c26" volume="1261"/>
	<cargo id="27" name="c27" volume="0"/>
	<cargo id="28" name="c28" volume="516"/>
	<cargo id="29" name="c29" volume="692"/>
	<cargo id="30" name="c30" volume="632"/>
</cargos>
<incompatibles>
	<incompatible cargo1="1"  cargo2="4"/>
	<incompatible cargo1="1"  cargo2="5"/>
	<incompatible cargo1="1"  cargo2="10"/>
	<incompatible cargo1="1"  cargo2="11"/>
	<incompatible cargo1="1"  cargo2="12"/>
	<incompatible cargo1="1"  cargo2="15"/>
	<incompatible cargo1="1"  cargo2="18"/>
	<incompatible cargo1="1"  cargo2="20"/>
	<incompatible cargo1="1"  cargo2="21"/>
	<incompatible cargo1="1"  cargo2="22"/>
	<incompatible cargo1="1"  cargo2="23"/>
	<incompatible cargo1="1"  cargo2="25"/>
	<incompatible cargo1="1"  cargo2="27"/>
	<incompatible cargo1="1"  cargo2="28"/>
	<incompatible cargo1="1"  cargo2="29"/>
	<incompatible cargo1="2"  cargo2="3"/>
	<incompatible cargo1="2"  cargo2="4"/>
	<incompatible cargo1="2"  cargo2="6"/>
	<incompatible cargo1="2"  cargo2="10"/>
	<incompatible cargo1="2"  cargo2="11"/>
	<incompatible cargo1="2"  cargo2="12"/>
	<incompatible cargo1="2"  cargo2="14"/>
	<incompatible cargo1="2"  cargo2="15"/>
	<incompatible cargo1="2"  cargo2="18"/>
	<incompatible cargo1="2"  cargo2="19"/>
	<incompatible cargo1="2"  cargo2="20"/>
	<incompatible cargo1="2"  cargo2="21"/>
	<incompatible cargo1="2"  cargo2="23"/>
	<incompatible cargo1="2"  cargo2="24"/>
	<incompatible cargo1="2"  cargo2="25"/>
	<incompatible cargo1="2"  cargo2="26"/>
	<incompatible cargo1="2"  cargo2="27"/>
	<incompatible cargo1="3"  cargo2="4"/>
	<incompatible cargo1="3"  cargo2="6"/>
	<incompatible cargo1="3"  cargo2="8"/>
	<incompatible cargo1="3"  cargo2="9"/>
	<incompatible cargo1="3"  cargo2="10"/>
	<incompatible cargo1="3"  cargo2="12"/>
	<incompatible cargo1="3"  cargo2="15"/>
	<incompatible cargo1="3"  cargo2="16"/>
	<incompatible cargo1="3"  cargo2="18"/>
	<incompatible cargo1="3"  cargo2="20"/>
	<incompatible cargo1="3"  cargo2="21"/>
	<incompatible cargo1="3"  cargo2="22"/>
	<incompatible cargo1="3"  cargo2="23"/>
	<incompatible cargo1="3"  cargo2="24"/>
	<incompatible cargo1="3"  cargo2="25"/>
	<incompatible cargo1="3"  cargo2="27"/>
	<incompatible cargo1="4"  cargo2="5"/>
	<incompatible cargo1="4"  cargo2="6"/>
	<incompatible cargo1="4"  cargo2="7"/>
	<incompatible cargo1="4"  cargo2="9"/>
	<incompatible cargo1="4"  cargo2="10"/>
	<incompatible cargo1="4"  cargo2="12"/>
	<incompatible cargo1="4"  cargo2="13"/>
	<incompatible cargo1="4"  cargo2="14"/>
	<incompatible cargo1="4"  cargo2="15"/>
	<incompatible cargo1="4"  cargo2="16"/>
	<incompatible cargo1="4"  cargo2="17"/>
	<incompatible cargo1="4"  cargo2="18"/>
	<incompatible cargo1="4"  cargo2="19"/>
	<incompatible cargo1="4"  cargo2="20"/>
	<incompatible cargo1="4"  cargo2="22"/>
	<incompatible cargo1="4"  cargo2="23"/>
	<incompatible cargo1="4"  cargo2="24"/>
	<incompatible cargo1="4"  cargo2="25"/>
	<incompatible cargo1="4"  cargo2="26"/>
	<incompatible cargo1="4"  cargo2="27"/>
	<incompatible cargo1="4"  cargo2="28"/>
	<incompatible cargo1="4"  cargo2="30"/>
	<incompatible cargo1="5"  cargo2="6"/>
	<incompatible cargo1="5"  cargo2="10"/>
	<incompatible cargo1="5"  cargo2="12"/>
	<incompatible cargo1="5"  cargo2="15"/>
	<incompatible cargo1="5"  cargo2="16"/>
	<incompatible cargo1="5"  cargo2="20"/>
	<incompatible cargo1="5"  cargo2="21"/>
	<incompatible cargo1="5"  cargo2="24"/>
	<incompatible cargo1="5"  cargo2="27"/>
	<incompatible cargo1="5"  cargo2="28"/>
	<incompatible cargo1="6"  cargo2="9"/>
	<incompatible cargo1="6"  cargo2="12"/>
	<incompatible cargo1="6"  cargo2="15"/>
	<incompatible cargo1="6"  cargo2="17"/>
	<incompatible cargo1="6"  cargo2="19"/>
	<incompatible cargo1="6"  cargo2="20"/>
	<incompatible cargo1="6"  cargo2="23"/>
	<incompatible cargo1="6"  cargo2="24"/>
	<incompatible cargo1="6"  cargo2="25"/>
	<incompatible cargo1="6"  cargo2="27"/>
	<incompatible cargo1="6"  cargo2="29"/>
	<incompatible cargo1="6"  cargo2="30"/>
	<incompatible cargo1="7"  cargo2="10"/>
	<incompatible cargo1="7"  cargo2="12"/>
	<incompatible cargo1="7"  cargo2="14"/>
	<incompatible cargo1="7"  cargo2="15"/>
	<incompatible cargo1="7"  cargo2="18"/>
	<incompatible cargo1="7"  cargo2="21"/>
	<incompatible cargo1="7"  cargo2="25"/>
	<incompatible cargo1="7"  cargo2="27"/>
	<incompatible cargo1="7"  cargo2="30"/>
	<incompatible cargo1="8"  cargo2="11"/>
	<incompatible cargo1="8"  cargo2="12"/>
	<incompatible cargo1="8"  cargo2="15"/>
	<incompatible cargo1="8"  cargo2="18"/>
	<incompatible cargo1="8"  cargo2="19"/>
	<incompatible cargo1="8"  cargo2="20"/>
	<incompatible cargo1="8"  cargo2="21"/>
	<incompatible cargo1="8"  cargo2="23"/>
	<incompatible cargo1="8"  cargo2="24"/>
	<incompatible cargo1="8"  cargo2="25"/>
	<incompatible cargo1="8"  cargo2="27"/>
	<incompatible cargo1="9"  cargo2="10"/>
	<incompatible cargo1="9"  cargo2="11"/>
	<incompatible cargo1="9"  cargo2="12"/>
	<incompatible cargo1="9"  cargo2="18"/>
	<incompatible cargo1="9"  cargo2="21"/>
	<incompatible cargo1="9"  cargo2="23"/>
	<incompatible cargo1="9"  cargo2="24"/>
	<incompatible cargo1="9"  cargo2="25"/>
	<incompatible cargo1="9"  cargo2="27"/>
	<incompatible cargo1="10"  cargo2="11"/>
	<incompatible cargo1="10"  cargo2="12"/>
	<incompatible cargo1="10"  cargo2="13"/>
	<incompatible cargo1="10"  cargo2="15"/>
	<incompatible cargo1="10"  cargo2="16"/>
	<incompatible cargo1="10"  cargo2="17"/>
	<incompatible cargo1="10"  cargo2="18"/>
	<incompatible cargo1="10"  cargo2="19"/>
	<incompatible cargo1="10"  cargo2="21"/>
	<incompatible cargo1="10"  cargo2="24"/>
	<incompatible cargo1="10"  cargo2="25"/>
	<incompatible cargo1="10"  cargo2="26"/>
	<incompatible cargo1="10"  cargo2="28"/>
	<incompatible cargo1="10"  cargo2="29"/>
	<incompatible cargo1="10"  cargo2="30"/>
	<incompatible cargo1="11"  cargo2="15"/>
	<incompatible cargo1="11"  cargo2="19"/>
	<incompatible cargo1="11"  cargo2="20"/>
	<incompatible cargo1="11"  cargo2="21"/>
	<incompatible cargo1="11"  cargo2="22"/>
	<incompatible cargo1="11"  cargo2="23"/>
	<incompatible cargo1="11"  cargo2="24"/>
	<incompatible cargo1="11"  cargo2="25"/>
	<incompatible cargo1="11"  cargo2="26"/>
	<incompatible cargo1="11"  cargo2="27"/>
	<incompatible cargo1="11"  cargo2="29"/>
	<incompatible cargo1="11"  cargo2="30"/>
	<incompatible cargo1="12"  cargo2="13"/>
	<incompatible cargo1="12"  cargo2="15"/>
	<incompatible cargo1="12"  cargo2="17"/>
	<incompatible cargo1="12"  cargo2="18"/>
	<incompatible cargo1="12"  cargo2="20"/>
	<incompatible cargo1="12"  cargo2="21"/>
	<incompatible cargo1="12"  cargo2="22"/>
	<incompatible cargo1="12"  cargo2="23"/>
	<incompatible cargo1="12"  cargo2="24"/>
	<incompatible cargo1="12"  cargo2="26"/>
	<incompatible cargo1="12"  cargo2="27"/>
	<incompatible cargo1="12"  cargo2="28"/>
	<incompatible cargo1="12"  cargo2="29"/>
	<incompatible cargo1="13"  cargo2="15"/>
	<incompatible cargo1="13"  cargo2="18"/>
	<incompatible cargo1="13"  cargo2="22"/>
	<incompatible cargo1="13"  cargo2="23"/>
	<incompatible cargo1="13"  cargo2="24"/>
	<incompatible cargo1="13"  cargo2="25"/>
	<incompatible cargo1="13"  cargo2="27"/>
	<incompatible cargo1="13"  cargo2="30"/>
	<incompatible cargo1="14"  cargo2="15"/>
	<incompatible cargo1="14"  cargo2="18"/>
	<incompatible cargo1="14"  cargo2="21"/>
	<incompatible cargo1="14"  cargo2="24"/>
	<incompatible cargo1="14"  cargo2="26"/>
	<incompatible cargo1="14"  cargo2="27"/>
	<incompatible cargo1="15"  cargo2="16"/>
	<incompatible cargo1="15"  cargo2="17"/>
	<incompatible cargo1="15"  cargo2="18"/>
	<incompatible cargo1="15"  cargo2="19"/>
	<incompatible cargo1="15"  cargo2="21"/>
	<incompatible cargo1="15"  cargo2="22"/>
	<incompatible cargo1="15"  cargo2="23"/>
	<incompatible cargo1="15"  cargo2="24"/>
	<incompatible cargo1="15"  cargo2="25"/>
	<incompatible cargo1="15"  cargo2="26"/>
	<incompatible cargo1="15"  cargo2="27"/>
	<incompatible cargo1="15"  cargo2="28"/>
	<incompatible cargo1="15"  cargo2="29"/>
	<incompatible cargo1="15"  cargo2="30"/>
	<incompatible cargo1="16"  cargo2="21"/>
	<incompatible cargo1="16"  cargo2="23"/>
	<incompatible cargo1="16"  cargo2="25"/>
	<incompatible cargo1="16"  cargo2="30"/>
	<incompatible cargo1="17"  cargo2="20"/>
	<incompatible cargo1="17"  cargo2="21"/>
	<incompatible cargo1="17"  cargo2="23"/>
	<incompatible cargo1="17"  cargo2="24"/>
	<incompatible cargo1="17"  cargo2="25"/>
	<incompatible cargo1="17"  cargo2="28"/>
	<incompatible cargo1="17"  cargo2="30"/>
	<incompatible cargo1="18"  cargo2="19"/>
	<incompatible cargo1="18"  cargo2="20"/>
	<incompatible cargo1="18"  cargo2="21"/>
	<incompatible cargo1="18"  cargo2="22"/>
	<incompatible cargo1="18"  cargo2="23"/>
	<incompatible cargo1="18"  cargo2="24"/>
	<incompatible cargo1="18"  cargo2="25"/>
	<incompatible cargo1="18"  cargo2="26"/>
	<incompatible cargo1="18"  cargo2="27"/>
	<incompatible cargo1="18"  cargo2="29"/>
	<incompatible cargo1="19"  cargo2="21"/>
	<incompatible cargo1="19"  cargo2="22"/>
	<incompatible cargo1="19"  cargo2="23"/>
	<incompatible cargo1="19"  cargo2="25"/>
	<incompatible cargo1="19"  cargo2="27"/>
	<incompatible cargo1="19"  cargo2="29"/>
	<incompatible cargo1="20"  cargo2="21"/>
	<incompatible cargo1="20"  cargo2="22"/>
	<incompatible cargo1="20"  cargo2="24"/>
	<incompatible cargo1="20"  cargo2="25"/>
	<incompatible cargo1="20"  cargo2="29"/>
	<incompatible cargo1="21"  cargo2="22"/>
	<incompatible cargo1="21"  cargo2="23"/>
	<incompatible cargo1="21"  cargo2="24"/>
	<incompatible cargo1="21"  cargo2="25"/>
	<incompatible cargo1="21"  cargo2="26"/>
	<incompatible cargo1="21"  cargo2="27"/>
	<incompatible cargo1="22"  cargo2="24"/>
	<incompatible cargo1="22"  cargo2="25"/>
	<incompatible cargo1="22"  cargo2="27"/>
	<incompatible cargo1="23"  cargo2="24"/>
	<incompatible cargo1="23"  cargo2="25"/>
	<incompatible cargo1="23"  cargo2="26"/>
	<incompatible cargo1="23"  cargo2="27"/>
	<incompatible cargo1="23"  cargo2="29"/>
	<incompatible cargo1="24"  cargo2="25"/>
	<incompatible cargo1="24"  cargo2="26"/>
	<incompatible cargo1="24"  cargo2="27"/>
	<incompatible cargo1="24"  cargo2="28"/>
	<incompatible cargo1="24"  cargo2="30"/>
	<incompatible cargo1="25"  cargo2="27"/>
	<incompatible cargo1="25"  cargo2="28"/>
	<incompatible cargo1="25"  cargo2="29"/>
	<incompatible cargo1="25"  cargo2="30"/>
	<incompatible cargo1="26"  cargo2="27"/>
	<incompatible cargo1="26"  cargo2="28"/>
	<incompatible cargo1="27"  cargo2="28"/>
	<incompatible cargo1="27"  cargo2="29"/>
	<incompatible cargo1="27"  cargo2="30"/>
</incompatibles>
<tanks nb="40">
	<tank id="1" capa="245">
		<impossiblecargos>
			<cargo id="1"/>
			<cargo id="2"/>
			<cargo id="4"/>
			<cargo id="7"/>
			<cargo id="9"/>
			<cargo id="12"/>
			<cargo id="13"/>
			<cargo id="14"/>
			<cargo id="15"/>
			<cargo id="16"/>
			<cargo id="17"/>
			<cargo id="18"/>
			<cargo id="19"/>
			<cargo id="20"/>
			<cargo id="21"/>
			<cargo id="22"/>
			<cargo id="23"/>
			<cargo id="25"/>
			<cargo id="27"/>
			<cargo id="28"/>
			<cargo id="30"/>
		</impossiblecargos>
		<neighbours>
			<tank id="29"/>
			<tank id="4"/>
			<tank id="27"/>
			<tank id="18"/>
			<tank id="10"/>
			<tank id="33"/>
			<tank id="7"/>
			<tank id="5"/>
		</neighbours>
	</tank>
	<tank id="2" capa="416">
		<impossiblecargos>
			<cargo id="1"/>
			<cargo id="2"/>
			<cargo id="3"/>
			<cargo id="4"/>
			<cargo id="5"/>
			<cargo id="6"/>
			<cargo id="8"/>
			<cargo id="9"/>
			<cargo id="12"/>
			<cargo id="14"/>
			<cargo id="16"/>
			<cargo id="17"/>
			<cargo id="20"/>
			<cargo id="21"/>
			<cargo id="25"/>
			<cargo id="26"/>
			<cargo id="27"/>
			<cargo id="29"/>
			<cargo id="30"/>
		</impossiblecargos>
		<neighbours>
			<tank id="30"/>
			<tank id="37"/>
			<tank id="7"/>
			<tank id="28"/>
			<tank id="22"/>
			<tank id="10"/>
			<tank id="27"/>
			<tank id="18"/>
			<tank id="35"/>
			<tank id="24"/>
		</neighbours>
	</tank>
	<tank id="3" capa="480">
		<impossiblecargos>
			<cargo id="2"/>
			<cargo id="3"/>
			<cargo id="4"/>
			<cargo id="5"/>
			<cargo id="6"/>
			<cargo id="9"/>
			<cargo id="10"/>
			<cargo id="11"/>
			<cargo id="13"/>
			<cargo id="14"/>
			<cargo id="15"/>
			<cargo id="16"/>
			<cargo id="17"/>
			<cargo id="18"/>
			<cargo id="21"/>
			<cargo id="22"/>
			<cargo id="23"/>
			<cargo id="24"/>
			<cargo id="25"/>
			<cargo id="26"/>
			<cargo id="27"/>
			<cargo id="29"/>
			<cargo id="30"/>
		</impossiblecargos>
		<neighbours>
			<tank id="6"/>
			<tank id="36"/>
			<tank id="24"/>
			<tank id="14"/>
			<tank id="7"/>
			<tank id="28"/>
			<tank id="34"/>
			<tank id="29"/>
			<tank id="5"/>
			<tank id="22"/>
			<tank id="27"/>
		</neighbours>
	</tank>
	<tank id="4" capa="883">
		<impossiblecargos>
			<cargo id="1"/>
			<cargo id="3"/>
			<cargo id="4"/>
			<cargo id="5"/>
			<cargo id="8"/>
			<cargo id="9"/>
			<cargo id="11"/>
			<cargo id="12"/>
			<cargo id="13"/>
			<cargo id="14"/>
			<cargo id="15"/>
			<cargo id="17"/>
			<cargo id="18"/>
			<cargo id="21"/>
			<cargo id="22"/>
			<cargo id="23"/>
			<cargo id="24"/>
			<cargo id="25"/>
			<cargo id="27"/>
			<cargo id="28"/>
			<cargo id="29"/>
			<cargo id="30"/>
		</impossiblecargos>
		<neighbours>
			<tank id="25"/>
			<tank id="1"/>
			<tank id="13"/>
			<tank id="33"/>
			<tank id="10"/>
			<tank id="7"/>
			<tank id="32"/>
			<tank id="35"/>
			<tank id="34"/>
			<tank id="8"/>
			<tank id="30"/>
			<tank id="16"/>
			<tank id="19"/>
		</neighbours>
	</tank>
	<tank id="5" capa="652">
		<impossiblecargos>
			<cargo id="1"/>
			<cargo id="2"/>
			<cargo id="3"/>
			<cargo id="8"/>
			<cargo id="10"/>
			<cargo id="11"/>
			<cargo id="14"/>
			<cargo id="16"/>
			<cargo id="17"/>
			<cargo id="18"/>
			<cargo id="19"/>
			<cargo id="20"/>
			<cargo id="21"/>
			<cargo id="22"/>
			<cargo id="23"/>
			<cargo id="24"/>
			<cargo id="26"/>
			<cargo id="28"/>
		</impossiblecargos>
		<neighbours>
			<tank id="15"/>
			<tank id="20"/>
			<tank id="29"/>
			<tank id="13"/>
			<tank id="23"/>
			<tank id="3"/>
			<tank id="7"/>
			<tank id="16"/>
			<tank id="9"/>
			<tank id="1"/>
		</neighbours>
	</tank>
	<tank id="6" capa="478">
		<impossiblecargos>
			<cargo id="1"/>
			<cargo id="2"/>
			<cargo id="3"/>
			<cargo id="4"/>
			<cargo id="5"/>
			<cargo id="6"/>
			<cargo id="7"/>
			<cargo id="8"/>
			<cargo id="10"/>
			<cargo id="11"/>
			<cargo id="13"/>
			<cargo id="15"/>
			<cargo id="16"/>
			<cargo id="18"/>
			<cargo id="19"/>
			<cargo id="20"/>
			<cargo id="22"/>
			<cargo id="24"/>
			<cargo id="26"/>
			<cargo id="27"/>
			<cargo id="28"/>
		</impossiblecargos>
		<neighbours>
			<tank id="11"/>
			<tank id="28"/>
			<tank id="3"/>
			<tank id="17"/>
			<tank id="8"/>
			<tank id="37"/>
			<tank id="35"/>
			<tank id="23"/>
			<tank id="12"/>
		</neighbours>
	</tank>
	<tank id="7" capa="973">
		<impossiblecargos>
			<cargo id="1"/>
			<cargo id="3"/>
			<cargo id="4"/>
			<cargo id="5"/>
			<cargo id="6"/>
			<cargo id="7"/>
			<cargo id="8"/>
			<cargo id="9"/>
			<cargo id="10"/>
			<cargo id="11"/>
			<cargo id="12"/>
			<cargo id="13"/>
			<cargo id="14"/>
			<cargo id="15"/>
			<cargo id="17"/>
			<cargo id="19"/>
			<cargo id="20"/>
			<cargo id="21"/>
			<cargo id="22"/>
			<cargo id="23"/>
			<cargo id="24"/>
			<cargo id="25"/>
			<cargo id="26"/>
		</impossiblecargos>
		<neighbours>
			<tank id="2"/>
			<tank id="11"/>
			<tank id="37"/>
			<tank id="26"/>
			<tank id="39"/>
			<tank id="4"/>
			<tank id="3"/>
			<tank id="5"/>
			<tank id="1"/>
		</neighbours>
	</tank>
	<tank id="8" capa="320">
		<impossiblecargos>
			<cargo id="1"/>
			<cargo id="2"/>
			<cargo id="3"/>
			<cargo id="4"/>
			<cargo id="5"/>
			<cargo id="6"/>
			<cargo id="7"/>
			<cargo id="8"/>
			<cargo id="9"/>
			<cargo id="10"/>
			<cargo id="11"/>
			<cargo id="15"/>
			<cargo id="17"/>
			<cargo id="18"/>
			<cargo id="19"/>
			<cargo id="20"/>
			<cargo id="21"/>
			<cargo id="23"/>
			<cargo id="24"/>
			<cargo id="26"/>
			<cargo id="28"/>
			<cargo id="29"/>
			<cargo id="30"/>
		</impossiblecargos>
		<neighbours>
			<tank id="18"/>
			<tank id="13"/>
			<tank id="11"/>
			<tank id="33"/>
			<tank id="24"/>
			<tank id="27"/>
			<tank id="6"/>
			<tank id="4"/>
			<tank id="10"/>
		</neighbours>
	</tank>
	<tank id="9" capa="565">
		<impossiblecargos>
			<cargo id="2"/>
			<cargo id="3"/>
			<cargo id="4"/>
			<cargo id="6"/>
			<cargo id="7"/>
			<cargo id="8"/>
			<cargo id="10"/>
			<cargo id="11"/>
			<cargo id="12"/>
			<cargo id="13"/>
			<cargo id="15"/>
			<cargo id="16"/>
			<cargo id="17"/>
			<cargo id="18"/>
			<cargo id="19"/>
			<cargo id="20"/>
			<cargo id="21"/>
			<cargo id="23"/>
			<cargo id="24"/>
			<cargo id="25"/>
			<cargo id="26"/>
			<cargo id="27"/>
			<cargo id="28"/>
			<cargo id="30"/>
		</impossiblecargos>
		<neighbours>
			<tank id="34"/>
			<tank id="21"/>
			<tank id="33"/>
			<tank id="20"/>
			<tank id="16"/>
			<tank id="17"/>
			<tank id="22"/>
			<tank id="5"/>
		</neighbours>
	</tank>
	<tank id="10" capa="319">
		<impossiblecargos>
			<cargo id="1"/>
			<cargo id="5"/>
			<cargo id="7"/>
			<cargo id="8"/>
			<cargo id="9"/>
			<cargo id="10"/>
			<cargo id="11"/>
			<cargo id="12"/>
			<cargo id="13"/>
			<cargo id="14"/>
			<cargo id="15"/>
			<cargo id="20"/>
			<cargo id="22"/>
			<cargo id="23"/>
			<cargo id="24"/>
			<cargo id="25"/>
			<cargo id="26"/>
			<cargo id="27"/>
			<cargo id="29"/>
			<cargo id="30"/>
		</impossiblecargos>
		<neighbours>
			<tank id="17"/>
			<tank id="30"/>
			<tank id="1"/>
			<tank id="35"/>
			<tank id="4"/>
			<tank id="2"/>
			<tank id="22"/>
			<tank id="8"/>
			<tank id="19"/>
		</neighbours>
	</tank>
	<tank id="11" capa="955">
		<impossiblecargos>
			<cargo id="1"/>
			<cargo id="2"/>
			<cargo id="4"/>
			<cargo id="6"/>
			<cargo id="8"/>
			<cargo id="9"/>
			<cargo id="10"/>
			<cargo id="11"/>
			<cargo id="12"/>
			<cargo id="13"/>
			<cargo id="14"/>
			<cargo id="16"/>
			<cargo id="18"/>
			<cargo id="21"/>
			<cargo id="22"/>
			<cargo id="25"/>
			<cargo id="27"/>
			<cargo id="28"/>
			<cargo id="29"/>
		</impossiblecargos>
		<neighbours>
			<tank id="12"/>
			<tank id="6"/>
			<tank id="30"/>
			<tank id="8"/>
			<tank id="7"/>
			<tank id="39"/>
			<tank id="27"/>
			<tank id="13"/>
		</neighbours>
	</tank>
	<tank id="12" capa="699">
		<impossiblecargos>
			<cargo id="1"/>
			<cargo id="3"/>
			<cargo id="6"/>
			<cargo id="7"/>
			<cargo id="8"/>
			<cargo id="9"/>
			<cargo id="10"/>
			<cargo id="11"/>
			<cargo id="12"/>
			<cargo id="13"/>
			<cargo id="14"/>
			<cargo id="15"/>
			<cargo id="16"/>
			<cargo id="17"/>
			<cargo id="18"/>
			<cargo id="19"/>
			<cargo id="20"/>
			<cargo id="22"/>
			<cargo id="23"/>
			<cargo id="24"/>
			<cargo id="25"/>
			<cargo id="26"/>
			<cargo id="28"/>
			<cargo id="29"/>
			<cargo id="30"/>
		</impossiblecargos>
		<neighbours>
			<tank id="11"/>
			<tank id="34"/>
			<tank id="17"/>
			<tank id="24"/>
			<tank id="21"/>
			<tank id="32"/>
			<tank id="23"/>
			<tank id="28"/>
			<tank id="19"/>
			<tank id="39"/>
			<tank id="31"/>
			<tank id="14"/>
			<tank id="6"/>
		</neighbours>
	</tank>
	<tank id="13" capa="771">
		<impossiblecargos>
			<cargo id="1"/>
			<cargo id="2"/>
			<cargo id="3"/>
			<cargo id="6"/>
			<cargo id="7"/>
			<cargo id="10"/>
			<cargo id="11"/>
			<cargo id="12"/>
			<cargo id="13"/>
			<cargo id="15"/>
			<cargo id="16"/>
			<cargo id="18"/>
			<cargo id="20"/>
			<cargo id="21"/>
			<cargo id="22"/>
			<cargo id="23"/>
			<cargo id="24"/>
			<cargo id="25"/>
			<cargo id="26"/>
			<cargo id="27"/>
			<cargo id="28"/>
			<cargo id="29"/>
			<cargo id="30"/>
		</impossiblecargos>
		<neighbours>
			<tank id="4"/>
			<tank id="8"/>
			<tank id="24"/>
			<tank id="5"/>
			<tank id="18"/>
			<tank id="15"/>
			<tank id="11"/>
			<tank id="37"/>
		</neighbours>
	</tank>
	<tank id="14" capa="353">
		<impossiblecargos>
			<cargo id="2"/>
			<cargo id="5"/>
			<cargo id="6"/>
			<cargo id="7"/>
			<cargo id="8"/>
			<cargo id="9"/>
			<cargo id="12"/>
			<cargo id="13"/>
			<cargo id="14"/>
			<cargo id="15"/>
			<cargo id="16"/>
			<cargo id="17"/>
			<cargo id="18"/>
			<cargo id="19"/>
			<cargo id="22"/>
			<cargo id="25"/>
			<cargo id="26"/>
			<cargo id="27"/>
			<cargo id="28"/>
			<cargo id="29"/>
		</impossiblecargos>
		<neighbours>
			<tank id="26"/>
			<tank id="40"/>
			<tank id="33"/>
			<tank id="35"/>
			<tank id="30"/>
			<tank id="32"/>
			<tank id="3"/>
			<tank id="29"/>
			<tank id="12"/>
			<tank id="23"/>
		</neighbours>
	</tank>
	<tank id="15" capa="203">
		<impossiblecargos>
			<cargo id="1"/>
			<cargo id="3"/>
			<cargo id="4"/>
			<cargo id="6"/>
			<cargo id="7"/>
			<cargo id="8"/>
			<cargo id="10"/>
			<cargo id="11"/>
			<cargo id="12"/>
			<cargo id="13"/>
			<cargo id="14"/>
			<cargo id="15"/>
			<cargo id="16"/>
			<cargo id="17"/>
			<cargo id="18"/>
			<cargo id="19"/>
			<cargo id="20"/>
			<cargo id="21"/>
			<cargo id="23"/>
			<cargo id="27"/>
			<cargo id="28"/>
			<cargo id="29"/>
		</impossiblecargos>
		<neighbours>
			<tank id="34"/>
			<tank id="18"/>
			<tank id="36"/>
			<tank id="5"/>
			<tank id="17"/>
			<tank id="30"/>
			<tank id="13"/>
			<tank id="35"/>
		</neighbours>
	</tank>
	<tank id="16" capa="342">
		<impossiblecargos>
			<cargo id="1"/>
			<cargo id="2"/>
			<cargo id="3"/>
			<cargo id="4"/>
			<cargo id="6"/>
			<cargo id="7"/>
			<cargo id="8"/>
			<cargo id="9"/>
			<cargo id="11"/>
			<cargo id="12"/>
			<cargo id="15"/>
			<cargo id="16"/>
			<cargo id="17"/>
			<cargo id="18"/>
			<cargo id="19"/>
			<cargo id="20"/>
			<cargo id="21"/>
			<cargo id="23"/>
			<cargo id="25"/>
			<cargo id="27"/>
			<cargo id="28"/>
			<cargo id="30"/>
		</impossiblecargos>
		<neighbours>
			<tank id="30"/>
			<tank id="23"/>
			<tank id="9"/>
			<tank id="34"/>
			<tank id="39"/>
			<tank id="29"/>
			<tank id="26"/>
			<tank id="27"/>
			<tank id="20"/>
			<tank id="5"/>
			<tank id="4"/>
			<tank id="24"/>
			<tank id="35"/>
			<tank id="18"/>
		</neighbours>
	</tank>
	<tank id="17" capa="282">
		<impossiblecargos>
			<cargo id="1"/>
			<cargo id="2"/>
			<cargo id="3"/>
			<cargo id="5"/>
			<cargo id="6"/>
			<cargo id="7"/>
			<cargo id="9"/>
			<cargo id="11"/>
			<cargo id="17"/>
			<cargo id="20"/>
			<cargo id="21"/>
			<cargo id="22"/>
			<cargo id="24"/>
			<cargo id="25"/>
			<cargo id="27"/>
			<cargo id="28"/>
			<cargo id="29"/>
			<cargo id="30"/>
		</impossiblecargos>
		<neighbours>
			<tank id="38"/>
			<tank id="10"/>
			<tank id="12"/>
			<tank id="6"/>
			<tank id="15"/>
			<tank id="28"/>
			<tank id="9"/>
			<tank id="27"/>
			<tank id="22"/>
			<tank id="37"/>
			<tank id="30"/>
		</neighbours>
	</tank>
	<tank id="18" capa="642">
		<impossiblecargos>
			<cargo id="3"/>
			<cargo id="4"/>
			<cargo id="5"/>
			<cargo id="6"/>
			<cargo id="7"/>
			<cargo id="8"/>
			<cargo id="9"/>
			<cargo id="10"/>
			<cargo id="11"/>
			<cargo id="12"/>
			<cargo id="13"/>
			<cargo id="14"/>
			<cargo id="15"/>
			<cargo id="16"/>
			<cargo id="17"/>
			<cargo id="18"/>
			<cargo id="20"/>
			<cargo id="22"/>
			<cargo id="23"/>
			<cargo id="24"/>
			<cargo id="25"/>
			<cargo id="26"/>
			<cargo id="27"/>
			<cargo id="28"/>
		</impossiblecargos>
		<neighbours>
			<tank id="8"/>
			<tank id="1"/>
			<tank id="15"/>
			<tank id="33"/>
			<tank id="13"/>
			<tank id="2"/>
			<tank id="27"/>
			<tank id="16"/>
		</neighbours>
	</tank>
	<tank id="19" capa="367">
		<impossiblecargos>
			<cargo id="1"/>
			<cargo id="3"/>
			<cargo id="6"/>
			<cargo id="7"/>
			<cargo id="8"/>
			<cargo id="9"/>
			<cargo id="10"/>
			<cargo id="13"/>
			<cargo id="14"/>
			<cargo id="15"/>
			<cargo id="16"/>
			<cargo id="18"/>
			<cargo id="19"/>
			<cargo id="20"/>
			<cargo id="23"/>
			<cargo id="24"/>
			<cargo id="25"/>
			<cargo id="26"/>
			<cargo id="27"/>
			<cargo id="28"/>
			<cargo id="29"/>
			<cargo id="30"/>
		</impossiblecargos>
		<neighbours>
			<tank id="36"/>
			<tank id="37"/>
			<tank id="39"/>
			<tank id="20"/>
			<tank id="27"/>
			<tank id="29"/>
			<tank id="12"/>
			<tank id="10"/>
			<tank id="4"/>
			<tank id="32"/>
		</neighbours>
	</tank>
	<tank id="20" capa="623">
		<impossiblecargos>
			<cargo id="1"/>
			<cargo id="2"/>
			<cargo id="3"/>
			<cargo id="4"/>
			<cargo id="5"/>
			<cargo id="6"/>
			<cargo id="8"/>
			<cargo id="9"/>
			<cargo id="10"/>
			<cargo id="11"/>
			<cargo id="14"/>
			<cargo id="15"/>
			<cargo id="16"/>
			<cargo id="19"/>
			<cargo id="20"/>
			<cargo id="22"/>
			<cargo id="23"/>
			<cargo id="24"/>
			<cargo id="25"/>
			<cargo id="26"/>
			<cargo id="28"/>
			<cargo id="29"/>
		</impossiblecargos>
		<neighbours>
			<tank id="23"/>
			<tank id="21"/>
			<tank id="31"/>
			<tank id="22"/>
			<tank id="40"/>
			<tank id="5"/>
			<tank id="9"/>
			<tank id="26"/>
			<tank id="19"/>
			<tank id="35"/>
			<tank id="34"/>
			<tank id="37"/>
			<tank id="16"/>
			<tank id="29"/>
		</neighbours>
	</tank>
	<tank id="21" capa="588">
		<impossiblecargos>
			<cargo id="2"/>
			<cargo id="3"/>
			<cargo id="4"/>
			<cargo id="5"/>
			<cargo id="6"/>
			<cargo id="7"/>
			<cargo id="8"/>
			<cargo id="9"/>
			<cargo id="10"/>
			<cargo id="13"/>
			<cargo id="14"/>
			<cargo id="15"/>
			<cargo id="16"/>
			<cargo id="17"/>
			<cargo id="18"/>
			<cargo id="19"/>
			<cargo id="22"/>
			<cargo id="23"/>
			<cargo id="24"/>
			<cargo id="25"/>
			<cargo id="26"/>
			<cargo id="27"/>
			<cargo id="28"/>
			<cargo id="30"/>
		</impossiblecargos>
		<neighbours>
			<tank id="29"/>
			<tank id="20"/>
			<tank id="9"/>
			<tank id="32"/>
			<tank id="23"/>
			<tank id="12"/>
			<tank id="31"/>
			<tank id="27"/>
			<tank id="38"/>
			<tank id="26"/>
		</neighbours>
	</tank>
	<tank id="22" capa="498">
		<impossiblecargos>
			<cargo id="1"/>
			<cargo id="2"/>
			<cargo id="4"/>
			<cargo id="5"/>
			<cargo id="6"/>
			<cargo id="8"/>
			<cargo id="9"/>
			<cargo id="10"/>
			<cargo id="12"/>
			<cargo id="14"/>
			<cargo id="15"/>
			<cargo id="17"/>
			<cargo id="18"/>
			<cargo id="20"/>
			<cargo id="22"/>
			<cargo id="24"/>
			<cargo id="25"/>
			<cargo id="26"/>
			<cargo id="27"/>
			<cargo id="28"/>
			<cargo id="30"/>
		</impossiblecargos>
		<neighbours>
			<tank id="27"/>
			<tank id="20"/>
			<tank id="33"/>
			<tank id="32"/>
			<tank id="2"/>
			<tank id="34"/>
			<tank id="10"/>
			<tank id="29"/>
			<tank id="3"/>
			<tank id="39"/>
			<tank id="17"/>
			<tank id="9"/>
		</neighbours>
	</tank>
	<tank id="23" capa="339">
		<impossiblecargos>
			<cargo id="2"/>
			<cargo id="4"/>
			<cargo id="5"/>
			<cargo id="8"/>
			<cargo id="9"/>
			<cargo id="10"/>
			<cargo id="11"/>
			<cargo id="12"/>
			<cargo id="13"/>
			<cargo id="14"/>
			<cargo id="15"/>
			<cargo id="16"/>
			<cargo id="18"/>
			<cargo id="19"/>
			<cargo id="20"/>
			<cargo id="22"/>
			<cargo id="23"/>
			<cargo id="24"/>
			<cargo id="25"/>
			<cargo id="27"/>
			<cargo id="29"/>
		</impossiblecargos>
		<neighbours>
			<tank id="20"/>
			<tank id="16"/>
			<tank id="21"/>
			<tank id="27"/>
			<tank id="12"/>
			<tank id="5"/>
			<tank id="34"/>
			<tank id="39"/>
			<tank id="30"/>
			<tank id="14"/>
			<tank id="6"/>
			<tank id="40"/>
		</neighbours>
	</tank>
	<tank id="24" capa="594">
		<impossiblecargos>
			<cargo id="1"/>
			<cargo id="3"/>
			<cargo id="4"/>
			<cargo id="6"/>
			<cargo id="7"/>
			<cargo id="9"/>
			<cargo id="10"/>
			<cargo id="11"/>
			<cargo id="12"/>
			<cargo id="13"/>
			<cargo id="18"/>
			<cargo id="19"/>
			<cargo id="20"/>
			<cargo id="21"/>
			<cargo id="22"/>
			<cargo id="24"/>
			<cargo id="25"/>
			<cargo id="27"/>
			<cargo id="28"/>
			<cargo id="30"/>
		</impossiblecargos>
		<neighbours>
			<tank id="12"/>
			<tank id="8"/>
			<tank id="13"/>
			<tank id="3"/>
			<tank id="33"/>
			<tank id="30"/>
			<tank id="25"/>
			<tank id="26"/>
			<tank id="16"/>
			<tank id="2"/>
		</neighbours>
	</tank>
	<tank id="25" capa="842">
		<impossiblecargos>
			<cargo id="1"/>
			<cargo id="2"/>
			<cargo id="3"/>
			<cargo id="5"/>
			<cargo id="9"/>
			<cargo id="10"/>
			<cargo id="11"/>
			<cargo id="12"/>
			<cargo id="13"/>
			<cargo id="14"/>
			<cargo id="16"/>
			<cargo id="17"/>
			<cargo id="19"/>
			<cargo id="20"/>
			<cargo id="21"/>
			<cargo id="23"/>
			<cargo id="25"/>
			<cargo id="28"/>
			<cargo id="29"/>
		</impossiblecargos>
		<neighbours>
			<tank id="4"/>
			<tank id="35"/>
			<tank id="31"/>
			<tank id="36"/>
			<tank id="32"/>
			<tank id="24"/>
		</neighbours>
	</tank>
	<tank id="26" capa="456">
		<impossiblecargos>
			<cargo id="1"/>
			<cargo id="2"/>
			<cargo id="3"/>
			<cargo id="4"/>
			<cargo id="5"/>
			<cargo id="6"/>
			<cargo id="9"/>
			<cargo id="10"/>
			<cargo id="12"/>
			<cargo id="18"/>
			<cargo id="19"/>
			<cargo id="20"/>
			<cargo id="21"/>
			<cargo id="22"/>
			<cargo id="24"/>
			<cargo id="25"/>
			<cargo id="26"/>
			<cargo id="28"/>
			<cargo id="30"/>
		</impossiblecargos>
		<neighbours>
			<tank id="14"/>
			<tank id="7"/>
			<tank id="20"/>
			<tank id="16"/>
			<tank id="35"/>
			<tank id="24"/>
			<tank id="21"/>
			<tank id="31"/>
		</neighbours>
	</tank>
	<tank id="27" capa="331">
		<impossiblecargos>
			<cargo id="1"/>
			<cargo id="3"/>
			<cargo id="4"/>
			<cargo id="5"/>
			<cargo id="6"/>
			<cargo id="7"/>
			<cargo id="8"/>
			<cargo id="9"/>
			<cargo id="13"/>
			<cargo id="14"/>
			<cargo id="15"/>
			<cargo id="16"/>
			<cargo id="17"/>
			<cargo id="18"/>
			<cargo id="19"/>
			<cargo id="20"/>
			<cargo id="21"/>
			<cargo id="25"/>
			<cargo id="26"/>
			<cargo id="27"/>
			<cargo id="29"/>
			<cargo id="30"/>
		</impossiblecargos>
		<neighbours>
			<tank id="22"/>
			<tank id="1"/>
			<tank id="29"/>
			<tank id="8"/>
			<tank id="23"/>
			<tank id="19"/>
			<tank id="2"/>
			<tank id="21"/>
			<tank id="16"/>
			<tank id="31"/>
			<tank id="18"/>
			<tank id="17"/>
			<tank id="3"/>
			<tank id="11"/>
		</neighbours>
	</tank>
	<tank id="28" capa="638">
		<impossiblecargos>
			<cargo id="3"/>
			<cargo id="4"/>
			<cargo id="5"/>
			<cargo id="7"/>
			<cargo id="9"/>
			<cargo id="11"/>
			<cargo id="12"/>
			<cargo id="13"/>
			<cargo id="14"/>
			<cargo id="16"/>
			<cargo id="20"/>
			<cargo id="21"/>
			<cargo id="22"/>
			<cargo id="24"/>
			<cargo id="25"/>
			<cargo id="29"/>
			<cargo id="30"/>
		</impossiblecargos>
		<neighbours>
			<tank id="36"/>
			<tank id="6"/>
			<tank id="2"/>
			<tank id="12"/>
			<tank id="3"/>
			<tank id="17"/>
		</neighbours>
	</tank>
	<tank id="29" capa="611">
		<impossiblecargos>
			<cargo id="1"/>
			<cargo id="2"/>
			<cargo id="3"/>
			<cargo id="4"/>
			<cargo id="5"/>
			<cargo id="6"/>
			<cargo id="7"/>
			<cargo id="12"/>
			<cargo id="13"/>
			<cargo id="14"/>
			<cargo id="15"/>
			<cargo id="17"/>
			<cargo id="18"/>
			<cargo id="19"/>
			<cargo id="20"/>
			<cargo id="21"/>
			<cargo id="22"/>
			<cargo id="23"/>
			<cargo id="25"/>
			<cargo id="26"/>
			<cargo id="27"/>
			<cargo id="28"/>
			<cargo id="29"/>
			<cargo id="30"/>
		</impossiblecargos>
		<neighbours>
			<tank id="1"/>
			<tank id="21"/>
			<tank id="27"/>
			<tank id="35"/>
			<tank id="36"/>
			<tank id="5"/>
			<tank id="16"/>
			<tank id="22"/>
			<tank id="3"/>
			<tank id="19"/>
			<tank id="14"/>
			<tank id="20"/>
		</neighbours>
	</tank>
	<tank id="30" capa="753">
		<impossiblecargos>
			<cargo id="2"/>
			<cargo id="4"/>
			<cargo id="5"/>
			<cargo id="6"/>
			<cargo id="7"/>
			<cargo id="8"/>
			<cargo id="9"/>
			<cargo id="12"/>
			<cargo id="13"/>
			<cargo id="15"/>
			<cargo id="17"/>
			<cargo id="18"/>
			<cargo id="19"/>
			<cargo id="20"/>
			<cargo id="21"/>
			<cargo id="22"/>
			<cargo id="23"/>
			<cargo id="25"/>
			<cargo id="26"/>
			<cargo id="27"/>
		</impossiblecargos>
		<neighbours>
			<tank id="2"/>
			<tank id="34"/>
			<tank id="35"/>
			<tank id="11"/>
			<tank id="32"/>
			<tank id="10"/>
			<tank id="16"/>
			<tank id="14"/>
			<tank id="24"/>
			<tank id="15"/>
			<tank id="4"/>
			<tank id="23"/>
			<tank id="39"/>
			<tank id="17"/>
		</neighbours>
	</tank>
	<tank id="31" capa="576">
		<impossiblecargos>
			<cargo id="1"/>
			<cargo id="3"/>
			<cargo id="5"/>
			<cargo id="7"/>
			<cargo id="8"/>
			<cargo id="10"/>
			<cargo id="11"/>
			<cargo id="13"/>
			<cargo id="14"/>
			<cargo id="16"/>
			<cargo id="17"/>
			<cargo id="19"/>
			<cargo id="20"/>
			<cargo id="21"/>
			<cargo id="22"/>
			<cargo id="23"/>
			<cargo id="24"/>
			<cargo id="25"/>
			<cargo id="27"/>
			<cargo id="28"/>
			<cargo id="30"/>
		</impossiblecargos>
		<neighbours>
			<tank id="25"/>
			<tank id="20"/>
			<tank id="21"/>
			<tank id="39"/>
			<tank id="27"/>
			<tank id="12"/>
			<tank id="26"/>
		</neighbours>
	</tank>
	<tank id="32" capa="351">
		<impossiblecargos>
			<cargo id="1"/>
			<cargo id="2"/>
			<cargo id="3"/>
			<cargo id="4"/>
			<cargo id="6"/>
			<cargo id="7"/>
			<cargo id="9"/>
			<cargo id="10"/>
			<cargo id="12"/>
			<cargo id="13"/>
			<cargo id="14"/>
			<cargo id="15"/>
			<cargo id="16"/>
			<cargo id="18"/>
			<cargo id="19"/>
			<cargo id="20"/>
			<cargo id="21"/>
			<cargo id="22"/>
			<cargo id="23"/>
			<cargo id="24"/>
			<cargo id="25"/>
			<cargo id="27"/>
			<cargo id="28"/>
			<cargo id="29"/>
			<cargo id="30"/>
		</impossiblecargos>
		<neighbours>
			<tank id="30"/>
			<tank id="21"/>
			<tank id="22"/>
			<tank id="39"/>
			<tank id="14"/>
			<tank id="12"/>
			<tank id="4"/>
			<tank id="25"/>
			<tank id="19"/>
		</neighbours>
	</tank>
	<tank id="33" capa="388">
		<impossiblecargos>
			<cargo id="1"/>
			<cargo id="2"/>
			<cargo id="3"/>
			<cargo id="5"/>
			<cargo id="6"/>
			<cargo id="7"/>
			<cargo id="10"/>
			<cargo id="11"/>
			<cargo id="12"/>
			<cargo id="13"/>
			<cargo id="15"/>
			<cargo id="16"/>
			<cargo id="17"/>
			<cargo id="19"/>
			<cargo id="20"/>
			<cargo id="23"/>
			<cargo id="24"/>
			<cargo id="25"/>
			<cargo id="28"/>
		</impossiblecargos>
		<neighbours>
			<tank id="22"/>
			<tank id="9"/>
			<tank id="14"/>
			<tank id="8"/>
			<tank id="24"/>
			<tank id="4"/>
			<tank id="18"/>
			<tank id="1"/>
		</neighbours>
	</tank>
	<tank id="34" capa="932">
		<impossiblecargos>
			<cargo id="1"/>
			<cargo id="2"/>
			<cargo id="3"/>
			<cargo id="5"/>
			<cargo id="6"/>
			<cargo id="7"/>
			<cargo id="8"/>
			<cargo id="9"/>
			<cargo id="11"/>
			<cargo id="12"/>
			<cargo id="13"/>
			<cargo id="15"/>
			<cargo id="16"/>
			<cargo id="17"/>
			<cargo id="18"/>
			<cargo id="20"/>
			<cargo id="24"/>
			<cargo id="26"/>
			<cargo id="27"/>
			<cargo id="28"/>
			<cargo id="29"/>
		</impossiblecargos>
		<neighbours>
			<tank id="15"/>
			<tank id="30"/>
			<tank id="9"/>
			<tank id="12"/>
			<tank id="16"/>
			<tank id="20"/>
			<tank id="22"/>
			<tank id="3"/>
			<tank id="4"/>
			<tank id="23"/>
			<tank id="40"/>
		</neighbours>
	</tank>
	<tank id="35" capa="733">
		<impossiblecargos>
			<cargo id="1"/>
			<cargo id="3"/>
			<cargo id="5"/>
			<cargo id="6"/>
			<cargo id="7"/>
			<cargo id="8"/>
			<cargo id="9"/>
			<cargo id="10"/>
			<cargo id="11"/>
			<cargo id="13"/>
			<cargo id="14"/>
			<cargo id="15"/>
			<cargo id="16"/>
			<cargo id="17"/>
			<cargo id="18"/>
			<cargo id="19"/>
			<cargo id="21"/>
			<cargo id="24"/>
			<cargo id="26"/>
			<cargo id="27"/>
			<cargo id="28"/>
			<cargo id="30"/>
		</impossiblecargos>
		<neighbours>
			<tank id="25"/>
			<tank id="29"/>
			<tank id="30"/>
			<tank id="14"/>
			<tank id="20"/>
			<tank id="10"/>
			<tank id="4"/>
			<tank id="26"/>
			<tank id="2"/>
			<tank id="40"/>
			<tank id="15"/>
			<tank id="16"/>
			<tank id="6"/>
		</neighbours>
	</tank>
	<tank id="36" capa="372">
		<impossiblecargos>
			<cargo id="1"/>
			<cargo id="2"/>
			<cargo id="4"/>
			<cargo id="8"/>
			<cargo id="9"/>
			<cargo id="10"/>
			<cargo id="12"/>
			<cargo id="14"/>
			<cargo id="15"/>
			<cargo id="16"/>
			<cargo id="17"/>
			<cargo id="18"/>
			<cargo id="19"/>
			<cargo id="20"/>
			<cargo id="21"/>
			<cargo id="22"/>
			<cargo id="23"/>
			<cargo id="24"/>
			<cargo id="25"/>
			<cargo id="26"/>
			<cargo id="29"/>
			<cargo id="30"/>
		</impossiblecargos>
		<neighbours>
			<tank id="19"/>
			<tank id="28"/>
			<tank id="15"/>
			<tank id="3"/>
			<tank id="29"/>
			<tank id="39"/>
			<tank id="25"/>
		</neighbours>
	</tank>
	<tank id="37" capa="704">
		<impossiblecargos>
			<cargo id="2"/>
			<cargo id="3"/>
			<cargo id="5"/>
			<cargo id="7"/>
			<cargo id="8"/>
			<cargo id="9"/>
			<cargo id="10"/>
			<cargo id="11"/>
			<cargo id="12"/>
			<cargo id="13"/>
			<cargo id="14"/>
			<cargo id="15"/>
			<cargo id="17"/>
			<cargo id="18"/>
			<cargo id="20"/>
			<cargo id="21"/>
			<cargo id="23"/>
			<cargo id="25"/>
			<cargo id="26"/>
			<cargo id="27"/>
			<cargo id="28"/>
			<cargo id="29"/>
			<cargo id="30"/>
		</impossiblecargos>
		<neighbours>
			<tank id="2"/>
			<tank id="7"/>
			<tank id="19"/>
			<tank id="38"/>
			<tank id="20"/>
			<tank id="17"/>
			<tank id="6"/>
			<tank id="13"/>
		</neighbours>
	</tank>
	<tank id="38" capa="232">
		<impossiblecargos>
			<cargo id="3"/>
			<cargo id="4"/>
			<cargo id="5"/>
			<cargo id="6"/>
			<cargo id="7"/>
			<cargo id="8"/>
			<cargo id="9"/>
			<cargo id="10"/>
			<cargo id="11"/>
			<cargo id="12"/>
			<cargo id="14"/>
			<cargo id="15"/>
			<cargo id="18"/>
			<cargo id="20"/>
			<cargo id="21"/>
			<cargo id="27"/>
			<cargo id="28"/>
			<cargo id="30"/>
		</impossiblecargos>
		<neighbours>
			<tank id="17"/>
			<tank id="39"/>
			<tank id="40"/>
			<tank id="37"/>
			<tank id="21"/>
		</neighbours>
	</tank>
	<tank id="39" capa="678">
		<impossiblecargos>
			<cargo id="1"/>
			<cargo id="2"/>
			<cargo id="3"/>
			<cargo id="5"/>
			<cargo id="6"/>
			<cargo id="9"/>
			<cargo id="10"/>
			<cargo id="11"/>
			<cargo id="13"/>
			<cargo id="15"/>
			<cargo id="16"/>
			<cargo id="18"/>
			<cargo id="19"/>
			<cargo id="20"/>
			<cargo id="21"/>
			<cargo id="22"/>
			<cargo id="23"/>
			<cargo id="24"/>
			<cargo id="25"/>
			<cargo id="26"/>
			<cargo id="27"/>
			<cargo id="28"/>
			<cargo id="29"/>
			<cargo id="30"/>
		</impossiblecargos>
		<neighbours>
			<tank id="19"/>
			<tank id="38"/>
			<tank id="32"/>
			<tank id="36"/>
			<tank id="7"/>
			<tank id="16"/>
			<tank id="11"/>
			<tank id="31"/>
			<tank id="23"/>
			<tank id="12"/>
			<tank id="22"/>
			<tank id="30"/>
		</neighbours>
	</tank>
	<tank id="40" capa="485">
		<impossiblecargos>
			<cargo id="2"/>
			<cargo id="3"/>
			<cargo id="6"/>
			<cargo id="7"/>
			<cargo id="8"/>
			<cargo id="9"/>
			<cargo id="10"/>
			<cargo id="11"/>
			<cargo id="12"/>
			<cargo id="16"/>
			<cargo id="17"/>
			<cargo id="19"/>
			<cargo id="21"/>
			<cargo id="22"/>
			<cargo id="23"/>
			<cargo id="24"/>
			<cargo id="25"/>
			<cargo id="27"/>
			<cargo id="28"/>
			<cargo id="29"/>
			<cargo id="30"/>
		</impossiblecargos>
		<neighbours>
			<tank id="14"/>
			<tank id="20"/>
			<tank id="38"/>
			<tank id="35"/>
			<tank id="34"/>
			<tank id="23"/>
		</neighbours>
	</tank>
</tanks>
</problem>
