<?xml version="1.0" encoding="UTF-8"?>
<!--
This is a random problem, generated with these parameters:
nCargo = 15
nTanks = 35
nEmptyTanks = 1
tankMinSize = 200
tankMaxSize = 300
tankFillRatioMin = 0.5
tankFillRatioMax = 1.0
connectivityRatio = 0.5
impossibleCargoRatio = 0.25
notNeighbouringRatio = 0.75
-->
<problem>
<cargos nb="15">
	<cargo id="1" name="c1" volume="0"/>
	<cargo id="2" name="c2" volume="1039"/>
	<cargo id="3" name="c3" volume="198"/>
	<cargo id="4" name="c4" volume="935"/>
	<cargo id="5" name="c5" volume="683"/>
	<cargo id="6" name="c6" volume="347"/>
	<cargo id="7" name="c7" volume="186"/>
	<cargo id="8" name="c8" volume="664"/>
	<cargo id="9" name="c9" volume="363"/>
	<cargo id="10" name="c10" volume="234"/>
	<cargo id="11" name="c11" volume="251"/>
	<cargo id="12" name="c12" volume="428"/>
	<cargo id="13" name="c13" volume="594"/>
	<cargo id="14" name="c14" volume="432"/>
	<cargo id="15" name="c15" volume="189"/>
</cargos>
<incompatibles>
	<incompatible cargo1="1"  cargo2="2"/>
	<incompatible cargo1="1"  cargo2="3"/>
	<incompatible cargo1="1"  cargo2="4"/>
	<incompatible cargo1="1"  cargo2="5"/>
	<incompatible cargo1="1"  cargo2="7"/>
	<incompatible cargo1="1"  cargo2="9"/>
	<incompatible cargo1="1"  cargo2="10"/>
	<incompatible cargo1="1"  cargo2="12"/>
	<incompatible cargo1="1"  cargo2="14"/>
	<incompatible cargo1="3"  cargo2="13"/>
	<incompatible cargo1="3"  cargo2="15"/>
	<incompatible cargo1="6"  cargo2="15"/>
	<incompatible cargo1="7"  cargo2="10"/>
	<incompatible cargo1="7"  cargo2="14"/>
	<incompatible cargo1="10"  cargo2="14"/>
	<incompatible cargo1="12"  cargo2="15"/>
</incompatibles>
<tanks nb="35">
	<tank id="1" capa="261">
		<impossiblecargos>
			<cargo id="1"/>
			<cargo id="3"/>
			<cargo id="8"/>
			<cargo id="14"/>
			<cargo id="15"/>
		</impossiblecargos>
		<neighbours>
			<tank id="32"/>
			<tank id="3"/>
			<tank id="12"/>
			<tank id="27"/>
			<tank id="17"/>
			<tank id="5"/>
			<tank id="19"/>
			<tank id="28"/>
			<tank id="22"/>
			<tank id="18"/>
			<tank id="25"/>
			<tank id="2"/>
			<tank id="20"/>
			<tank id="13"/>
			<tank id="24"/>
			<tank id="29"/>
			<tank id="4"/>
			<tank id="9"/>
			<tank id="34"/>
			<tank id="21"/>
		</neighbours>
	</tank>
	<tank id="2" capa="224">
		<impossiblecargos>
			<cargo id="3"/>
			<cargo id="4"/>
			<cargo id="6"/>
			<cargo id="15"/>
		</impossiblecargos>
		<neighbours>
			<tank id="20"/>
			<tank id="8"/>
			<tank id="13"/>
			<tank id="17"/>
			<tank id="7"/>
			<tank id="34"/>
			<tank id="11"/>
			<tank id="1"/>
			<tank id="6"/>
			<tank id="21"/>
			<tank id="5"/>
			<tank id="19"/>
			<tank id="32"/>
			<tank id="9"/>
			<tank id="24"/>
			<tank id="18"/>
			<tank id="31"/>
			<tank id="16"/>
		</neighbours>
	</tank>
	<tank id="3" capa="298">
		<impossiblecargos>
			<cargo id="5"/>
			<cargo id="10"/>
			<cargo id="13"/>
		</impossiblecargos>
		<neighbours>
			<tank id="35"/>
			<tank id="18"/>
			<tank id="22"/>
			<tank id="4"/>
			<tank id="1"/>
			<tank id="13"/>
			<tank id="10"/>
			<tank id="24"/>
			<tank id="23"/>
			<tank id="33"/>
			<tank id="6"/>
			<tank id="31"/>
			<tank id="25"/>
			<tank id="11"/>
		</neighbours>
	</tank>
	<tank id="4" capa="230">
		<impossiblecargos>
			<cargo id="1"/>
			<cargo id="2"/>
			<cargo id="3"/>
			<cargo id="5"/>
			<cargo id="6"/>
			<cargo id="10"/>
			<cargo id="11"/>
			<cargo id="12"/>
			<cargo id="14"/>
		</impossiblecargos>
		<neighbours>
			<tank id="28"/>
			<tank id="21"/>
			<tank id="3"/>
			<tank id="13"/>
			<tank id="14"/>
			<tank id="18"/>
			<tank id="29"/>
			<tank id="20"/>
			<tank id="19"/>
			<tank id="5"/>
			<tank id="35"/>
			<tank id="31"/>
			<tank id="25"/>
			<tank id="27"/>
			<tank id="30"/>
			<tank id="1"/>
			<tank id="24"/>
			<tank id="8"/>
		</neighbours>
	</tank>
	<tank id="5" capa="294">
		<impossiblecargos>
			<cargo id="5"/>
			<cargo id="9"/>
			<cargo id="13"/>
			<cargo id="15"/>
		</impossiblecargos>
		<neighbours>
			<tank id="16"/>
			<tank id="7"/>
			<tank id="35"/>
			<tank id="14"/>
			<tank id="29"/>
			<tank id="1"/>
			<tank id="9"/>
			<tank id="10"/>
			<tank id="17"/>
			<tank id="4"/>
			<tank id="20"/>
			<tank id="28"/>
			<tank id="2"/>
			<tank id="15"/>
			<tank id="24"/>
			<tank id="26"/>
			<tank id="11"/>
			<tank id="32"/>
		</neighbours>
	</tank>
	<tank id="6" capa="254">
		<impossiblecargos>
			<cargo id="3"/>
			<cargo id="5"/>
			<cargo id="9"/>
			<cargo id="11"/>
		</impossiblecargos>
		<neighbours>
			<tank id="13"/>
			<tank id="9"/>
			<tank id="33"/>
			<tank id="34"/>
			<tank id="24"/>
			<tank id="16"/>
			<tank id="11"/>
			<tank id="32"/>
			<tank id="30"/>
			<tank id="2"/>
			<tank id="7"/>
			<tank id="23"/>
			<tank id="19"/>
			<tank id="3"/>
			<tank id="18"/>
			<tank id="35"/>
			<tank id="25"/>
			<tank id="20"/>
			<tank id="26"/>
			<tank id="27"/>
		</neighbours>
	</tank>
	<tank id="7" capa="223">
		<impossiblecargos>
			<cargo id="6"/>
			<cargo id="9"/>
			<cargo id="11"/>
			<cargo id="13"/>
		</impossiblecargos>
		<neighbours>
			<tank id="21"/>
			<tank id="23"/>
			<tank id="33"/>
			<tank id="26"/>
			<tank id="25"/>
			<tank id="2"/>
			<tank id="5"/>
			<tank id="24"/>
			<tank id="6"/>
			<tank id="30"/>
			<tank id="14"/>
			<tank id="32"/>
			<tank id="13"/>
			<tank id="34"/>
			<tank id="31"/>
			<tank id="10"/>
			<tank id="22"/>
		</neighbours>
	</tank>
	<tank id="8" capa="264">
		<impossiblecargos>
			<cargo id="1"/>
			<cargo id="3"/>
			<cargo id="5"/>
			<cargo id="9"/>
			<cargo id="14"/>
			<cargo id="15"/>
		</impossiblecargos>
		<neighbours>
			<tank id="2"/>
			<tank id="28"/>
			<tank id="11"/>
			<tank id="21"/>
			<tank id="29"/>
			<tank id="30"/>
			<tank id="22"/>
			<tank id="23"/>
			<tank id="25"/>
			<tank id="10"/>
			<tank id="4"/>
			<tank id="35"/>
		</neighbours>
	</tank>
	<tank id="9" capa="251">
		<impossiblecargos>
			<cargo id="1"/>
			<cargo id="11"/>
			<cargo id="15"/>
		</impossiblecargos>
		<neighbours>
			<tank id="30"/>
			<tank id="6"/>
			<tank id="17"/>
			<tank id="16"/>
			<tank id="14"/>
			<tank id="15"/>
			<tank id="5"/>
			<tank id="29"/>
			<tank id="21"/>
			<tank id="18"/>
			<tank id="23"/>
			<tank id="26"/>
			<tank id="32"/>
			<tank id="2"/>
			<tank id="28"/>
			<tank id="1"/>
			<tank id="10"/>
		</neighbours>
	</tank>
	<tank id="10" capa="275">
		<impossiblecargos>
			<cargo id="8"/>
			<cargo id="15"/>
		</impossiblecargos>
		<neighbours>
			<tank id="16"/>
			<tank id="25"/>
			<tank id="29"/>
			<tank id="18"/>
			<tank id="27"/>
			<tank id="28"/>
			<tank id="22"/>
			<tank id="20"/>
			<tank id="26"/>
			<tank id="5"/>
			<tank id="3"/>
			<tank id="35"/>
			<tank id="21"/>
			<tank id="15"/>
			<tank id="7"/>
			<tank id="17"/>
			<tank id="8"/>
			<tank id="9"/>
		</neighbours>
	</tank>
	<tank id="11" capa="286">
		<impossiblecargos>
			<cargo id="3"/>
			<cargo id="5"/>
			<cargo id="6"/>
		</impossiblecargos>
		<neighbours>
			<tank id="8"/>
			<tank id="24"/>
			<tank id="6"/>
			<tank id="18"/>
			<tank id="22"/>
			<tank id="2"/>
			<tank id="27"/>
			<tank id="32"/>
			<tank id="13"/>
			<tank id="23"/>
			<tank id="35"/>
			<tank id="5"/>
			<tank id="29"/>
			<tank id="25"/>
			<tank id="20"/>
			<tank id="3"/>
			<tank id="14"/>
			<tank id="26"/>
		</neighbours>
	</tank>
	<tank id="12" capa="226">
		<impossiblecargos>
			<cargo id="4"/>
			<cargo id="11"/>
		</impossiblecargos>
		<neighbours>
			<tank id="24"/>
			<tank id="19"/>
			<tank id="1"/>
			<tank id="16"/>
			<tank id="22"/>
			<tank id="27"/>
			<tank id="34"/>
			<tank id="30"/>
			<tank id="17"/>
			<tank id="18"/>
			<tank id="35"/>
		</neighbours>
	</tank>
	<tank id="13" capa="261">
		<impossiblecargos>
			<cargo id="1"/>
			<cargo id="4"/>
			<cargo id="6"/>
			<cargo id="11"/>
			<cargo id="12"/>
		</impossiblecargos>
		<neighbours>
			<tank id="2"/>
			<tank id="6"/>
			<tank id="17"/>
			<tank id="4"/>
			<tank id="25"/>
			<tank id="3"/>
			<tank id="23"/>
			<tank id="19"/>
			<tank id="28"/>
			<tank id="22"/>
			<tank id="7"/>
			<tank id="1"/>
			<tank id="11"/>
			<tank id="35"/>
			<tank id="20"/>
			<tank id="24"/>
			<tank id="18"/>
			<tank id="31"/>
		</neighbours>
	</tank>
	<tank id="14" capa="298">
		<impossiblecargos>
			<cargo id="1"/>
			<cargo id="6"/>
			<cargo id="8"/>
			<cargo id="9"/>
			<cargo id="11"/>
			<cargo id="15"/>
		</impossiblecargos>
		<neighbours>
			<tank id="16"/>
			<tank id="35"/>
			<tank id="22"/>
			<tank id="34"/>
			<tank id="9"/>
			<tank id="29"/>
			<tank id="5"/>
			<tank id="4"/>
			<tank id="33"/>
			<tank id="26"/>
			<tank id="19"/>
			<tank id="7"/>
			<tank id="24"/>
			<tank id="25"/>
			<tank id="32"/>
			<tank id="11"/>
			<tank id="28"/>
		</neighbours>
	</tank>
	<tank id="15" capa="224">
		<impossiblecargos>
			<cargo id="2"/>
			<cargo id="5"/>
			<cargo id="6"/>
			<cargo id="7"/>
			<cargo id="8"/>
			<cargo id="13"/>
		</impossiblecargos>
		<neighbours>
			<tank id="22"/>
			<tank id="35"/>
			<tank id="9"/>
			<tank id="10"/>
			<tank id="34"/>
			<tank id="30"/>
			<tank id="5"/>
			<tank id="27"/>
			<tank id="16"/>
			<tank id="24"/>
		</neighbours>
	</tank>
	<tank id="16" capa="271">
		<impossiblecargos>
			<cargo id="7"/>
			<cargo id="12"/>
			<cargo id="13"/>
			<cargo id="14"/>
		</impossiblecargos>
		<neighbours>
			<tank id="10"/>
			<tank id="20"/>
			<tank id="5"/>
			<tank id="14"/>
			<tank id="33"/>
			<tank id="9"/>
			<tank id="6"/>
			<tank id="12"/>
			<tank id="18"/>
			<tank id="25"/>
			<tank id="23"/>
			<tank id="15"/>
			<tank id="27"/>
			<tank id="24"/>
			<tank id="2"/>
			<tank id="21"/>
		</neighbours>
	</tank>
	<tank id="17" capa="229">
		<impossiblecargos>
			<cargo id="1"/>
			<cargo id="5"/>
		</impossiblecargos>
		<neighbours>
			<tank id="2"/>
			<tank id="9"/>
			<tank id="13"/>
			<tank id="19"/>
			<tank id="1"/>
			<tank id="5"/>
			<tank id="29"/>
			<tank id="25"/>
			<tank id="12"/>
			<tank id="10"/>
			<tank id="27"/>
			<tank id="18"/>
			<tank id="28"/>
			<tank id="20"/>
		</neighbours>
	</tank>
	<tank id="18" capa="229">
		<impossiblecargos>
			<cargo id="2"/>
			<cargo id="8"/>
			<cargo id="13"/>
		</impossiblecargos>
		<neighbours>
			<tank id="10"/>
			<tank id="3"/>
			<tank id="11"/>
			<tank id="26"/>
			<tank id="4"/>
			<tank id="1"/>
			<tank id="16"/>
			<tank id="9"/>
			<tank id="21"/>
			<tank id="31"/>
			<tank id="24"/>
			<tank id="25"/>
			<tank id="6"/>
			<tank id="32"/>
			<tank id="12"/>
			<tank id="23"/>
			<tank id="17"/>
			<tank id="2"/>
			<tank id="20"/>
			<tank id="13"/>
		</neighbours>
	</tank>
	<tank id="19" capa="297">
		<impossiblecargos>
			<cargo id="1"/>
			<cargo id="10"/>
			<cargo id="12"/>
			<cargo id="13"/>
		</impossiblecargos>
		<neighbours>
			<tank id="30"/>
			<tank id="22"/>
			<tank id="29"/>
			<tank id="23"/>
			<tank id="35"/>
			<tank id="12"/>
			<tank id="21"/>
			<tank id="17"/>
			<tank id="13"/>
			<tank id="24"/>
			<tank id="1"/>
			<tank id="14"/>
			<tank id="4"/>
			<tank id="6"/>
			<tank id="2"/>
			<tank id="34"/>
			<tank id="26"/>
		</neighbours>
	</tank>
	<tank id="20" capa="278">
		<impossiblecargos>
			<cargo id="13"/>
			<cargo id="15"/>
		</impossiblecargos>
		<neighbours>
			<tank id="16"/>
			<tank id="2"/>
			<tank id="10"/>
			<tank id="23"/>
			<tank id="4"/>
			<tank id="33"/>
			<tank id="5"/>
			<tank id="1"/>
			<tank id="32"/>
			<tank id="22"/>
			<tank id="6"/>
			<tank id="28"/>
			<tank id="13"/>
			<tank id="29"/>
			<tank id="18"/>
			<tank id="11"/>
			<tank id="17"/>
			<tank id="27"/>
		</neighbours>
	</tank>
	<tank id="21" capa="280">
		<impossiblecargos>
			<cargo id="4"/>
			<cargo id="5"/>
			<cargo id="8"/>
			<cargo id="9"/>
			<cargo id="12"/>
		</impossiblecargos>
		<neighbours>
			<tank id="7"/>
			<tank id="4"/>
			<tank id="32"/>
			<tank id="19"/>
			<tank id="8"/>
			<tank id="23"/>
			<tank id="35"/>
			<tank id="9"/>
			<tank id="2"/>
			<tank id="18"/>
			<tank id="10"/>
			<tank id="26"/>
			<tank id="24"/>
			<tank id="25"/>
			<tank id="22"/>
			<tank id="1"/>
			<tank id="16"/>
		</neighbours>
	</tank>
	<tank id="22" capa="229">
		<impossiblecargos>
			<cargo id="5"/>
			<cargo id="13"/>
		</impossiblecargos>
		<neighbours>
			<tank id="35"/>
			<tank id="19"/>
			<tank id="15"/>
			<tank id="14"/>
			<tank id="30"/>
			<tank id="3"/>
			<tank id="25"/>
			<tank id="10"/>
			<tank id="11"/>
			<tank id="1"/>
			<tank id="26"/>
			<tank id="12"/>
			<tank id="13"/>
			<tank id="20"/>
			<tank id="7"/>
			<tank id="8"/>
			<tank id="27"/>
			<tank id="33"/>
			<tank id="21"/>
			<tank id="32"/>
			<tank id="29"/>
			<tank id="34"/>
		</neighbours>
	</tank>
	<tank id="23" capa="255">
		<impossiblecargos>
			<cargo id="5"/>
			<cargo id="7"/>
			<cargo id="9"/>
			<cargo id="11"/>
			<cargo id="15"/>
		</impossiblecargos>
		<neighbours>
			<tank id="7"/>
			<tank id="24"/>
			<tank id="19"/>
			<tank id="32"/>
			<tank id="13"/>
			<tank id="20"/>
			<tank id="21"/>
			<tank id="6"/>
			<tank id="3"/>
			<tank id="9"/>
			<tank id="16"/>
			<tank id="11"/>
			<tank id="18"/>
			<tank id="8"/>
			<tank id="34"/>
			<tank id="25"/>
		</neighbours>
	</tank>
	<tank id="24" capa="238">
		<impossiblecargos>
			<cargo id="7"/>
			<cargo id="8"/>
		</impossiblecargos>
		<neighbours>
			<tank id="12"/>
			<tank id="32"/>
			<tank id="23"/>
			<tank id="30"/>
			<tank id="28"/>
			<tank id="11"/>
			<tank id="6"/>
			<tank id="19"/>
			<tank id="3"/>
			<tank id="7"/>
			<tank id="31"/>
			<tank id="21"/>
			<tank id="18"/>
			<tank id="14"/>
			<tank id="33"/>
			<tank id="1"/>
			<tank id="5"/>
			<tank id="13"/>
			<tank id="16"/>
			<tank id="2"/>
			<tank id="15"/>
			<tank id="4"/>
		</neighbours>
	</tank>
	<tank id="25" capa="234">
		<impossiblecargos>
			<cargo id="1"/>
			<cargo id="3"/>
			<cargo id="8"/>
			<cargo id="15"/>
		</impossiblecargos>
		<neighbours>
			<tank id="26"/>
			<tank id="10"/>
			<tank id="29"/>
			<tank id="22"/>
			<tank id="7"/>
			<tank id="32"/>
			<tank id="34"/>
			<tank id="13"/>
			<tank id="1"/>
			<tank id="17"/>
			<tank id="4"/>
			<tank id="18"/>
			<tank id="16"/>
			<tank id="6"/>
			<tank id="21"/>
			<tank id="14"/>
			<tank id="8"/>
			<tank id="3"/>
			<tank id="28"/>
			<tank id="11"/>
			<tank id="23"/>
		</neighbours>
	</tank>
	<tank id="26" capa="264">
		<impossiblecargos>
			<cargo id="3"/>
			<cargo id="7"/>
			<cargo id="9"/>
			<cargo id="10"/>
			<cargo id="12"/>
		</impossiblecargos>
		<neighbours>
			<tank id="25"/>
			<tank id="34"/>
			<tank id="33"/>
			<tank id="7"/>
			<tank id="10"/>
			<tank id="18"/>
			<tank id="14"/>
			<tank id="32"/>
			<tank id="22"/>
			<tank id="21"/>
			<tank id="9"/>
			<tank id="31"/>
			<tank id="28"/>
			<tank id="6"/>
			<tank id="27"/>
			<tank id="5"/>
			<tank id="11"/>
			<tank id="19"/>
		</neighbours>
	</tank>
	<tank id="27" capa="272">
		<impossiblecargos>
			<cargo id="1"/>
			<cargo id="8"/>
		</impossiblecargos>
		<neighbours>
			<tank id="10"/>
			<tank id="35"/>
			<tank id="30"/>
			<tank id="1"/>
			<tank id="29"/>
			<tank id="11"/>
			<tank id="12"/>
			<tank id="15"/>
			<tank id="4"/>
			<tank id="16"/>
			<tank id="22"/>
			<tank id="17"/>
			<tank id="6"/>
			<tank id="26"/>
			<tank id="32"/>
			<tank id="34"/>
			<tank id="31"/>
			<tank id="20"/>
		</neighbours>
	</tank>
	<tank id="28" capa="291">
		<impossiblecargos>
			<cargo id="4"/>
			<cargo id="7"/>
			<cargo id="8"/>
			<cargo id="12"/>
			<cargo id="15"/>
		</impossiblecargos>
		<neighbours>
			<tank id="4"/>
			<tank id="8"/>
			<tank id="10"/>
			<tank id="24"/>
			<tank id="33"/>
			<tank id="1"/>
			<tank id="32"/>
			<tank id="13"/>
			<tank id="5"/>
			<tank id="20"/>
			<tank id="26"/>
			<tank id="9"/>
			<tank id="35"/>
			<tank id="25"/>
			<tank id="17"/>
			<tank id="14"/>
		</neighbours>
	</tank>
	<tank id="29" capa="259">
		<impossiblecargos>
			<cargo id="1"/>
			<cargo id="4"/>
			<cargo id="10"/>
			<cargo id="12"/>
		</impossiblecargos>
		<neighbours>
			<tank id="31"/>
			<tank id="10"/>
			<tank id="25"/>
			<tank id="19"/>
			<tank id="14"/>
			<tank id="5"/>
			<tank id="4"/>
			<tank id="30"/>
			<tank id="9"/>
			<tank id="17"/>
			<tank id="35"/>
			<tank id="8"/>
			<tank id="27"/>
			<tank id="20"/>
			<tank id="1"/>
			<tank id="11"/>
			<tank id="22"/>
		</neighbours>
	</tank>
	<tank id="30" capa="282">
		<impossiblecargos>
			<cargo id="5"/>
			<cargo id="7"/>
			<cargo id="8"/>
			<cargo id="13"/>
			<cargo id="14"/>
		</impossiblecargos>
		<neighbours>
			<tank id="9"/>
			<tank id="19"/>
			<tank id="22"/>
			<tank id="27"/>
			<tank id="24"/>
			<tank id="35"/>
			<tank id="6"/>
			<tank id="29"/>
			<tank id="7"/>
			<tank id="34"/>
			<tank id="15"/>
			<tank id="12"/>
			<tank id="8"/>
			<tank id="4"/>
			<tank id="31"/>
			<tank id="32"/>
		</neighbours>
	</tank>
	<tank id="31" capa="272">
		<impossiblecargos>
			<cargo id="2"/>
			<cargo id="5"/>
			<cargo id="6"/>
			<cargo id="8"/>
			<cargo id="9"/>
			<cargo id="10"/>
		</impossiblecargos>
		<neighbours>
			<tank id="29"/>
			<tank id="34"/>
			<tank id="18"/>
			<tank id="24"/>
			<tank id="4"/>
			<tank id="7"/>
			<tank id="26"/>
			<tank id="30"/>
			<tank id="3"/>
			<tank id="2"/>
			<tank id="13"/>
			<tank id="33"/>
			<tank id="27"/>
		</neighbours>
	</tank>
	<tank id="32" capa="206">
		<impossiblecargos>
			<cargo id="7"/>
			<cargo id="9"/>
		</impossiblecargos>
		<neighbours>
			<tank id="34"/>
			<tank id="24"/>
			<tank id="1"/>
			<tank id="21"/>
			<tank id="25"/>
			<tank id="23"/>
			<tank id="6"/>
			<tank id="26"/>
			<tank id="28"/>
			<tank id="7"/>
			<tank id="20"/>
			<tank id="11"/>
			<tank id="18"/>
			<tank id="9"/>
			<tank id="2"/>
			<tank id="27"/>
			<tank id="22"/>
			<tank id="14"/>
			<tank id="30"/>
			<tank id="5"/>
		</neighbours>
	</tank>
	<tank id="33" capa="207">
		<impossiblecargos>
			<cargo id="3"/>
			<cargo id="6"/>
			<cargo id="10"/>
		</impossiblecargos>
		<neighbours>
			<tank id="6"/>
			<tank id="26"/>
			<tank id="7"/>
			<tank id="16"/>
			<tank id="14"/>
			<tank id="28"/>
			<tank id="20"/>
			<tank id="3"/>
			<tank id="24"/>
			<tank id="22"/>
			<tank id="31"/>
			<tank id="35"/>
		</neighbours>
	</tank>
	<tank id="34" capa="202">
		<impossiblecargos>
			<cargo id="4"/>
			<cargo id="7"/>
		</impossiblecargos>
		<neighbours>
			<tank id="32"/>
			<tank id="26"/>
			<tank id="14"/>
			<tank id="6"/>
			<tank id="25"/>
			<tank id="31"/>
			<tank id="2"/>
			<tank id="30"/>
			<tank id="15"/>
			<tank id="7"/>
			<tank id="19"/>
			<tank id="12"/>
			<tank id="27"/>
			<tank id="1"/>
			<tank id="22"/>
			<tank id="23"/>
		</neighbours>
	</tank>
	<tank id="35" capa="203">
		<impossiblecargos>
			<cargo id="1"/>
			<cargo id="9"/>
			<cargo id="10"/>
			<cargo id="15"/>
		</impossiblecargos>
		<neighbours>
			<tank id="3"/>
			<tank id="22"/>
			<tank id="15"/>
			<tank id="14"/>
			<tank id="27"/>
			<tank id="19"/>
			<tank id="30"/>
			<tank id="5"/>
			<tank id="29"/>
			<tank id="21"/>
			<tank id="4"/>
			<tank id="10"/>
			<tank id="6"/>
			<tank id="13"/>
			<tank id="11"/>
			<tank id="12"/>
			<tank id="28"/>
			<tank id="33"/>
			<tank id="8"/>
		</neighbours>
	</tank>
</tanks>
</problem>
