<?xml version="1.0" encoding="UTF-8"?>
<!--
This is a random problem, generated with these parameters:
nCargo = 25
nTanks = 40
nEmptyTanks = 1
tankMinSize = 200
tankMaxSize = 300
tankFillRatioMin = 0.5
tankFillRatioMax = 1.0
connectivityRatio = 0.75
impossibleCargoRatio = 0.5
notNeighbouringRatio = 0.5
-->
<problem>
<cargos nb="25">
	<cargo id="1" name="c1" volume="240"/>
	<cargo id="2" name="c2" volume="184"/>
	<cargo id="3" name="c3" volume="805"/>
	<cargo id="4" name="c4" volume="247"/>
	<cargo id="5" name="c5" volume="463"/>
	<cargo id="6" name="c6" volume="613"/>
	<cargo id="7" name="c7" volume="198"/>
	<cargo id="8" name="c8" volume="954"/>
	<cargo id="9" name="c9" volume="183"/>
	<cargo id="10" name="c10" volume="0"/>
	<cargo id="11" name="c11" volume="210"/>
	<cargo id="12" name="c12" volume="200"/>
	<cargo id="13" name="c13" volume="387"/>
	<cargo id="14" name="c14" volume="0"/>
	<cargo id="15" name="c15" volume="0"/>
	<cargo id="16" name="c16" volume="124"/>
	<cargo id="17" name="c17" volume="372"/>
	<cargo id="18" name="c18" volume="0"/>
	<cargo id="19" name="c19" volume="814"/>
	<cargo id="20" name="c20" volume="297"/>
	<cargo id="21" name="c21" volume="130"/>
	<cargo id="22" name="c22" volume="457"/>
	<cargo id="23" name="c23" volume="0"/>
	<cargo id="24" name="c24" volume="126"/>
	<cargo id="25" name="c25" volume="0"/>
</cargos>
<incompatibles>
	<incompatible cargo1="1"  cargo2="14"/>
	<incompatible cargo1="1"  cargo2="15"/>
	<incompatible cargo1="1"  cargo2="23"/>
	<incompatible cargo1="2"  cargo2="4"/>
	<incompatible cargo1="2"  cargo2="16"/>
	<incompatible cargo1="2"  cargo2="25"/>
	<incompatible cargo1="3"  cargo2="10"/>
	<incompatible cargo1="3"  cargo2="18"/>
	<incompatible cargo1="3"  cargo2="23"/>
	<incompatible cargo1="4"  cargo2="23"/>
	<incompatible cargo1="4"  cargo2="25"/>
	<incompatible cargo1="5"  cargo2="14"/>
	<incompatible cargo1="5"  cargo2="18"/>
	<incompatible cargo1="6"  cargo2="18"/>
	<incompatible cargo1="6"  cargo2="23"/>
	<incompatible cargo1="6"  cargo2="25"/>
	<incompatible cargo1="7"  cargo2="10"/>
	<incompatible cargo1="7"  cargo2="18"/>
	<incompatible cargo1="7"  cargo2="23"/>
	<incompatible cargo1="7"  cargo2="25"/>
	<incompatible cargo1="8"  cargo2="14"/>
	<incompatible cargo1="8"  cargo2="15"/>
	<incompatible cargo1="9"  cargo2="10"/>
	<incompatible cargo1="9"  cargo2="15"/>
	<incompatible cargo1="9"  cargo2="23"/>
	<incompatible cargo1="9"  cargo2="25"/>
	<incompatible cargo1="10"  cargo2="12"/>
	<incompatible cargo1="10"  cargo2="14"/>
	<incompatible cargo1="10"  cargo2="17"/>
	<incompatible cargo1="10"  cargo2="20"/>
	<incompatible cargo1="10"  cargo2="21"/>
	<incompatible cargo1="10"  cargo2="22"/>
	<incompatible cargo1="10"  cargo2="24"/>
	<incompatible cargo1="11"  cargo2="18"/>
	<incompatible cargo1="12"  cargo2="16"/>
	<incompatible cargo1="12"  cargo2="24"/>
	<incompatible cargo1="12"  cargo2="25"/>
	<incompatible cargo1="13"  cargo2="14"/>
	<incompatible cargo1="13"  cargo2="15"/>
	<incompatible cargo1="13"  cargo2="18"/>
	<incompatible cargo1="13"  cargo2="23"/>
	<incompatible cargo1="14"  cargo2="15"/>
	<incompatible cargo1="14"  cargo2="17"/>
	<incompatible cargo1="14"  cargo2="20"/>
	<incompatible cargo1="14"  cargo2="25"/>
	<incompatible cargo1="15"  cargo2="16"/>
	<incompatible cargo1="15"  cargo2="19"/>
	<incompatible cargo1="15"  cargo2="20"/>
	<incompatible cargo1="15"  cargo2="23"/>
	<incompatible cargo1="15"  cargo2="25"/>
	<incompatible cargo1="16"  cargo2="18"/>
	<incompatible cargo1="16"  cargo2="21"/>
	<incompatible cargo1="17"  cargo2="18"/>
	<incompatible cargo1="17"  cargo2="23"/>
	<incompatible cargo1="17"  cargo2="25"/>
	<incompatible cargo1="18"  cargo2="19"/>
	<incompatible cargo1="18"  cargo2="20"/>
	<incompatible cargo1="18"  cargo2="21"/>
	<incompatible cargo1="18"  cargo2="22"/>
	<incompatible cargo1="18"  cargo2="23"/>
	<incompatible cargo1="18"  cargo2="24"/>
	<incompatible cargo1="19"  cargo2="25"/>
	<incompatible cargo1="20"  cargo2="23"/>
	<incompatible cargo1="22"  cargo2="23"/>
	<incompatible cargo1="22"  cargo2="25"/>
	<incompatible cargo1="23"  cargo2="25"/>
</incompatibles>
<tanks nb="40">
	<tank id="1" capa="281">
		<impossiblecargos>
			<cargo id="1"/>
			<cargo id="2"/>
			<cargo id="5"/>
			<cargo id="7"/>
			<cargo id="8"/>
			<cargo id="11"/>
			<cargo id="12"/>
			<cargo id="13"/>
			<cargo id="14"/>
			<cargo id="17"/>
			<cargo id="18"/>
			<cargo id="19"/>
			<cargo id="23"/>
			<cargo id="24"/>
			<cargo id="25"/>
		</impossiblecargos>
		<neighbours>
			<tank id="14"/>
			<tank id="16"/>
			<tank id="37"/>
			<tank id="10"/>
			<tank id="7"/>
			<tank id="25"/>
			<tank id="13"/>
			<tank id="29"/>
			<tank id="28"/>
			<tank id="27"/>
			<tank id="36"/>
			<tank id="22"/>
			<tank id="23"/>
			<tank id="19"/>
			<tank id="6"/>
			<tank id="12"/>
			<tank id="30"/>
			<tank id="26"/>
			<tank id="2"/>
			<tank id="34"/>
			<tank id="9"/>
			<tank id="11"/>
			<tank id="38"/>
			<tank id="15"/>
			<tank id="4"/>
			<tank id="39"/>
		</neighbours>
	</tank>
	<tank id="2" capa="216">
		<impossiblecargos>
			<cargo id="7"/>
			<cargo id="8"/>
			<cargo id="9"/>
			<cargo id="10"/>
			<cargo id="11"/>
			<cargo id="12"/>
			<cargo id="13"/>
			<cargo id="17"/>
			<cargo id="24"/>
		</impossiblecargos>
		<neighbours>
			<tank id="39"/>
			<tank id="35"/>
			<tank id="28"/>
			<tank id="6"/>
			<tank id="27"/>
			<tank id="20"/>
			<tank id="10"/>
			<tank id="37"/>
			<tank id="12"/>
			<tank id="9"/>
			<tank id="22"/>
			<tank id="5"/>
			<tank id="16"/>
			<tank id="14"/>
			<tank id="36"/>
			<tank id="34"/>
			<tank id="17"/>
			<tank id="24"/>
			<tank id="26"/>
			<tank id="19"/>
			<tank id="3"/>
			<tank id="29"/>
			<tank id="38"/>
			<tank id="33"/>
			<tank id="23"/>
			<tank id="11"/>
			<tank id="32"/>
			<tank id="1"/>
			<tank id="7"/>
			<tank id="18"/>
			<tank id="31"/>
		</neighbours>
	</tank>
	<tank id="3" capa="270">
		<impossiblecargos>
			<cargo id="1"/>
			<cargo id="2"/>
			<cargo id="3"/>
			<cargo id="4"/>
			<cargo id="5"/>
			<cargo id="6"/>
			<cargo id="11"/>
			<cargo id="14"/>
			<cargo id="16"/>
			<cargo id="19"/>
			<cargo id="22"/>
		</impossiblecargos>
		<neighbours>
			<tank id="4"/>
			<tank id="22"/>
			<tank id="21"/>
			<tank id="9"/>
			<tank id="17"/>
			<tank id="38"/>
			<tank id="19"/>
			<tank id="23"/>
			<tank id="20"/>
			<tank id="26"/>
			<tank id="32"/>
			<tank id="11"/>
			<tank id="40"/>
			<tank id="7"/>
			<tank id="30"/>
			<tank id="28"/>
			<tank id="2"/>
			<tank id="10"/>
			<tank id="35"/>
			<tank id="33"/>
			<tank id="12"/>
			<tank id="25"/>
			<tank id="5"/>
			<tank id="39"/>
			<tank id="18"/>
			<tank id="14"/>
			<tank id="34"/>
			<tank id="6"/>
			<tank id="24"/>
			<tank id="31"/>
		</neighbours>
	</tank>
	<tank id="4" capa="225">
		<impossiblecargos>
			<cargo id="3"/>
			<cargo id="4"/>
			<cargo id="5"/>
			<cargo id="7"/>
			<cargo id="8"/>
			<cargo id="9"/>
			<cargo id="14"/>
			<cargo id="16"/>
			<cargo id="19"/>
			<cargo id="20"/>
			<cargo id="21"/>
			<cargo id="22"/>
		</impossiblecargos>
		<neighbours>
			<tank id="39"/>
			<tank id="37"/>
			<tank id="3"/>
			<tank id="17"/>
			<tank id="26"/>
			<tank id="33"/>
			<tank id="13"/>
			<tank id="10"/>
			<tank id="29"/>
			<tank id="22"/>
			<tank id="32"/>
			<tank id="11"/>
			<tank id="6"/>
			<tank id="21"/>
			<tank id="5"/>
			<tank id="23"/>
			<tank id="31"/>
			<tank id="34"/>
			<tank id="18"/>
			<tank id="35"/>
			<tank id="20"/>
			<tank id="24"/>
			<tank id="1"/>
			<tank id="40"/>
		</neighbours>
	</tank>
	<tank id="5" capa="254">
		<impossiblecargos>
			<cargo id="2"/>
			<cargo id="3"/>
			<cargo id="4"/>
			<cargo id="6"/>
			<cargo id="7"/>
			<cargo id="8"/>
			<cargo id="10"/>
			<cargo id="11"/>
			<cargo id="12"/>
			<cargo id="17"/>
			<cargo id="19"/>
			<cargo id="21"/>
			<cargo id="24"/>
			<cargo id="25"/>
		</impossiblecargos>
		<neighbours>
			<tank id="25"/>
			<tank id="39"/>
			<tank id="29"/>
			<tank id="33"/>
			<tank id="37"/>
			<tank id="31"/>
			<tank id="11"/>
			<tank id="34"/>
			<tank id="6"/>
			<tank id="2"/>
			<tank id="17"/>
			<tank id="10"/>
			<tank id="32"/>
			<tank id="30"/>
			<tank id="8"/>
			<tank id="13"/>
			<tank id="18"/>
			<tank id="40"/>
			<tank id="20"/>
			<tank id="24"/>
			<tank id="23"/>
			<tank id="38"/>
			<tank id="4"/>
			<tank id="36"/>
			<tank id="3"/>
			<tank id="16"/>
			<tank id="12"/>
			<tank id="21"/>
			<tank id="22"/>
			<tank id="19"/>
			<tank id="9"/>
			<tank id="7"/>
		</neighbours>
	</tank>
	<tank id="6" capa="298">
		<impossiblecargos>
			<cargo id="3"/>
			<cargo id="4"/>
			<cargo id="7"/>
			<cargo id="8"/>
			<cargo id="9"/>
			<cargo id="10"/>
			<cargo id="12"/>
			<cargo id="13"/>
			<cargo id="16"/>
			<cargo id="18"/>
			<cargo id="20"/>
			<cargo id="24"/>
		</impossiblecargos>
		<neighbours>
			<tank id="24"/>
			<tank id="2"/>
			<tank id="14"/>
			<tank id="15"/>
			<tank id="34"/>
			<tank id="25"/>
			<tank id="7"/>
			<tank id="9"/>
			<tank id="31"/>
			<tank id="5"/>
			<tank id="30"/>
			<tank id="12"/>
			<tank id="11"/>
			<tank id="13"/>
			<tank id="35"/>
			<tank id="19"/>
			<tank id="16"/>
			<tank id="4"/>
			<tank id="40"/>
			<tank id="23"/>
			<tank id="27"/>
			<tank id="36"/>
			<tank id="1"/>
			<tank id="33"/>
			<tank id="39"/>
			<tank id="28"/>
			<tank id="22"/>
			<tank id="26"/>
			<tank id="10"/>
			<tank id="18"/>
			<tank id="17"/>
			<tank id="3"/>
			<tank id="29"/>
		</neighbours>
	</tank>
	<tank id="7" capa="259">
		<impossiblecargos>
			<cargo id="1"/>
			<cargo id="5"/>
			<cargo id="6"/>
			<cargo id="7"/>
			<cargo id="8"/>
			<cargo id="10"/>
			<cargo id="12"/>
			<cargo id="13"/>
			<cargo id="14"/>
			<cargo id="16"/>
			<cargo id="19"/>
			<cargo id="24"/>
			<cargo id="25"/>
		</impossiblecargos>
		<neighbours>
			<tank id="22"/>
			<tank id="34"/>
			<tank id="6"/>
			<tank id="21"/>
			<tank id="40"/>
			<tank id="25"/>
			<tank id="39"/>
			<tank id="14"/>
			<tank id="1"/>
			<tank id="16"/>
			<tank id="13"/>
			<tank id="12"/>
			<tank id="3"/>
			<tank id="19"/>
			<tank id="36"/>
			<tank id="28"/>
			<tank id="11"/>
			<tank id="31"/>
			<tank id="29"/>
			<tank id="17"/>
			<tank id="10"/>
			<tank id="30"/>
			<tank id="8"/>
			<tank id="18"/>
			<tank id="20"/>
			<tank id="2"/>
			<tank id="26"/>
			<tank id="33"/>
			<tank id="5"/>
			<tank id="32"/>
			<tank id="24"/>
			<tank id="23"/>
		</neighbours>
	</tank>
	<tank id="8" capa="240">
		<impossiblecargos>
			<cargo id="1"/>
			<cargo id="4"/>
			<cargo id="5"/>
			<cargo id="6"/>
			<cargo id="9"/>
			<cargo id="13"/>
			<cargo id="17"/>
			<cargo id="20"/>
			<cargo id="22"/>
			<cargo id="25"/>
		</impossiblecargos>
		<neighbours>
			<tank id="18"/>
			<tank id="21"/>
			<tank id="34"/>
			<tank id="28"/>
			<tank id="23"/>
			<tank id="20"/>
			<tank id="31"/>
			<tank id="37"/>
			<tank id="9"/>
			<tank id="25"/>
			<tank id="16"/>
			<tank id="5"/>
			<tank id="11"/>
			<tank id="36"/>
			<tank id="26"/>
			<tank id="22"/>
			<tank id="27"/>
			<tank id="7"/>
			<tank id="40"/>
			<tank id="30"/>
			<tank id="14"/>
			<tank id="13"/>
			<tank id="35"/>
			<tank id="39"/>
			<tank id="10"/>
			<tank id="24"/>
			<tank id="19"/>
		</neighbours>
	</tank>
	<tank id="9" capa="223">
		<impossiblecargos>
			<cargo id="1"/>
			<cargo id="2"/>
			<cargo id="4"/>
			<cargo id="6"/>
			<cargo id="8"/>
			<cargo id="22"/>
			<cargo id="25"/>
		</impossiblecargos>
		<neighbours>
			<tank id="39"/>
			<tank id="10"/>
			<tank id="35"/>
			<tank id="34"/>
			<tank id="33"/>
			<tank id="15"/>
			<tank id="6"/>
			<tank id="3"/>
			<tank id="2"/>
			<tank id="40"/>
			<tank id="8"/>
			<tank id="23"/>
			<tank id="25"/>
			<tank id="20"/>
			<tank id="37"/>
			<tank id="13"/>
			<tank id="16"/>
			<tank id="29"/>
			<tank id="30"/>
			<tank id="22"/>
			<tank id="38"/>
			<tank id="36"/>
			<tank id="19"/>
			<tank id="32"/>
			<tank id="5"/>
			<tank id="1"/>
			<tank id="17"/>
			<tank id="31"/>
			<tank id="11"/>
		</neighbours>
	</tank>
	<tank id="10" capa="226">
		<impossiblecargos>
			<cargo id="3"/>
			<cargo id="5"/>
			<cargo id="7"/>
			<cargo id="8"/>
			<cargo id="9"/>
			<cargo id="10"/>
			<cargo id="11"/>
			<cargo id="13"/>
			<cargo id="15"/>
			<cargo id="17"/>
			<cargo id="18"/>
			<cargo id="21"/>
			<cargo id="25"/>
		</impossiblecargos>
		<neighbours>
			<tank id="9"/>
			<tank id="29"/>
			<tank id="36"/>
			<tank id="37"/>
			<tank id="21"/>
			<tank id="23"/>
			<tank id="30"/>
			<tank id="22"/>
			<tank id="2"/>
			<tank id="1"/>
			<tank id="33"/>
			<tank id="4"/>
			<tank id="5"/>
			<tank id="16"/>
			<tank id="27"/>
			<tank id="17"/>
			<tank id="18"/>
			<tank id="3"/>
			<tank id="7"/>
			<tank id="11"/>
			<tank id="15"/>
			<tank id="38"/>
			<tank id="34"/>
			<tank id="19"/>
			<tank id="6"/>
			<tank id="28"/>
			<tank id="12"/>
			<tank id="13"/>
			<tank id="31"/>
			<tank id="35"/>
			<tank id="8"/>
			<tank id="39"/>
			<tank id="40"/>
			<tank id="25"/>
			<tank id="14"/>
		</neighbours>
	</tank>
	<tank id="11" capa="215">
		<impossiblecargos>
			<cargo id="4"/>
			<cargo id="7"/>
			<cargo id="9"/>
			<cargo id="10"/>
			<cargo id="13"/>
			<cargo id="16"/>
			<cargo id="20"/>
			<cargo id="22"/>
			<cargo id="23"/>
			<cargo id="24"/>
			<cargo id="25"/>
		</impossiblecargos>
		<neighbours>
			<tank id="16"/>
			<tank id="30"/>
			<tank id="24"/>
			<tank id="27"/>
			<tank id="5"/>
			<tank id="6"/>
			<tank id="39"/>
			<tank id="22"/>
			<tank id="4"/>
			<tank id="8"/>
			<tank id="37"/>
			<tank id="3"/>
			<tank id="32"/>
			<tank id="34"/>
			<tank id="17"/>
			<tank id="7"/>
			<tank id="12"/>
			<tank id="40"/>
			<tank id="2"/>
			<tank id="10"/>
			<tank id="18"/>
			<tank id="21"/>
			<tank id="25"/>
			<tank id="20"/>
			<tank id="14"/>
			<tank id="29"/>
			<tank id="33"/>
			<tank id="13"/>
			<tank id="1"/>
			<tank id="26"/>
			<tank id="9"/>
		</neighbours>
	</tank>
	<tank id="12" capa="219">
		<impossiblecargos>
			<cargo id="1"/>
			<cargo id="8"/>
			<cargo id="9"/>
			<cargo id="11"/>
			<cargo id="13"/>
			<cargo id="14"/>
			<cargo id="16"/>
			<cargo id="17"/>
			<cargo id="20"/>
			<cargo id="22"/>
			<cargo id="23"/>
		</impossiblecargos>
		<neighbours>
			<tank id="39"/>
			<tank id="27"/>
			<tank id="37"/>
			<tank id="17"/>
			<tank id="36"/>
			<tank id="2"/>
			<tank id="6"/>
			<tank id="19"/>
			<tank id="16"/>
			<tank id="32"/>
			<tank id="33"/>
			<tank id="18"/>
			<tank id="24"/>
			<tank id="29"/>
			<tank id="23"/>
			<tank id="13"/>
			<tank id="7"/>
			<tank id="28"/>
			<tank id="14"/>
			<tank id="40"/>
			<tank id="11"/>
			<tank id="34"/>
			<tank id="3"/>
			<tank id="22"/>
			<tank id="26"/>
			<tank id="1"/>
			<tank id="25"/>
			<tank id="5"/>
			<tank id="30"/>
			<tank id="10"/>
			<tank id="38"/>
			<tank id="31"/>
		</neighbours>
	</tank>
	<tank id="13" capa="205">
		<impossiblecargos>
			<cargo id="1"/>
			<cargo id="5"/>
			<cargo id="7"/>
			<cargo id="8"/>
			<cargo id="9"/>
			<cargo id="10"/>
			<cargo id="11"/>
			<cargo id="13"/>
			<cargo id="14"/>
			<cargo id="16"/>
			<cargo id="17"/>
			<cargo id="19"/>
			<cargo id="21"/>
		</impossiblecargos>
		<neighbours>
			<tank id="30"/>
			<tank id="24"/>
			<tank id="28"/>
			<tank id="35"/>
			<tank id="17"/>
			<tank id="4"/>
			<tank id="22"/>
			<tank id="32"/>
			<tank id="1"/>
			<tank id="7"/>
			<tank id="6"/>
			<tank id="5"/>
			<tank id="12"/>
			<tank id="9"/>
			<tank id="34"/>
			<tank id="16"/>
			<tank id="37"/>
			<tank id="33"/>
			<tank id="26"/>
			<tank id="10"/>
			<tank id="14"/>
			<tank id="8"/>
			<tank id="27"/>
			<tank id="11"/>
			<tank id="40"/>
			<tank id="21"/>
			<tank id="18"/>
			<tank id="23"/>
			<tank id="25"/>
		</neighbours>
	</tank>
	<tank id="14" capa="286">
		<impossiblecargos>
			<cargo id="1"/>
			<cargo id="2"/>
			<cargo id="3"/>
			<cargo id="5"/>
			<cargo id="6"/>
			<cargo id="12"/>
			<cargo id="13"/>
			<cargo id="14"/>
			<cargo id="17"/>
			<cargo id="18"/>
			<cargo id="19"/>
			<cargo id="21"/>
			<cargo id="23"/>
			<cargo id="25"/>
		</impossiblecargos>
		<neighbours>
			<tank id="30"/>
			<tank id="31"/>
			<tank id="6"/>
			<tank id="32"/>
			<tank id="1"/>
			<tank id="24"/>
			<tank id="21"/>
			<tank id="34"/>
			<tank id="27"/>
			<tank id="37"/>
			<tank id="7"/>
			<tank id="36"/>
			<tank id="40"/>
			<tank id="38"/>
			<tank id="22"/>
			<tank id="2"/>
			<tank id="26"/>
			<tank id="12"/>
			<tank id="35"/>
			<tank id="25"/>
			<tank id="28"/>
			<tank id="16"/>
			<tank id="23"/>
			<tank id="11"/>
			<tank id="3"/>
			<tank id="13"/>
			<tank id="8"/>
			<tank id="15"/>
			<tank id="39"/>
			<tank id="19"/>
			<tank id="10"/>
		</neighbours>
	</tank>
	<tank id="15" capa="238">
		<impossiblecargos>
			<cargo id="1"/>
			<cargo id="2"/>
			<cargo id="4"/>
			<cargo id="5"/>
			<cargo id="8"/>
			<cargo id="9"/>
			<cargo id="13"/>
			<cargo id="19"/>
			<cargo id="20"/>
			<cargo id="21"/>
			<cargo id="22"/>
			<cargo id="23"/>
			<cargo id="24"/>
			<cargo id="25"/>
		</impossiblecargos>
		<neighbours>
			<tank id="39"/>
			<tank id="21"/>
			<tank id="6"/>
			<tank id="17"/>
			<tank id="38"/>
			<tank id="26"/>
			<tank id="9"/>
			<tank id="28"/>
			<tank id="36"/>
			<tank id="18"/>
			<tank id="16"/>
			<tank id="32"/>
			<tank id="35"/>
			<tank id="22"/>
			<tank id="29"/>
			<tank id="20"/>
			<tank id="31"/>
			<tank id="10"/>
			<tank id="37"/>
			<tank id="19"/>
			<tank id="40"/>
			<tank id="14"/>
			<tank id="34"/>
			<tank id="23"/>
			<tank id="1"/>
		</neighbours>
	</tank>
	<tank id="16" capa="238">
		<impossiblecargos>
			<cargo id="3"/>
			<cargo id="8"/>
			<cargo id="9"/>
			<cargo id="10"/>
			<cargo id="12"/>
			<cargo id="13"/>
			<cargo id="14"/>
			<cargo id="16"/>
			<cargo id="17"/>
			<cargo id="22"/>
			<cargo id="24"/>
		</impossiblecargos>
		<neighbours>
			<tank id="11"/>
			<tank id="1"/>
			<tank id="40"/>
			<tank id="19"/>
			<tank id="38"/>
			<tank id="28"/>
			<tank id="12"/>
			<tank id="20"/>
			<tank id="21"/>
			<tank id="7"/>
			<tank id="27"/>
			<tank id="2"/>
			<tank id="8"/>
			<tank id="10"/>
			<tank id="15"/>
			<tank id="6"/>
			<tank id="9"/>
			<tank id="18"/>
			<tank id="13"/>
			<tank id="35"/>
			<tank id="5"/>
			<tank id="14"/>
			<tank id="30"/>
			<tank id="23"/>
			<tank id="39"/>
			<tank id="37"/>
			<tank id="33"/>
		</neighbours>
	</tank>
	<tank id="17" capa="277">
		<impossiblecargos>
			<cargo id="2"/>
			<cargo id="3"/>
			<cargo id="4"/>
			<cargo id="6"/>
			<cargo id="7"/>
			<cargo id="9"/>
			<cargo id="10"/>
			<cargo id="11"/>
			<cargo id="12"/>
			<cargo id="15"/>
			<cargo id="22"/>
			<cargo id="23"/>
			<cargo id="24"/>
			<cargo id="25"/>
		</impossiblecargos>
		<neighbours>
			<tank id="20"/>
			<tank id="15"/>
			<tank id="40"/>
			<tank id="4"/>
			<tank id="29"/>
			<tank id="12"/>
			<tank id="3"/>
			<tank id="13"/>
			<tank id="21"/>
			<tank id="19"/>
			<tank id="5"/>
			<tank id="27"/>
			<tank id="35"/>
			<tank id="2"/>
			<tank id="10"/>
			<tank id="11"/>
			<tank id="33"/>
			<tank id="7"/>
			<tank id="31"/>
			<tank id="6"/>
			<tank id="30"/>
			<tank id="23"/>
			<tank id="9"/>
			<tank id="37"/>
		</neighbours>
	</tank>
	<tank id="18" capa="202">
		<impossiblecargos>
			<cargo id="1"/>
			<cargo id="2"/>
			<cargo id="5"/>
			<cargo id="7"/>
			<cargo id="9"/>
			<cargo id="12"/>
			<cargo id="13"/>
			<cargo id="15"/>
			<cargo id="19"/>
			<cargo id="21"/>
		</impossiblecargos>
		<neighbours>
			<tank id="8"/>
			<tank id="38"/>
			<tank id="21"/>
			<tank id="12"/>
			<tank id="15"/>
			<tank id="32"/>
			<tank id="5"/>
			<tank id="29"/>
			<tank id="10"/>
			<tank id="35"/>
			<tank id="16"/>
			<tank id="40"/>
			<tank id="26"/>
			<tank id="31"/>
			<tank id="11"/>
			<tank id="23"/>
			<tank id="39"/>
			<tank id="22"/>
			<tank id="7"/>
			<tank id="36"/>
			<tank id="6"/>
			<tank id="24"/>
			<tank id="3"/>
			<tank id="28"/>
			<tank id="2"/>
			<tank id="4"/>
			<tank id="27"/>
			<tank id="20"/>
			<tank id="34"/>
			<tank id="33"/>
			<tank id="13"/>
		</neighbours>
	</tank>
	<tank id="19" capa="230">
		<impossiblecargos>
			<cargo id="7"/>
			<cargo id="9"/>
			<cargo id="12"/>
			<cargo id="13"/>
			<cargo id="15"/>
			<cargo id="16"/>
			<cargo id="17"/>
			<cargo id="18"/>
			<cargo id="19"/>
			<cargo id="20"/>
			<cargo id="22"/>
			<cargo id="23"/>
			<cargo id="24"/>
		</impossiblecargos>
		<neighbours>
			<tank id="38"/>
			<tank id="31"/>
			<tank id="16"/>
			<tank id="28"/>
			<tank id="36"/>
			<tank id="22"/>
			<tank id="27"/>
			<tank id="3"/>
			<tank id="32"/>
			<tank id="17"/>
			<tank id="12"/>
			<tank id="29"/>
			<tank id="34"/>
			<tank id="7"/>
			<tank id="2"/>
			<tank id="6"/>
			<tank id="20"/>
			<tank id="23"/>
			<tank id="26"/>
			<tank id="1"/>
			<tank id="15"/>
			<tank id="33"/>
			<tank id="21"/>
			<tank id="10"/>
			<tank id="9"/>
			<tank id="30"/>
			<tank id="39"/>
			<tank id="5"/>
			<tank id="8"/>
			<tank id="35"/>
			<tank id="14"/>
		</neighbours>
	</tank>
	<tank id="20" capa="240">
		<impossiblecargos>
			<cargo id="2"/>
			<cargo id="5"/>
			<cargo id="7"/>
			<cargo id="10"/>
			<cargo id="11"/>
			<cargo id="12"/>
			<cargo id="13"/>
			<cargo id="15"/>
			<cargo id="16"/>
			<cargo id="18"/>
			<cargo id="20"/>
			<cargo id="21"/>
			<cargo id="22"/>
			<cargo id="23"/>
		</impossiblecargos>
		<neighbours>
			<tank id="17"/>
			<tank id="39"/>
			<tank id="2"/>
			<tank id="3"/>
			<tank id="8"/>
			<tank id="38"/>
			<tank id="30"/>
			<tank id="33"/>
			<tank id="16"/>
			<tank id="23"/>
			<tank id="22"/>
			<tank id="34"/>
			<tank id="29"/>
			<tank id="9"/>
			<tank id="37"/>
			<tank id="5"/>
			<tank id="19"/>
			<tank id="35"/>
			<tank id="15"/>
			<tank id="24"/>
			<tank id="31"/>
			<tank id="7"/>
			<tank id="11"/>
			<tank id="40"/>
			<tank id="4"/>
			<tank id="18"/>
			<tank id="36"/>
		</neighbours>
	</tank>
	<tank id="21" capa="279">
		<impossiblecargos>
			<cargo id="2"/>
			<cargo id="7"/>
			<cargo id="8"/>
			<cargo id="9"/>
			<cargo id="14"/>
			<cargo id="19"/>
			<cargo id="20"/>
		</impossiblecargos>
		<neighbours>
			<tank id="15"/>
			<tank id="14"/>
			<tank id="30"/>
			<tank id="8"/>
			<tank id="36"/>
			<tank id="3"/>
			<tank id="7"/>
			<tank id="10"/>
			<tank id="24"/>
			<tank id="18"/>
			<tank id="17"/>
			<tank id="39"/>
			<tank id="29"/>
			<tank id="27"/>
			<tank id="16"/>
			<tank id="22"/>
			<tank id="23"/>
			<tank id="40"/>
			<tank id="33"/>
			<tank id="4"/>
			<tank id="34"/>
			<tank id="31"/>
			<tank id="38"/>
			<tank id="11"/>
			<tank id="19"/>
			<tank id="28"/>
			<tank id="25"/>
			<tank id="32"/>
			<tank id="5"/>
			<tank id="13"/>
		</neighbours>
	</tank>
	<tank id="22" capa="296">
		<impossiblecargos>
			<cargo id="1"/>
			<cargo id="2"/>
			<cargo id="4"/>
			<cargo id="7"/>
			<cargo id="8"/>
			<cargo id="9"/>
			<cargo id="10"/>
			<cargo id="11"/>
			<cargo id="14"/>
			<cargo id="16"/>
			<cargo id="17"/>
			<cargo id="19"/>
			<cargo id="22"/>
			<cargo id="23"/>
			<cargo id="25"/>
		</impossiblecargos>
		<neighbours>
			<tank id="36"/>
			<tank id="26"/>
			<tank id="7"/>
			<tank id="3"/>
			<tank id="39"/>
			<tank id="10"/>
			<tank id="19"/>
			<tank id="35"/>
			<tank id="2"/>
			<tank id="13"/>
			<tank id="11"/>
			<tank id="21"/>
			<tank id="4"/>
			<tank id="20"/>
			<tank id="14"/>
			<tank id="27"/>
			<tank id="15"/>
			<tank id="28"/>
			<tank id="1"/>
			<tank id="38"/>
			<tank id="8"/>
			<tank id="9"/>
			<tank id="12"/>
			<tank id="18"/>
			<tank id="6"/>
			<tank id="25"/>
			<tank id="32"/>
			<tank id="37"/>
			<tank id="5"/>
			<tank id="34"/>
			<tank id="24"/>
			<tank id="29"/>
			<tank id="33"/>
			<tank id="31"/>
		</neighbours>
	</tank>
	<tank id="23" capa="210">
		<impossiblecargos>
			<cargo id="1"/>
			<cargo id="6"/>
			<cargo id="7"/>
			<cargo id="10"/>
			<cargo id="11"/>
			<cargo id="12"/>
			<cargo id="13"/>
			<cargo id="14"/>
			<cargo id="17"/>
			<cargo id="18"/>
			<cargo id="21"/>
			<cargo id="22"/>
			<cargo id="25"/>
		</impossiblecargos>
		<neighbours>
			<tank id="28"/>
			<tank id="10"/>
			<tank id="30"/>
			<tank id="8"/>
			<tank id="3"/>
			<tank id="29"/>
			<tank id="9"/>
			<tank id="20"/>
			<tank id="21"/>
			<tank id="12"/>
			<tank id="6"/>
			<tank id="5"/>
			<tank id="34"/>
			<tank id="19"/>
			<tank id="4"/>
			<tank id="2"/>
			<tank id="1"/>
			<tank id="18"/>
			<tank id="40"/>
			<tank id="16"/>
			<tank id="24"/>
			<tank id="14"/>
			<tank id="17"/>
			<tank id="39"/>
			<tank id="15"/>
			<tank id="7"/>
			<tank id="13"/>
			<tank id="37"/>
		</neighbours>
	</tank>
	<tank id="24" capa="237">
		<impossiblecargos>
			<cargo id="2"/>
			<cargo id="4"/>
			<cargo id="5"/>
			<cargo id="7"/>
			<cargo id="9"/>
			<cargo id="11"/>
			<cargo id="12"/>
			<cargo id="13"/>
			<cargo id="15"/>
			<cargo id="16"/>
			<cargo id="17"/>
			<cargo id="18"/>
			<cargo id="20"/>
			<cargo id="23"/>
		</impossiblecargos>
		<neighbours>
			<tank id="6"/>
			<tank id="13"/>
			<tank id="11"/>
			<tank id="35"/>
			<tank id="14"/>
			<tank id="21"/>
			<tank id="12"/>
			<tank id="2"/>
			<tank id="37"/>
			<tank id="5"/>
			<tank id="33"/>
			<tank id="20"/>
			<tank id="30"/>
			<tank id="23"/>
			<tank id="27"/>
			<tank id="18"/>
			<tank id="36"/>
			<tank id="22"/>
			<tank id="28"/>
			<tank id="31"/>
			<tank id="3"/>
			<tank id="7"/>
			<tank id="8"/>
			<tank id="4"/>
			<tank id="26"/>
		</neighbours>
	</tank>
	<tank id="25" capa="293">
		<impossiblecargos>
			<cargo id="4"/>
			<cargo id="6"/>
			<cargo id="8"/>
			<cargo id="9"/>
			<cargo id="10"/>
			<cargo id="11"/>
			<cargo id="12"/>
			<cargo id="14"/>
			<cargo id="15"/>
			<cargo id="22"/>
			<cargo id="23"/>
			<cargo id="24"/>
			<cargo id="25"/>
		</impossiblecargos>
		<neighbours>
			<tank id="27"/>
			<tank id="5"/>
			<tank id="28"/>
			<tank id="38"/>
			<tank id="6"/>
			<tank id="36"/>
			<tank id="7"/>
			<tank id="1"/>
			<tank id="8"/>
			<tank id="9"/>
			<tank id="37"/>
			<tank id="33"/>
			<tank id="14"/>
			<tank id="3"/>
			<tank id="31"/>
			<tank id="22"/>
			<tank id="12"/>
			<tank id="11"/>
			<tank id="21"/>
			<tank id="34"/>
			<tank id="32"/>
			<tank id="40"/>
			<tank id="10"/>
			<tank id="13"/>
		</neighbours>
	</tank>
	<tank id="26" capa="234">
		<impossiblecargos>
			<cargo id="1"/>
			<cargo id="6"/>
			<cargo id="7"/>
			<cargo id="8"/>
			<cargo id="11"/>
			<cargo id="14"/>
			<cargo id="16"/>
			<cargo id="18"/>
			<cargo id="20"/>
			<cargo id="21"/>
			<cargo id="25"/>
		</impossiblecargos>
		<neighbours>
			<tank id="22"/>
			<tank id="32"/>
			<tank id="4"/>
			<tank id="15"/>
			<tank id="28"/>
			<tank id="33"/>
			<tank id="27"/>
			<tank id="3"/>
			<tank id="31"/>
			<tank id="14"/>
			<tank id="38"/>
			<tank id="2"/>
			<tank id="40"/>
			<tank id="8"/>
			<tank id="18"/>
			<tank id="19"/>
			<tank id="12"/>
			<tank id="39"/>
			<tank id="1"/>
			<tank id="6"/>
			<tank id="13"/>
			<tank id="7"/>
			<tank id="35"/>
			<tank id="36"/>
			<tank id="11"/>
			<tank id="24"/>
		</neighbours>
	</tank>
	<tank id="27" capa="249">
		<impossiblecargos>
			<cargo id="3"/>
			<cargo id="4"/>
			<cargo id="5"/>
			<cargo id="6"/>
			<cargo id="7"/>
			<cargo id="10"/>
			<cargo id="13"/>
			<cargo id="17"/>
			<cargo id="19"/>
			<cargo id="20"/>
			<cargo id="21"/>
			<cargo id="22"/>
		</impossiblecargos>
		<neighbours>
			<tank id="25"/>
			<tank id="12"/>
			<tank id="32"/>
			<tank id="28"/>
			<tank id="2"/>
			<tank id="14"/>
			<tank id="11"/>
			<tank id="31"/>
			<tank id="19"/>
			<tank id="21"/>
			<tank id="17"/>
			<tank id="26"/>
			<tank id="16"/>
			<tank id="33"/>
			<tank id="36"/>
			<tank id="10"/>
			<tank id="22"/>
			<tank id="1"/>
			<tank id="6"/>
			<tank id="8"/>
			<tank id="34"/>
			<tank id="38"/>
			<tank id="35"/>
			<tank id="29"/>
			<tank id="24"/>
			<tank id="40"/>
			<tank id="18"/>
			<tank id="13"/>
		</neighbours>
	</tank>
	<tank id="28" capa="248">
		<impossiblecargos>
			<cargo id="1"/>
			<cargo id="2"/>
			<cargo id="7"/>
			<cargo id="9"/>
			<cargo id="13"/>
			<cargo id="15"/>
			<cargo id="16"/>
			<cargo id="17"/>
			<cargo id="18"/>
			<cargo id="19"/>
			<cargo id="20"/>
			<cargo id="24"/>
		</impossiblecargos>
		<neighbours>
			<tank id="2"/>
			<tank id="25"/>
			<tank id="37"/>
			<tank id="27"/>
			<tank id="31"/>
			<tank id="35"/>
			<tank id="15"/>
			<tank id="23"/>
			<tank id="19"/>
			<tank id="26"/>
			<tank id="13"/>
			<tank id="8"/>
			<tank id="30"/>
			<tank id="34"/>
			<tank id="16"/>
			<tank id="38"/>
			<tank id="40"/>
			<tank id="1"/>
			<tank id="12"/>
			<tank id="7"/>
			<tank id="3"/>
			<tank id="39"/>
			<tank id="22"/>
			<tank id="14"/>
			<tank id="33"/>
			<tank id="29"/>
			<tank id="6"/>
			<tank id="21"/>
			<tank id="10"/>
			<tank id="18"/>
			<tank id="36"/>
			<tank id="24"/>
		</neighbours>
	</tank>
	<tank id="29" capa="279">
		<impossiblecargos>
			<cargo id="1"/>
			<cargo id="5"/>
			<cargo id="6"/>
			<cargo id="8"/>
			<cargo id="11"/>
			<cargo id="13"/>
			<cargo id="14"/>
			<cargo id="16"/>
			<cargo id="19"/>
			<cargo id="21"/>
			<cargo id="22"/>
			<cargo id="23"/>
			<cargo id="24"/>
			<cargo id="25"/>
		</impossiblecargos>
		<neighbours>
			<tank id="10"/>
			<tank id="34"/>
			<tank id="17"/>
			<tank id="5"/>
			<tank id="23"/>
			<tank id="21"/>
			<tank id="35"/>
			<tank id="19"/>
			<tank id="4"/>
			<tank id="1"/>
			<tank id="37"/>
			<tank id="12"/>
			<tank id="20"/>
			<tank id="40"/>
			<tank id="18"/>
			<tank id="2"/>
			<tank id="7"/>
			<tank id="9"/>
			<tank id="15"/>
			<tank id="28"/>
			<tank id="39"/>
			<tank id="27"/>
			<tank id="30"/>
			<tank id="11"/>
			<tank id="22"/>
			<tank id="31"/>
			<tank id="6"/>
			<tank id="33"/>
		</neighbours>
	</tank>
	<tank id="30" capa="282">
		<impossiblecargos>
			<cargo id="2"/>
			<cargo id="3"/>
			<cargo id="4"/>
			<cargo id="8"/>
			<cargo id="9"/>
			<cargo id="12"/>
			<cargo id="15"/>
			<cargo id="16"/>
			<cargo id="17"/>
			<cargo id="19"/>
			<cargo id="22"/>
			<cargo id="24"/>
			<cargo id="25"/>
		</impossiblecargos>
		<neighbours>
			<tank id="13"/>
			<tank id="14"/>
			<tank id="40"/>
			<tank id="11"/>
			<tank id="21"/>
			<tank id="36"/>
			<tank id="23"/>
			<tank id="10"/>
			<tank id="34"/>
			<tank id="28"/>
			<tank id="6"/>
			<tank id="20"/>
			<tank id="5"/>
			<tank id="32"/>
			<tank id="3"/>
			<tank id="9"/>
			<tank id="37"/>
			<tank id="7"/>
			<tank id="1"/>
			<tank id="24"/>
			<tank id="29"/>
			<tank id="16"/>
			<tank id="12"/>
			<tank id="19"/>
			<tank id="8"/>
			<tank id="35"/>
			<tank id="39"/>
			<tank id="17"/>
			<tank id="33"/>
			<tank id="31"/>
		</neighbours>
	</tank>
	<tank id="31" capa="240">
		<impossiblecargos>
			<cargo id="1"/>
			<cargo id="5"/>
			<cargo id="6"/>
			<cargo id="7"/>
			<cargo id="10"/>
			<cargo id="12"/>
			<cargo id="13"/>
			<cargo id="14"/>
			<cargo id="15"/>
			<cargo id="18"/>
			<cargo id="19"/>
			<cargo id="21"/>
			<cargo id="23"/>
			<cargo id="24"/>
			<cargo id="25"/>
		</impossiblecargos>
		<neighbours>
			<tank id="14"/>
			<tank id="19"/>
			<tank id="38"/>
			<tank id="28"/>
			<tank id="6"/>
			<tank id="27"/>
			<tank id="5"/>
			<tank id="8"/>
			<tank id="26"/>
			<tank id="7"/>
			<tank id="36"/>
			<tank id="37"/>
			<tank id="32"/>
			<tank id="25"/>
			<tank id="18"/>
			<tank id="15"/>
			<tank id="4"/>
			<tank id="21"/>
			<tank id="20"/>
			<tank id="40"/>
			<tank id="17"/>
			<tank id="2"/>
			<tank id="10"/>
			<tank id="12"/>
			<tank id="24"/>
			<tank id="3"/>
			<tank id="29"/>
			<tank id="22"/>
			<tank id="30"/>
			<tank id="9"/>
			<tank id="39"/>
		</neighbours>
	</tank>
	<tank id="32" capa="291">
		<impossiblecargos>
			<cargo id="1"/>
			<cargo id="7"/>
			<cargo id="8"/>
			<cargo id="12"/>
			<cargo id="13"/>
			<cargo id="14"/>
			<cargo id="18"/>
			<cargo id="21"/>
			<cargo id="23"/>
		</impossiblecargos>
		<neighbours>
			<tank id="14"/>
			<tank id="26"/>
			<tank id="27"/>
			<tank id="19"/>
			<tank id="40"/>
			<tank id="13"/>
			<tank id="12"/>
			<tank id="4"/>
			<tank id="5"/>
			<tank id="18"/>
			<tank id="39"/>
			<tank id="37"/>
			<tank id="3"/>
			<tank id="11"/>
			<tank id="30"/>
			<tank id="15"/>
			<tank id="31"/>
			<tank id="34"/>
			<tank id="2"/>
			<tank id="9"/>
			<tank id="21"/>
			<tank id="22"/>
			<tank id="25"/>
			<tank id="7"/>
		</neighbours>
	</tank>
	<tank id="33" capa="294">
		<impossiblecargos>
			<cargo id="3"/>
			<cargo id="4"/>
			<cargo id="7"/>
			<cargo id="8"/>
			<cargo id="10"/>
			<cargo id="12"/>
			<cargo id="14"/>
			<cargo id="15"/>
			<cargo id="16"/>
		</impossiblecargos>
		<neighbours>
			<tank id="9"/>
			<tank id="4"/>
			<tank id="5"/>
			<tank id="26"/>
			<tank id="10"/>
			<tank id="20"/>
			<tank id="12"/>
			<tank id="27"/>
			<tank id="34"/>
			<tank id="21"/>
			<tank id="25"/>
			<tank id="2"/>
			<tank id="17"/>
			<tank id="24"/>
			<tank id="40"/>
			<tank id="3"/>
			<tank id="28"/>
			<tank id="19"/>
			<tank id="13"/>
			<tank id="6"/>
			<tank id="37"/>
			<tank id="39"/>
			<tank id="7"/>
			<tank id="35"/>
			<tank id="11"/>
			<tank id="22"/>
			<tank id="16"/>
			<tank id="18"/>
			<tank id="30"/>
			<tank id="29"/>
		</neighbours>
	</tank>
	<tank id="34" capa="279">
		<impossiblecargos>
			<cargo id="3"/>
			<cargo id="12"/>
			<cargo id="14"/>
			<cargo id="15"/>
			<cargo id="17"/>
			<cargo id="18"/>
			<cargo id="23"/>
		</impossiblecargos>
		<neighbours>
			<tank id="9"/>
			<tank id="6"/>
			<tank id="29"/>
			<tank id="14"/>
			<tank id="7"/>
			<tank id="8"/>
			<tank id="30"/>
			<tank id="5"/>
			<tank id="28"/>
			<tank id="40"/>
			<tank id="20"/>
			<tank id="39"/>
			<tank id="2"/>
			<tank id="33"/>
			<tank id="19"/>
			<tank id="11"/>
			<tank id="36"/>
			<tank id="13"/>
			<tank id="23"/>
			<tank id="12"/>
			<tank id="21"/>
			<tank id="27"/>
			<tank id="32"/>
			<tank id="10"/>
			<tank id="1"/>
			<tank id="4"/>
			<tank id="25"/>
			<tank id="3"/>
			<tank id="22"/>
			<tank id="38"/>
			<tank id="18"/>
			<tank id="37"/>
			<tank id="15"/>
		</neighbours>
	</tank>
	<tank id="35" capa="217">
		<impossiblecargos>
			<cargo id="1"/>
			<cargo id="3"/>
			<cargo id="4"/>
			<cargo id="5"/>
			<cargo id="6"/>
			<cargo id="10"/>
			<cargo id="12"/>
			<cargo id="16"/>
			<cargo id="17"/>
			<cargo id="18"/>
			<cargo id="20"/>
			<cargo id="21"/>
			<cargo id="23"/>
			<cargo id="24"/>
		</impossiblecargos>
		<neighbours>
			<tank id="2"/>
			<tank id="9"/>
			<tank id="24"/>
			<tank id="37"/>
			<tank id="28"/>
			<tank id="38"/>
			<tank id="36"/>
			<tank id="13"/>
			<tank id="22"/>
			<tank id="29"/>
			<tank id="6"/>
			<tank id="17"/>
			<tank id="20"/>
			<tank id="14"/>
			<tank id="15"/>
			<tank id="18"/>
			<tank id="3"/>
			<tank id="16"/>
			<tank id="39"/>
			<tank id="27"/>
			<tank id="30"/>
			<tank id="33"/>
			<tank id="4"/>
			<tank id="26"/>
			<tank id="10"/>
			<tank id="8"/>
			<tank id="40"/>
			<tank id="19"/>
		</neighbours>
	</tank>
	<tank id="36" capa="224">
		<impossiblecargos>
			<cargo id="1"/>
			<cargo id="2"/>
			<cargo id="4"/>
			<cargo id="6"/>
			<cargo id="7"/>
			<cargo id="8"/>
			<cargo id="9"/>
			<cargo id="10"/>
			<cargo id="11"/>
			<cargo id="12"/>
			<cargo id="13"/>
			<cargo id="14"/>
			<cargo id="15"/>
			<cargo id="18"/>
			<cargo id="21"/>
			<cargo id="24"/>
		</impossiblecargos>
		<neighbours>
			<tank id="22"/>
			<tank id="37"/>
			<tank id="10"/>
			<tank id="21"/>
			<tank id="35"/>
			<tank id="25"/>
			<tank id="30"/>
			<tank id="19"/>
			<tank id="12"/>
			<tank id="15"/>
			<tank id="14"/>
			<tank id="40"/>
			<tank id="8"/>
			<tank id="2"/>
			<tank id="27"/>
			<tank id="7"/>
			<tank id="34"/>
			<tank id="1"/>
			<tank id="6"/>
			<tank id="31"/>
			<tank id="5"/>
			<tank id="9"/>
			<tank id="18"/>
			<tank id="28"/>
			<tank id="24"/>
			<tank id="20"/>
			<tank id="26"/>
			<tank id="38"/>
		</neighbours>
	</tank>
	<tank id="37" capa="277">
		<impossiblecargos>
			<cargo id="3"/>
			<cargo id="4"/>
			<cargo id="9"/>
			<cargo id="11"/>
			<cargo id="12"/>
			<cargo id="14"/>
			<cargo id="18"/>
			<cargo id="20"/>
			<cargo id="21"/>
			<cargo id="25"/>
		</impossiblecargos>
		<neighbours>
			<tank id="4"/>
			<tank id="36"/>
			<tank id="28"/>
			<tank id="10"/>
			<tank id="12"/>
			<tank id="35"/>
			<tank id="38"/>
			<tank id="5"/>
			<tank id="14"/>
			<tank id="1"/>
			<tank id="2"/>
			<tank id="8"/>
			<tank id="29"/>
			<tank id="11"/>
			<tank id="32"/>
			<tank id="9"/>
			<tank id="20"/>
			<tank id="25"/>
			<tank id="24"/>
			<tank id="31"/>
			<tank id="30"/>
			<tank id="15"/>
			<tank id="13"/>
			<tank id="33"/>
			<tank id="40"/>
			<tank id="22"/>
			<tank id="39"/>
			<tank id="16"/>
			<tank id="34"/>
			<tank id="17"/>
			<tank id="23"/>
		</neighbours>
	</tank>
	<tank id="38" capa="278">
		<impossiblecargos>
			<cargo id="1"/>
			<cargo id="2"/>
			<cargo id="3"/>
			<cargo id="4"/>
			<cargo id="5"/>
			<cargo id="13"/>
			<cargo id="14"/>
			<cargo id="16"/>
			<cargo id="18"/>
			<cargo id="19"/>
			<cargo id="21"/>
			<cargo id="22"/>
			<cargo id="23"/>
			<cargo id="24"/>
			<cargo id="25"/>
		</impossiblecargos>
		<neighbours>
			<tank id="19"/>
			<tank id="25"/>
			<tank id="18"/>
			<tank id="31"/>
			<tank id="15"/>
			<tank id="37"/>
			<tank id="35"/>
			<tank id="3"/>
			<tank id="20"/>
			<tank id="16"/>
			<tank id="28"/>
			<tank id="14"/>
			<tank id="26"/>
			<tank id="40"/>
			<tank id="39"/>
			<tank id="2"/>
			<tank id="5"/>
			<tank id="22"/>
			<tank id="9"/>
			<tank id="27"/>
			<tank id="21"/>
			<tank id="10"/>
			<tank id="34"/>
			<tank id="12"/>
			<tank id="36"/>
			<tank id="1"/>
		</neighbours>
	</tank>
	<tank id="39" capa="231">
		<impossiblecargos>
			<cargo id="1"/>
			<cargo id="2"/>
			<cargo id="3"/>
			<cargo id="4"/>
			<cargo id="6"/>
			<cargo id="8"/>
			<cargo id="9"/>
			<cargo id="10"/>
			<cargo id="11"/>
			<cargo id="12"/>
			<cargo id="13"/>
			<cargo id="14"/>
			<cargo id="16"/>
			<cargo id="18"/>
			<cargo id="19"/>
			<cargo id="20"/>
			<cargo id="21"/>
			<cargo id="24"/>
			<cargo id="25"/>
		</impossiblecargos>
		<neighbours>
			<tank id="12"/>
			<tank id="4"/>
			<tank id="15"/>
			<tank id="2"/>
			<tank id="9"/>
			<tank id="20"/>
			<tank id="22"/>
			<tank id="5"/>
			<tank id="7"/>
			<tank id="21"/>
			<tank id="11"/>
			<tank id="34"/>
			<tank id="32"/>
			<tank id="38"/>
			<tank id="28"/>
			<tank id="40"/>
			<tank id="29"/>
			<tank id="3"/>
			<tank id="26"/>
			<tank id="35"/>
			<tank id="6"/>
			<tank id="18"/>
			<tank id="33"/>
			<tank id="16"/>
			<tank id="19"/>
			<tank id="30"/>
			<tank id="37"/>
			<tank id="8"/>
			<tank id="10"/>
			<tank id="14"/>
			<tank id="23"/>
			<tank id="1"/>
			<tank id="31"/>
		</neighbours>
	</tank>
	<tank id="40" capa="223">
		<impossiblecargos>
			<cargo id="4"/>
			<cargo id="9"/>
			<cargo id="11"/>
			<cargo id="18"/>
			<cargo id="19"/>
		</impossiblecargos>
		<neighbours>
			<tank id="30"/>
			<tank id="16"/>
			<tank id="17"/>
			<tank id="7"/>
			<tank id="34"/>
			<tank id="32"/>
			<tank id="9"/>
			<tank id="28"/>
			<tank id="14"/>
			<tank id="36"/>
			<tank id="21"/>
			<tank id="29"/>
			<tank id="5"/>
			<tank id="3"/>
			<tank id="12"/>
			<tank id="38"/>
			<tank id="6"/>
			<tank id="26"/>
			<tank id="11"/>
			<tank id="33"/>
			<tank id="39"/>
			<tank id="18"/>
			<tank id="37"/>
			<tank id="23"/>
			<tank id="8"/>
			<tank id="15"/>
			<tank id="31"/>
			<tank id="27"/>
			<tank id="20"/>
			<tank id="13"/>
			<tank id="35"/>
			<tank id="10"/>
			<tank id="25"/>
			<tank id="4"/>
		</neighbours>
	</tank>
</tanks>
</problem>
