<?xml version="1.0" encoding="UTF-8"?>
<!--
This is a random problem, generated with these parameters:
nCargo = 15
nTanks = 35
nEmptyTanks = 1
tankMinSize = 200
tankMaxSize = 1000
tankFillRatioMin = 0.9
tankFillRatioMax = 1.0
connectivityRatio = 0.75
impossibleCargoRatio = 0.5
notNeighbouringRatio = 0.25
-->
<problem>
<cargos nb="15">
	<cargo id="1" name="c1" volume="1436"/>
	<cargo id="2" name="c2" volume="1776"/>
	<cargo id="3" name="c3" volume="0"/>
	<cargo id="4" name="c4" volume="1531"/>
	<cargo id="5" name="c5" volume="2032"/>
	<cargo id="6" name="c6" volume="1339"/>
	<cargo id="7" name="c7" volume="510"/>
	<cargo id="8" name="c8" volume="2309"/>
	<cargo id="9" name="c9" volume="0"/>
	<cargo id="10" name="c10" volume="1417"/>
	<cargo id="11" name="c11" volume="683"/>
	<cargo id="12" name="c12" volume="2469"/>
	<cargo id="13" name="c13" volume="3478"/>
	<cargo id="14" name="c14" volume="227"/>
	<cargo id="15" name="c15" volume="519"/>
</cargos>
<incompatibles>
	<incompatible cargo1="1"  cargo2="9"/>
	<incompatible cargo1="2"  cargo2="3"/>
	<incompatible cargo1="3"  cargo2="8"/>
</incompatibles>
<tanks nb="35">
	<tank id="1" capa="993">
		<impossiblecargos>
			<cargo id="2"/>
			<cargo id="3"/>
			<cargo id="6"/>
			<cargo id="7"/>
			<cargo id="8"/>
			<cargo id="15"/>
		</impossiblecargos>
		<neighbours>
			<tank id="23"/>
			<tank id="27"/>
			<tank id="9"/>
			<tank id="8"/>
			<tank id="14"/>
			<tank id="34"/>
			<tank id="15"/>
			<tank id="31"/>
			<tank id="5"/>
			<tank id="3"/>
			<tank id="28"/>
			<tank id="7"/>
			<tank id="13"/>
			<tank id="25"/>
			<tank id="21"/>
			<tank id="20"/>
			<tank id="22"/>
			<tank id="24"/>
			<tank id="35"/>
			<tank id="30"/>
			<tank id="10"/>
			<tank id="16"/>
			<tank id="29"/>
			<tank id="19"/>
			<tank id="26"/>
			<tank id="12"/>
			<tank id="11"/>
			<tank id="17"/>
			<tank id="33"/>
			<tank id="32"/>
		</neighbours>
	</tank>
	<tank id="2" capa="655">
		<impossiblecargos>
			<cargo id="1"/>
			<cargo id="8"/>
			<cargo id="11"/>
			<cargo id="12"/>
			<cargo id="13"/>
		</impossiblecargos>
		<neighbours>
			<tank id="13"/>
			<tank id="29"/>
			<tank id="32"/>
			<tank id="15"/>
			<tank id="11"/>
			<tank id="31"/>
			<tank id="5"/>
			<tank id="23"/>
			<tank id="9"/>
			<tank id="28"/>
			<tank id="19"/>
			<tank id="20"/>
			<tank id="14"/>
			<tank id="18"/>
			<tank id="16"/>
			<tank id="6"/>
			<tank id="12"/>
			<tank id="24"/>
			<tank id="3"/>
			<tank id="4"/>
			<tank id="27"/>
			<tank id="22"/>
			<tank id="21"/>
			<tank id="26"/>
			<tank id="35"/>
			<tank id="25"/>
			<tank id="7"/>
		</neighbours>
	</tank>
	<tank id="3" capa="726">
		<impossiblecargos>
			<cargo id="2"/>
			<cargo id="3"/>
			<cargo id="6"/>
			<cargo id="11"/>
			<cargo id="15"/>
		</impossiblecargos>
		<neighbours>
			<tank id="8"/>
			<tank id="31"/>
			<tank id="1"/>
			<tank id="34"/>
			<tank id="26"/>
			<tank id="30"/>
			<tank id="18"/>
			<tank id="15"/>
			<tank id="27"/>
			<tank id="12"/>
			<tank id="24"/>
			<tank id="6"/>
			<tank id="28"/>
			<tank id="23"/>
			<tank id="10"/>
			<tank id="9"/>
			<tank id="32"/>
			<tank id="14"/>
			<tank id="2"/>
			<tank id="25"/>
			<tank id="17"/>
			<tank id="21"/>
			<tank id="13"/>
		</neighbours>
	</tank>
	<tank id="4" capa="819">
		<impossiblecargos>
			<cargo id="1"/>
			<cargo id="2"/>
			<cargo id="5"/>
			<cargo id="7"/>
			<cargo id="12"/>
			<cargo id="14"/>
		</impossiblecargos>
		<neighbours>
			<tank id="11"/>
			<tank id="30"/>
			<tank id="15"/>
			<tank id="28"/>
			<tank id="12"/>
			<tank id="23"/>
			<tank id="6"/>
			<tank id="21"/>
			<tank id="22"/>
			<tank id="14"/>
			<tank id="16"/>
			<tank id="34"/>
			<tank id="26"/>
			<tank id="33"/>
			<tank id="10"/>
			<tank id="2"/>
			<tank id="8"/>
			<tank id="32"/>
			<tank id="17"/>
			<tank id="29"/>
			<tank id="20"/>
			<tank id="19"/>
		</neighbours>
	</tank>
	<tank id="5" capa="607">
		<impossiblecargos>
			<cargo id="2"/>
			<cargo id="3"/>
			<cargo id="7"/>
			<cargo id="8"/>
			<cargo id="9"/>
			<cargo id="11"/>
		</impossiblecargos>
		<neighbours>
			<tank id="34"/>
			<tank id="31"/>
			<tank id="24"/>
			<tank id="32"/>
			<tank id="11"/>
			<tank id="30"/>
			<tank id="19"/>
			<tank id="1"/>
			<tank id="16"/>
			<tank id="17"/>
			<tank id="8"/>
			<tank id="2"/>
			<tank id="9"/>
			<tank id="14"/>
			<tank id="35"/>
			<tank id="21"/>
			<tank id="33"/>
			<tank id="25"/>
			<tank id="27"/>
			<tank id="12"/>
			<tank id="6"/>
			<tank id="20"/>
			<tank id="15"/>
			<tank id="23"/>
		</neighbours>
	</tank>
	<tank id="6" capa="896">
		<impossiblecargos>
			<cargo id="3"/>
			<cargo id="5"/>
			<cargo id="6"/>
			<cargo id="8"/>
			<cargo id="12"/>
			<cargo id="13"/>
			<cargo id="15"/>
		</impossiblecargos>
		<neighbours>
			<tank id="19"/>
			<tank id="13"/>
			<tank id="16"/>
			<tank id="10"/>
			<tank id="27"/>
			<tank id="15"/>
			<tank id="24"/>
			<tank id="4"/>
			<tank id="12"/>
			<tank id="25"/>
			<tank id="23"/>
			<tank id="7"/>
			<tank id="35"/>
			<tank id="18"/>
			<tank id="9"/>
			<tank id="3"/>
			<tank id="2"/>
			<tank id="34"/>
			<tank id="29"/>
			<tank id="5"/>
			<tank id="17"/>
			<tank id="28"/>
			<tank id="11"/>
			<tank id="26"/>
			<tank id="21"/>
		</neighbours>
	</tank>
	<tank id="7" capa="765">
		<impossiblecargos>
			<cargo id="4"/>
			<cargo id="6"/>
			<cargo id="9"/>
			<cargo id="10"/>
			<cargo id="14"/>
		</impossiblecargos>
		<neighbours>
			<tank id="9"/>
			<tank id="23"/>
			<tank id="14"/>
			<tank id="19"/>
			<tank id="8"/>
			<tank id="13"/>
			<tank id="18"/>
			<tank id="1"/>
			<tank id="35"/>
			<tank id="27"/>
			<tank id="11"/>
			<tank id="6"/>
			<tank id="29"/>
			<tank id="26"/>
			<tank id="24"/>
			<tank id="33"/>
			<tank id="31"/>
			<tank id="16"/>
			<tank id="10"/>
			<tank id="25"/>
			<tank id="21"/>
			<tank id="2"/>
		</neighbours>
	</tank>
	<tank id="8" capa="877">
		<impossiblecargos>
			<cargo id="1"/>
			<cargo id="2"/>
			<cargo id="7"/>
			<cargo id="8"/>
			<cargo id="9"/>
			<cargo id="14"/>
			<cargo id="15"/>
		</impossiblecargos>
		<neighbours>
			<tank id="9"/>
			<tank id="1"/>
			<tank id="30"/>
			<tank id="17"/>
			<tank id="7"/>
			<tank id="10"/>
			<tank id="3"/>
			<tank id="23"/>
			<tank id="5"/>
			<tank id="22"/>
			<tank id="24"/>
			<tank id="25"/>
			<tank id="27"/>
			<tank id="21"/>
			<tank id="16"/>
			<tank id="29"/>
			<tank id="18"/>
			<tank id="13"/>
			<tank id="34"/>
			<tank id="11"/>
			<tank id="35"/>
			<tank id="20"/>
			<tank id="19"/>
			<tank id="32"/>
			<tank id="4"/>
			<tank id="26"/>
			<tank id="31"/>
		</neighbours>
	</tank>
	<tank id="9" capa="276">
		<impossiblecargos>
			<cargo id="1"/>
			<cargo id="2"/>
			<cargo id="5"/>
			<cargo id="6"/>
			<cargo id="9"/>
			<cargo id="12"/>
			<cargo id="14"/>
			<cargo id="15"/>
		</impossiblecargos>
		<neighbours>
			<tank id="7"/>
			<tank id="1"/>
			<tank id="8"/>
			<tank id="13"/>
			<tank id="24"/>
			<tank id="26"/>
			<tank id="17"/>
			<tank id="16"/>
			<tank id="33"/>
			<tank id="2"/>
			<tank id="5"/>
			<tank id="34"/>
			<tank id="27"/>
			<tank id="31"/>
			<tank id="25"/>
			<tank id="22"/>
			<tank id="6"/>
			<tank id="3"/>
			<tank id="30"/>
			<tank id="28"/>
			<tank id="12"/>
			<tank id="29"/>
			<tank id="15"/>
		</neighbours>
	</tank>
	<tank id="10" capa="945">
		<impossiblecargos>
			<cargo id="1"/>
			<cargo id="2"/>
			<cargo id="3"/>
			<cargo id="4"/>
			<cargo id="6"/>
			<cargo id="7"/>
			<cargo id="8"/>
			<cargo id="9"/>
			<cargo id="10"/>
			<cargo id="12"/>
			<cargo id="13"/>
			<cargo id="15"/>
		</impossiblecargos>
		<neighbours>
			<tank id="15"/>
			<tank id="6"/>
			<tank id="31"/>
			<tank id="8"/>
			<tank id="32"/>
			<tank id="26"/>
			<tank id="16"/>
			<tank id="29"/>
			<tank id="25"/>
			<tank id="23"/>
			<tank id="11"/>
			<tank id="1"/>
			<tank id="22"/>
			<tank id="33"/>
			<tank id="18"/>
			<tank id="14"/>
			<tank id="27"/>
			<tank id="3"/>
			<tank id="12"/>
			<tank id="4"/>
			<tank id="30"/>
			<tank id="20"/>
			<tank id="28"/>
			<tank id="21"/>
			<tank id="24"/>
			<tank id="7"/>
		</neighbours>
	</tank>
	<tank id="11" capa="688">
		<impossiblecargos>
			<cargo id="1"/>
			<cargo id="2"/>
			<cargo id="3"/>
			<cargo id="5"/>
			<cargo id="6"/>
			<cargo id="7"/>
			<cargo id="9"/>
			<cargo id="10"/>
			<cargo id="13"/>
			<cargo id="14"/>
		</impossiblecargos>
		<neighbours>
			<tank id="4"/>
			<tank id="5"/>
			<tank id="26"/>
			<tank id="19"/>
			<tank id="2"/>
			<tank id="29"/>
			<tank id="20"/>
			<tank id="25"/>
			<tank id="7"/>
			<tank id="31"/>
			<tank id="10"/>
			<tank id="33"/>
			<tank id="8"/>
			<tank id="12"/>
			<tank id="24"/>
			<tank id="32"/>
			<tank id="13"/>
			<tank id="16"/>
			<tank id="35"/>
			<tank id="27"/>
			<tank id="1"/>
			<tank id="6"/>
			<tank id="21"/>
			<tank id="15"/>
			<tank id="34"/>
		</neighbours>
	</tank>
	<tank id="12" capa="298">
		<impossiblecargos>
			<cargo id="1"/>
			<cargo id="2"/>
			<cargo id="5"/>
			<cargo id="7"/>
			<cargo id="8"/>
			<cargo id="10"/>
			<cargo id="13"/>
		</impossiblecargos>
		<neighbours>
			<tank id="4"/>
			<tank id="14"/>
			<tank id="18"/>
			<tank id="6"/>
			<tank id="28"/>
			<tank id="35"/>
			<tank id="34"/>
			<tank id="17"/>
			<tank id="3"/>
			<tank id="21"/>
			<tank id="15"/>
			<tank id="26"/>
			<tank id="11"/>
			<tank id="2"/>
			<tank id="10"/>
			<tank id="27"/>
			<tank id="5"/>
			<tank id="29"/>
			<tank id="19"/>
			<tank id="1"/>
			<tank id="30"/>
			<tank id="9"/>
			<tank id="22"/>
		</neighbours>
	</tank>
	<tank id="13" capa="287">
		<impossiblecargos>
			<cargo id="3"/>
			<cargo id="4"/>
			<cargo id="8"/>
			<cargo id="11"/>
			<cargo id="13"/>
			<cargo id="15"/>
		</impossiblecargos>
		<neighbours>
			<tank id="6"/>
			<tank id="2"/>
			<tank id="9"/>
			<tank id="32"/>
			<tank id="26"/>
			<tank id="20"/>
			<tank id="18"/>
			<tank id="15"/>
			<tank id="7"/>
			<tank id="35"/>
			<tank id="30"/>
			<tank id="22"/>
			<tank id="33"/>
			<tank id="1"/>
			<tank id="28"/>
			<tank id="8"/>
			<tank id="24"/>
			<tank id="31"/>
			<tank id="34"/>
			<tank id="11"/>
			<tank id="16"/>
			<tank id="25"/>
			<tank id="27"/>
			<tank id="23"/>
			<tank id="29"/>
			<tank id="3"/>
			<tank id="21"/>
			<tank id="19"/>
		</neighbours>
	</tank>
	<tank id="14" capa="403">
		<impossiblecargos>
			<cargo id="6"/>
			<cargo id="10"/>
			<cargo id="11"/>
			<cargo id="12"/>
			<cargo id="14"/>
		</impossiblecargos>
		<neighbours>
			<tank id="1"/>
			<tank id="24"/>
			<tank id="30"/>
			<tank id="20"/>
			<tank id="12"/>
			<tank id="7"/>
			<tank id="23"/>
			<tank id="19"/>
			<tank id="16"/>
			<tank id="26"/>
			<tank id="5"/>
			<tank id="4"/>
			<tank id="2"/>
			<tank id="32"/>
			<tank id="17"/>
			<tank id="25"/>
			<tank id="27"/>
			<tank id="18"/>
			<tank id="10"/>
			<tank id="28"/>
			<tank id="29"/>
			<tank id="3"/>
			<tank id="15"/>
			<tank id="34"/>
			<tank id="31"/>
			<tank id="33"/>
			<tank id="35"/>
		</neighbours>
	</tank>
	<tank id="15" capa="269">
		<impossiblecargos>
			<cargo id="1"/>
			<cargo id="7"/>
			<cargo id="8"/>
			<cargo id="10"/>
			<cargo id="11"/>
			<cargo id="12"/>
			<cargo id="14"/>
			<cargo id="15"/>
		</impossiblecargos>
		<neighbours>
			<tank id="10"/>
			<tank id="4"/>
			<tank id="27"/>
			<tank id="1"/>
			<tank id="20"/>
			<tank id="6"/>
			<tank id="31"/>
			<tank id="13"/>
			<tank id="2"/>
			<tank id="35"/>
			<tank id="16"/>
			<tank id="17"/>
			<tank id="28"/>
			<tank id="3"/>
			<tank id="23"/>
			<tank id="12"/>
			<tank id="14"/>
			<tank id="32"/>
			<tank id="19"/>
			<tank id="18"/>
			<tank id="29"/>
			<tank id="22"/>
			<tank id="5"/>
			<tank id="11"/>
			<tank id="33"/>
			<tank id="9"/>
		</neighbours>
	</tank>
	<tank id="16" capa="203">
		<impossiblecargos>
			<cargo id="2"/>
			<cargo id="3"/>
			<cargo id="4"/>
			<cargo id="6"/>
			<cargo id="7"/>
			<cargo id="13"/>
		</impossiblecargos>
		<neighbours>
			<tank id="29"/>
			<tank id="6"/>
			<tank id="17"/>
			<tank id="22"/>
			<tank id="5"/>
			<tank id="14"/>
			<tank id="15"/>
			<tank id="30"/>
			<tank id="28"/>
			<tank id="9"/>
			<tank id="10"/>
			<tank id="8"/>
			<tank id="18"/>
			<tank id="4"/>
			<tank id="21"/>
			<tank id="32"/>
			<tank id="24"/>
			<tank id="33"/>
			<tank id="2"/>
			<tank id="19"/>
			<tank id="35"/>
			<tank id="1"/>
			<tank id="13"/>
			<tank id="11"/>
			<tank id="7"/>
			<tank id="27"/>
			<tank id="34"/>
			<tank id="23"/>
		</neighbours>
	</tank>
	<tank id="17" capa="426">
		<impossiblecargos>
			<cargo id="1"/>
			<cargo id="3"/>
			<cargo id="6"/>
			<cargo id="7"/>
			<cargo id="14"/>
			<cargo id="15"/>
		</impossiblecargos>
		<neighbours>
			<tank id="21"/>
			<tank id="8"/>
			<tank id="35"/>
			<tank id="16"/>
			<tank id="25"/>
			<tank id="33"/>
			<tank id="9"/>
			<tank id="5"/>
			<tank id="18"/>
			<tank id="32"/>
			<tank id="15"/>
			<tank id="12"/>
			<tank id="30"/>
			<tank id="27"/>
			<tank id="14"/>
			<tank id="31"/>
			<tank id="29"/>
			<tank id="19"/>
			<tank id="26"/>
			<tank id="20"/>
			<tank id="6"/>
			<tank id="4"/>
			<tank id="1"/>
			<tank id="28"/>
			<tank id="3"/>
			<tank id="24"/>
		</neighbours>
	</tank>
	<tank id="18" capa="265">
		<impossiblecargos>
			<cargo id="3"/>
			<cargo id="8"/>
			<cargo id="11"/>
		</impossiblecargos>
		<neighbours>
			<tank id="20"/>
			<tank id="25"/>
			<tank id="13"/>
			<tank id="12"/>
			<tank id="28"/>
			<tank id="30"/>
			<tank id="27"/>
			<tank id="34"/>
			<tank id="7"/>
			<tank id="17"/>
			<tank id="3"/>
			<tank id="24"/>
			<tank id="16"/>
			<tank id="8"/>
			<tank id="2"/>
			<tank id="21"/>
			<tank id="35"/>
			<tank id="6"/>
			<tank id="14"/>
			<tank id="10"/>
			<tank id="33"/>
			<tank id="29"/>
			<tank id="26"/>
			<tank id="15"/>
			<tank id="22"/>
			<tank id="31"/>
		</neighbours>
	</tank>
	<tank id="19" capa="896">
		<impossiblecargos>
			<cargo id="3"/>
			<cargo id="6"/>
			<cargo id="9"/>
			<cargo id="11"/>
			<cargo id="15"/>
		</impossiblecargos>
		<neighbours>
			<tank id="6"/>
			<tank id="7"/>
			<tank id="5"/>
			<tank id="22"/>
			<tank id="14"/>
			<tank id="11"/>
			<tank id="34"/>
			<tank id="33"/>
			<tank id="2"/>
			<tank id="16"/>
			<tank id="28"/>
			<tank id="17"/>
			<tank id="1"/>
			<tank id="8"/>
			<tank id="15"/>
			<tank id="29"/>
			<tank id="31"/>
			<tank id="32"/>
			<tank id="12"/>
			<tank id="25"/>
			<tank id="26"/>
			<tank id="23"/>
			<tank id="27"/>
			<tank id="4"/>
			<tank id="35"/>
			<tank id="13"/>
		</neighbours>
	</tank>
	<tank id="20" capa="546">
		<impossiblecargos>
			<cargo id="1"/>
			<cargo id="3"/>
			<cargo id="5"/>
			<cargo id="6"/>
			<cargo id="7"/>
			<cargo id="9"/>
			<cargo id="11"/>
			<cargo id="14"/>
			<cargo id="15"/>
		</impossiblecargos>
		<neighbours>
			<tank id="18"/>
			<tank id="21"/>
			<tank id="14"/>
			<tank id="13"/>
			<tank id="15"/>
			<tank id="23"/>
			<tank id="11"/>
			<tank id="2"/>
			<tank id="1"/>
			<tank id="33"/>
			<tank id="28"/>
			<tank id="25"/>
			<tank id="8"/>
			<tank id="17"/>
			<tank id="34"/>
			<tank id="10"/>
			<tank id="27"/>
			<tank id="31"/>
			<tank id="5"/>
			<tank id="4"/>
		</neighbours>
	</tank>
	<tank id="21" capa="974">
		<impossiblecargos>
			<cargo id="2"/>
			<cargo id="5"/>
			<cargo id="6"/>
			<cargo id="7"/>
			<cargo id="8"/>
		</impossiblecargos>
		<neighbours>
			<tank id="30"/>
			<tank id="17"/>
			<tank id="20"/>
			<tank id="27"/>
			<tank id="34"/>
			<tank id="29"/>
			<tank id="4"/>
			<tank id="25"/>
			<tank id="8"/>
			<tank id="1"/>
			<tank id="16"/>
			<tank id="18"/>
			<tank id="5"/>
			<tank id="26"/>
			<tank id="22"/>
			<tank id="12"/>
			<tank id="35"/>
			<tank id="24"/>
			<tank id="33"/>
			<tank id="23"/>
			<tank id="2"/>
			<tank id="10"/>
			<tank id="7"/>
			<tank id="3"/>
			<tank id="13"/>
			<tank id="11"/>
			<tank id="6"/>
		</neighbours>
	</tank>
	<tank id="22" capa="843">
		<impossiblecargos>
			<cargo id="2"/>
			<cargo id="3"/>
			<cargo id="4"/>
			<cargo id="6"/>
			<cargo id="9"/>
			<cargo id="10"/>
			<cargo id="12"/>
			<cargo id="13"/>
			<cargo id="14"/>
			<cargo id="15"/>
		</impossiblecargos>
		<neighbours>
			<tank id="25"/>
			<tank id="24"/>
			<tank id="16"/>
			<tank id="19"/>
			<tank id="34"/>
			<tank id="8"/>
			<tank id="4"/>
			<tank id="13"/>
			<tank id="30"/>
			<tank id="31"/>
			<tank id="1"/>
			<tank id="9"/>
			<tank id="21"/>
			<tank id="10"/>
			<tank id="28"/>
			<tank id="35"/>
			<tank id="23"/>
			<tank id="33"/>
			<tank id="2"/>
			<tank id="18"/>
			<tank id="15"/>
			<tank id="12"/>
		</neighbours>
	</tank>
	<tank id="23" capa="577">
		<impossiblecargos>
			<cargo id="1"/>
			<cargo id="2"/>
			<cargo id="5"/>
			<cargo id="6"/>
			<cargo id="7"/>
			<cargo id="8"/>
		</impossiblecargos>
		<neighbours>
			<tank id="1"/>
			<tank id="7"/>
			<tank id="25"/>
			<tank id="14"/>
			<tank id="4"/>
			<tank id="20"/>
			<tank id="33"/>
			<tank id="8"/>
			<tank id="2"/>
			<tank id="27"/>
			<tank id="6"/>
			<tank id="28"/>
			<tank id="15"/>
			<tank id="10"/>
			<tank id="3"/>
			<tank id="22"/>
			<tank id="29"/>
			<tank id="21"/>
			<tank id="26"/>
			<tank id="13"/>
			<tank id="19"/>
			<tank id="35"/>
			<tank id="31"/>
			<tank id="5"/>
			<tank id="16"/>
		</neighbours>
	</tank>
	<tank id="24" capa="247">
		<impossiblecargos>
			<cargo id="1"/>
			<cargo id="3"/>
			<cargo id="4"/>
			<cargo id="6"/>
			<cargo id="7"/>
			<cargo id="9"/>
			<cargo id="10"/>
			<cargo id="13"/>
		</impossiblecargos>
		<neighbours>
			<tank id="26"/>
			<tank id="5"/>
			<tank id="9"/>
			<tank id="22"/>
			<tank id="14"/>
			<tank id="6"/>
			<tank id="31"/>
			<tank id="8"/>
			<tank id="29"/>
			<tank id="18"/>
			<tank id="1"/>
			<tank id="3"/>
			<tank id="25"/>
			<tank id="16"/>
			<tank id="21"/>
			<tank id="27"/>
			<tank id="13"/>
			<tank id="28"/>
			<tank id="11"/>
			<tank id="2"/>
			<tank id="7"/>
			<tank id="10"/>
			<tank id="33"/>
			<tank id="17"/>
		</neighbours>
	</tank>
	<tank id="25" capa="549">
		<impossiblecargos>
			<cargo id="1"/>
			<cargo id="2"/>
			<cargo id="3"/>
			<cargo id="6"/>
		</impossiblecargos>
		<neighbours>
			<tank id="22"/>
			<tank id="18"/>
			<tank id="30"/>
			<tank id="17"/>
			<tank id="35"/>
			<tank id="23"/>
			<tank id="8"/>
			<tank id="6"/>
			<tank id="21"/>
			<tank id="26"/>
			<tank id="1"/>
			<tank id="11"/>
			<tank id="10"/>
			<tank id="32"/>
			<tank id="9"/>
			<tank id="24"/>
			<tank id="33"/>
			<tank id="5"/>
			<tank id="14"/>
			<tank id="20"/>
			<tank id="34"/>
			<tank id="13"/>
			<tank id="28"/>
			<tank id="3"/>
			<tank id="19"/>
			<tank id="29"/>
			<tank id="2"/>
			<tank id="7"/>
		</neighbours>
	</tank>
	<tank id="26" capa="581">
		<impossiblecargos>
			<cargo id="7"/>
			<cargo id="8"/>
			<cargo id="9"/>
			<cargo id="12"/>
			<cargo id="15"/>
		</impossiblecargos>
		<neighbours>
			<tank id="24"/>
			<tank id="28"/>
			<tank id="11"/>
			<tank id="13"/>
			<tank id="31"/>
			<tank id="9"/>
			<tank id="14"/>
			<tank id="27"/>
			<tank id="3"/>
			<tank id="10"/>
			<tank id="25"/>
			<tank id="4"/>
			<tank id="34"/>
			<tank id="21"/>
			<tank id="12"/>
			<tank id="7"/>
			<tank id="17"/>
			<tank id="1"/>
			<tank id="18"/>
			<tank id="32"/>
			<tank id="8"/>
			<tank id="23"/>
			<tank id="2"/>
			<tank id="19"/>
			<tank id="33"/>
			<tank id="30"/>
			<tank id="29"/>
			<tank id="6"/>
		</neighbours>
	</tank>
	<tank id="27" capa="380">
		<impossiblecargos>
			<cargo id="2"/>
			<cargo id="3"/>
			<cargo id="10"/>
			<cargo id="12"/>
			<cargo id="13"/>
			<cargo id="14"/>
			<cargo id="15"/>
		</impossiblecargos>
		<neighbours>
			<tank id="28"/>
			<tank id="1"/>
			<tank id="29"/>
			<tank id="6"/>
			<tank id="15"/>
			<tank id="21"/>
			<tank id="18"/>
			<tank id="26"/>
			<tank id="23"/>
			<tank id="8"/>
			<tank id="9"/>
			<tank id="34"/>
			<tank id="3"/>
			<tank id="7"/>
			<tank id="17"/>
			<tank id="14"/>
			<tank id="24"/>
			<tank id="10"/>
			<tank id="5"/>
			<tank id="32"/>
			<tank id="12"/>
			<tank id="2"/>
			<tank id="11"/>
			<tank id="20"/>
			<tank id="13"/>
			<tank id="30"/>
			<tank id="19"/>
			<tank id="16"/>
		</neighbours>
	</tank>
	<tank id="28" capa="706">
		<impossiblecargos>
			<cargo id="5"/>
			<cargo id="6"/>
			<cargo id="9"/>
			<cargo id="11"/>
			<cargo id="13"/>
			<cargo id="15"/>
		</impossiblecargos>
		<neighbours>
			<tank id="26"/>
			<tank id="27"/>
			<tank id="32"/>
			<tank id="4"/>
			<tank id="31"/>
			<tank id="18"/>
			<tank id="33"/>
			<tank id="16"/>
			<tank id="12"/>
			<tank id="15"/>
			<tank id="1"/>
			<tank id="30"/>
			<tank id="2"/>
			<tank id="34"/>
			<tank id="23"/>
			<tank id="13"/>
			<tank id="29"/>
			<tank id="35"/>
			<tank id="20"/>
			<tank id="22"/>
			<tank id="3"/>
			<tank id="14"/>
			<tank id="19"/>
			<tank id="24"/>
			<tank id="25"/>
			<tank id="6"/>
			<tank id="9"/>
			<tank id="10"/>
			<tank id="17"/>
		</neighbours>
	</tank>
	<tank id="29" capa="364">
		<impossiblecargos>
			<cargo id="2"/>
			<cargo id="4"/>
			<cargo id="7"/>
			<cargo id="13"/>
		</impossiblecargos>
		<neighbours>
			<tank id="16"/>
			<tank id="27"/>
			<tank id="2"/>
			<tank id="31"/>
			<tank id="35"/>
			<tank id="11"/>
			<tank id="21"/>
			<tank id="24"/>
			<tank id="10"/>
			<tank id="8"/>
			<tank id="28"/>
			<tank id="34"/>
			<tank id="7"/>
			<tank id="30"/>
			<tank id="17"/>
			<tank id="14"/>
			<tank id="1"/>
			<tank id="32"/>
			<tank id="23"/>
			<tank id="6"/>
			<tank id="12"/>
			<tank id="18"/>
			<tank id="19"/>
			<tank id="33"/>
			<tank id="15"/>
			<tank id="25"/>
			<tank id="4"/>
			<tank id="13"/>
			<tank id="26"/>
			<tank id="9"/>
		</neighbours>
	</tank>
	<tank id="30" capa="333">
		<impossiblecargos>
			<cargo id="3"/>
			<cargo id="5"/>
			<cargo id="9"/>
			<cargo id="10"/>
			<cargo id="11"/>
			<cargo id="12"/>
			<cargo id="13"/>
			<cargo id="14"/>
		</impossiblecargos>
		<neighbours>
			<tank id="4"/>
			<tank id="8"/>
			<tank id="21"/>
			<tank id="14"/>
			<tank id="35"/>
			<tank id="5"/>
			<tank id="25"/>
			<tank id="18"/>
			<tank id="16"/>
			<tank id="13"/>
			<tank id="3"/>
			<tank id="28"/>
			<tank id="32"/>
			<tank id="31"/>
			<tank id="22"/>
			<tank id="17"/>
			<tank id="34"/>
			<tank id="1"/>
			<tank id="29"/>
			<tank id="10"/>
			<tank id="9"/>
			<tank id="27"/>
			<tank id="12"/>
			<tank id="26"/>
		</neighbours>
	</tank>
	<tank id="31" capa="892">
		<impossiblecargos>
			<cargo id="1"/>
			<cargo id="3"/>
			<cargo id="4"/>
			<cargo id="6"/>
			<cargo id="11"/>
			<cargo id="13"/>
			<cargo id="15"/>
		</impossiblecargos>
		<neighbours>
			<tank id="5"/>
			<tank id="10"/>
			<tank id="26"/>
			<tank id="35"/>
			<tank id="28"/>
			<tank id="1"/>
			<tank id="15"/>
			<tank id="29"/>
			<tank id="2"/>
			<tank id="3"/>
			<tank id="24"/>
			<tank id="30"/>
			<tank id="22"/>
			<tank id="9"/>
			<tank id="11"/>
			<tank id="17"/>
			<tank id="13"/>
			<tank id="19"/>
			<tank id="8"/>
			<tank id="14"/>
			<tank id="7"/>
			<tank id="20"/>
			<tank id="23"/>
			<tank id="18"/>
			<tank id="34"/>
		</neighbours>
	</tank>
	<tank id="32" capa="808">
		<impossiblecargos>
			<cargo id="2"/>
			<cargo id="6"/>
			<cargo id="7"/>
			<cargo id="11"/>
			<cargo id="12"/>
			<cargo id="15"/>
		</impossiblecargos>
		<neighbours>
			<tank id="5"/>
			<tank id="28"/>
			<tank id="13"/>
			<tank id="2"/>
			<tank id="34"/>
			<tank id="10"/>
			<tank id="17"/>
			<tank id="30"/>
			<tank id="25"/>
			<tank id="14"/>
			<tank id="16"/>
			<tank id="3"/>
			<tank id="29"/>
			<tank id="11"/>
			<tank id="27"/>
			<tank id="33"/>
			<tank id="8"/>
			<tank id="15"/>
			<tank id="26"/>
			<tank id="19"/>
			<tank id="4"/>
			<tank id="1"/>
		</neighbours>
	</tank>
	<tank id="33" capa="545">
		<impossiblecargos>
			<cargo id="1"/>
			<cargo id="2"/>
			<cargo id="3"/>
			<cargo id="7"/>
			<cargo id="9"/>
			<cargo id="10"/>
			<cargo id="11"/>
			<cargo id="15"/>
		</impossiblecargos>
		<neighbours>
			<tank id="17"/>
			<tank id="23"/>
			<tank id="28"/>
			<tank id="19"/>
			<tank id="35"/>
			<tank id="9"/>
			<tank id="13"/>
			<tank id="5"/>
			<tank id="25"/>
			<tank id="20"/>
			<tank id="11"/>
			<tank id="16"/>
			<tank id="21"/>
			<tank id="4"/>
			<tank id="10"/>
			<tank id="18"/>
			<tank id="32"/>
			<tank id="22"/>
			<tank id="29"/>
			<tank id="7"/>
			<tank id="14"/>
			<tank id="26"/>
			<tank id="1"/>
			<tank id="24"/>
			<tank id="15"/>
		</neighbours>
	</tank>
	<tank id="34" capa="602">
		<impossiblecargos>
			<cargo id="1"/>
			<cargo id="3"/>
			<cargo id="5"/>
			<cargo id="7"/>
			<cargo id="10"/>
			<cargo id="13"/>
			<cargo id="14"/>
			<cargo id="15"/>
		</impossiblecargos>
		<neighbours>
			<tank id="5"/>
			<tank id="1"/>
			<tank id="32"/>
			<tank id="18"/>
			<tank id="21"/>
			<tank id="19"/>
			<tank id="22"/>
			<tank id="3"/>
			<tank id="12"/>
			<tank id="9"/>
			<tank id="28"/>
			<tank id="27"/>
			<tank id="35"/>
			<tank id="30"/>
			<tank id="4"/>
			<tank id="26"/>
			<tank id="8"/>
			<tank id="29"/>
			<tank id="6"/>
			<tank id="25"/>
			<tank id="13"/>
			<tank id="14"/>
			<tank id="20"/>
			<tank id="16"/>
			<tank id="31"/>
			<tank id="11"/>
		</neighbours>
	</tank>
	<tank id="35" capa="828">
		<impossiblecargos>
			<cargo id="2"/>
			<cargo id="3"/>
			<cargo id="4"/>
			<cargo id="6"/>
			<cargo id="10"/>
			<cargo id="11"/>
			<cargo id="12"/>
			<cargo id="15"/>
		</impossiblecargos>
		<neighbours>
			<tank id="17"/>
			<tank id="30"/>
			<tank id="25"/>
			<tank id="31"/>
			<tank id="29"/>
			<tank id="15"/>
			<tank id="13"/>
			<tank id="12"/>
			<tank id="33"/>
			<tank id="5"/>
			<tank id="7"/>
			<tank id="34"/>
			<tank id="1"/>
			<tank id="18"/>
			<tank id="6"/>
			<tank id="28"/>
			<tank id="21"/>
			<tank id="16"/>
			<tank id="22"/>
			<tank id="8"/>
			<tank id="11"/>
			<tank id="2"/>
			<tank id="23"/>
			<tank id="14"/>
			<tank id="19"/>
		</neighbours>
	</tank>
</tanks>
</problem>
