<?xml version="1.0" encoding="UTF-8"?>
<!--
This is a random problem, generated with these parameters:
nCargo = 15
nTanks = 40
nEmptyTanks = 1
tankMinSize = 200
tankMaxSize = 300
tankFillRatioMin = 0.5
tankFillRatioMax = 1.0
connectivityRatio = 0.5
impossibleCargoRatio = 0.75
notNeighbouringRatio = 0.75
-->
<problem>
<cargos nb="15">
	<cargo id="1" name="c1" volume="185"/>
	<cargo id="2" name="c2" volume="380"/>
	<cargo id="3" name="c3" volume="509"/>
	<cargo id="4" name="c4" volume="223"/>
	<cargo id="5" name="c5" volume="350"/>
	<cargo id="6" name="c6" volume="380"/>
	<cargo id="7" name="c7" volume="1144"/>
	<cargo id="8" name="c8" volume="216"/>
	<cargo id="9" name="c9" volume="520"/>
	<cargo id="10" name="c10" volume="898"/>
	<cargo id="11" name="c11" volume="1002"/>
	<cargo id="12" name="c12" volume="209"/>
	<cargo id="13" name="c13" volume="329"/>
	<cargo id="14" name="c14" volume="618"/>
	<cargo id="15" name="c15" volume="408"/>
</cargos>
<incompatibles>
	<incompatible cargo1="1"  cargo2="12"/>
	<incompatible cargo1="1"  cargo2="13"/>
	<incompatible cargo1="2"  cargo2="4"/>
	<incompatible cargo1="2"  cargo2="8"/>
	<incompatible cargo1="4"  cargo2="5"/>
	<incompatible cargo1="4"  cargo2="6"/>
	<incompatible cargo1="6"  cargo2="12"/>
</incompatibles>
<tanks nb="40">
	<tank id="1" capa="200">
		<impossiblecargos>
			<cargo id="1"/>
			<cargo id="3"/>
			<cargo id="4"/>
			<cargo id="5"/>
			<cargo id="6"/>
			<cargo id="7"/>
			<cargo id="8"/>
			<cargo id="10"/>
			<cargo id="11"/>
			<cargo id="14"/>
			<cargo id="15"/>
		</impossiblecargos>
		<neighbours>
			<tank id="15"/>
			<tank id="4"/>
			<tank id="34"/>
			<tank id="7"/>
			<tank id="2"/>
			<tank id="18"/>
			<tank id="21"/>
			<tank id="25"/>
			<tank id="30"/>
			<tank id="22"/>
			<tank id="35"/>
			<tank id="33"/>
			<tank id="28"/>
			<tank id="6"/>
			<tank id="10"/>
			<tank id="5"/>
			<tank id="12"/>
		</neighbours>
	</tank>
	<tank id="2" capa="274">
		<impossiblecargos>
			<cargo id="1"/>
			<cargo id="3"/>
			<cargo id="4"/>
			<cargo id="5"/>
			<cargo id="6"/>
			<cargo id="8"/>
			<cargo id="9"/>
			<cargo id="11"/>
			<cargo id="13"/>
			<cargo id="14"/>
		</impossiblecargos>
		<neighbours>
			<tank id="38"/>
			<tank id="36"/>
			<tank id="1"/>
			<tank id="3"/>
			<tank id="15"/>
			<tank id="37"/>
			<tank id="8"/>
			<tank id="24"/>
			<tank id="4"/>
			<tank id="39"/>
			<tank id="12"/>
			<tank id="31"/>
			<tank id="33"/>
			<tank id="23"/>
			<tank id="40"/>
			<tank id="11"/>
			<tank id="13"/>
			<tank id="10"/>
		</neighbours>
	</tank>
	<tank id="3" capa="274">
		<impossiblecargos>
			<cargo id="1"/>
			<cargo id="2"/>
			<cargo id="5"/>
			<cargo id="6"/>
			<cargo id="7"/>
			<cargo id="8"/>
			<cargo id="9"/>
			<cargo id="10"/>
			<cargo id="11"/>
			<cargo id="12"/>
			<cargo id="13"/>
			<cargo id="14"/>
			<cargo id="15"/>
		</impossiblecargos>
		<neighbours>
			<tank id="33"/>
			<tank id="38"/>
			<tank id="8"/>
			<tank id="12"/>
			<tank id="6"/>
			<tank id="15"/>
			<tank id="5"/>
			<tank id="40"/>
			<tank id="36"/>
			<tank id="2"/>
			<tank id="17"/>
			<tank id="18"/>
			<tank id="22"/>
			<tank id="21"/>
			<tank id="26"/>
			<tank id="20"/>
			<tank id="28"/>
			<tank id="35"/>
			<tank id="31"/>
			<tank id="27"/>
			<tank id="14"/>
			<tank id="19"/>
			<tank id="34"/>
			<tank id="23"/>
			<tank id="24"/>
		</neighbours>
	</tank>
	<tank id="4" capa="237">
		<impossiblecargos>
			<cargo id="2"/>
			<cargo id="3"/>
			<cargo id="5"/>
			<cargo id="6"/>
			<cargo id="7"/>
			<cargo id="8"/>
			<cargo id="11"/>
			<cargo id="12"/>
			<cargo id="15"/>
		</impossiblecargos>
		<neighbours>
			<tank id="1"/>
			<tank id="5"/>
			<tank id="11"/>
			<tank id="25"/>
			<tank id="8"/>
			<tank id="35"/>
			<tank id="2"/>
			<tank id="18"/>
			<tank id="15"/>
			<tank id="16"/>
			<tank id="23"/>
			<tank id="40"/>
			<tank id="9"/>
		</neighbours>
	</tank>
	<tank id="5" capa="253">
		<impossiblecargos>
			<cargo id="1"/>
			<cargo id="2"/>
			<cargo id="3"/>
			<cargo id="4"/>
			<cargo id="6"/>
			<cargo id="8"/>
			<cargo id="9"/>
			<cargo id="11"/>
			<cargo id="12"/>
			<cargo id="14"/>
		</impossiblecargos>
		<neighbours>
			<tank id="27"/>
			<tank id="23"/>
			<tank id="7"/>
			<tank id="16"/>
			<tank id="4"/>
			<tank id="38"/>
			<tank id="3"/>
			<tank id="34"/>
			<tank id="29"/>
			<tank id="26"/>
			<tank id="22"/>
			<tank id="32"/>
			<tank id="9"/>
			<tank id="11"/>
			<tank id="1"/>
			<tank id="30"/>
		</neighbours>
	</tank>
	<tank id="6" capa="208">
		<impossiblecargos>
			<cargo id="3"/>
			<cargo id="4"/>
			<cargo id="5"/>
			<cargo id="6"/>
			<cargo id="7"/>
			<cargo id="8"/>
			<cargo id="9"/>
			<cargo id="10"/>
			<cargo id="11"/>
			<cargo id="13"/>
			<cargo id="15"/>
		</impossiblecargos>
		<neighbours>
			<tank id="9"/>
			<tank id="14"/>
			<tank id="3"/>
			<tank id="21"/>
			<tank id="24"/>
			<tank id="12"/>
			<tank id="25"/>
			<tank id="36"/>
			<tank id="34"/>
			<tank id="38"/>
			<tank id="40"/>
			<tank id="33"/>
			<tank id="28"/>
			<tank id="29"/>
			<tank id="22"/>
			<tank id="30"/>
			<tank id="1"/>
			<tank id="26"/>
			<tank id="8"/>
			<tank id="10"/>
		</neighbours>
	</tank>
	<tank id="7" capa="231">
		<impossiblecargos>
			<cargo id="2"/>
			<cargo id="3"/>
			<cargo id="4"/>
			<cargo id="5"/>
			<cargo id="7"/>
			<cargo id="9"/>
			<cargo id="10"/>
			<cargo id="11"/>
			<cargo id="12"/>
			<cargo id="13"/>
			<cargo id="14"/>
		</impossiblecargos>
		<neighbours>
			<tank id="17"/>
			<tank id="5"/>
			<tank id="18"/>
			<tank id="1"/>
			<tank id="20"/>
			<tank id="14"/>
			<tank id="27"/>
			<tank id="13"/>
			<tank id="11"/>
			<tank id="23"/>
			<tank id="12"/>
			<tank id="19"/>
			<tank id="32"/>
			<tank id="9"/>
			<tank id="22"/>
		</neighbours>
	</tank>
	<tank id="8" capa="273">
		<impossiblecargos>
			<cargo id="3"/>
			<cargo id="5"/>
			<cargo id="6"/>
			<cargo id="7"/>
			<cargo id="8"/>
			<cargo id="9"/>
			<cargo id="10"/>
			<cargo id="11"/>
			<cargo id="12"/>
			<cargo id="15"/>
		</impossiblecargos>
		<neighbours>
			<tank id="29"/>
			<tank id="35"/>
			<tank id="40"/>
			<tank id="3"/>
			<tank id="4"/>
			<tank id="26"/>
			<tank id="13"/>
			<tank id="21"/>
			<tank id="2"/>
			<tank id="32"/>
			<tank id="10"/>
			<tank id="11"/>
			<tank id="24"/>
			<tank id="33"/>
			<tank id="16"/>
			<tank id="15"/>
			<tank id="14"/>
			<tank id="18"/>
			<tank id="9"/>
			<tank id="19"/>
			<tank id="6"/>
			<tank id="25"/>
			<tank id="17"/>
		</neighbours>
	</tank>
	<tank id="9" capa="246">
		<impossiblecargos>
			<cargo id="1"/>
			<cargo id="2"/>
			<cargo id="4"/>
			<cargo id="5"/>
			<cargo id="6"/>
			<cargo id="8"/>
			<cargo id="10"/>
			<cargo id="12"/>
			<cargo id="13"/>
			<cargo id="15"/>
		</impossiblecargos>
		<neighbours>
			<tank id="6"/>
			<tank id="26"/>
			<tank id="38"/>
			<tank id="33"/>
			<tank id="22"/>
			<tank id="14"/>
			<tank id="10"/>
			<tank id="35"/>
			<tank id="17"/>
			<tank id="37"/>
			<tank id="18"/>
			<tank id="5"/>
			<tank id="19"/>
			<tank id="25"/>
			<tank id="21"/>
			<tank id="31"/>
			<tank id="40"/>
			<tank id="8"/>
			<tank id="36"/>
			<tank id="7"/>
			<tank id="15"/>
			<tank id="4"/>
			<tank id="16"/>
			<tank id="28"/>
		</neighbours>
	</tank>
	<tank id="10" capa="281">
		<impossiblecargos>
			<cargo id="1"/>
			<cargo id="2"/>
			<cargo id="3"/>
			<cargo id="4"/>
			<cargo id="6"/>
			<cargo id="7"/>
			<cargo id="8"/>
			<cargo id="9"/>
			<cargo id="11"/>
			<cargo id="12"/>
			<cargo id="13"/>
			<cargo id="14"/>
			<cargo id="15"/>
		</impossiblecargos>
		<neighbours>
			<tank id="40"/>
			<tank id="22"/>
			<tank id="18"/>
			<tank id="33"/>
			<tank id="9"/>
			<tank id="20"/>
			<tank id="21"/>
			<tank id="26"/>
			<tank id="16"/>
			<tank id="11"/>
			<tank id="39"/>
			<tank id="8"/>
			<tank id="27"/>
			<tank id="29"/>
			<tank id="36"/>
			<tank id="1"/>
			<tank id="13"/>
			<tank id="2"/>
			<tank id="6"/>
			<tank id="19"/>
			<tank id="15"/>
		</neighbours>
	</tank>
	<tank id="11" capa="240">
		<impossiblecargos>
			<cargo id="1"/>
			<cargo id="2"/>
			<cargo id="3"/>
			<cargo id="4"/>
			<cargo id="5"/>
			<cargo id="7"/>
			<cargo id="9"/>
			<cargo id="10"/>
			<cargo id="11"/>
			<cargo id="12"/>
			<cargo id="13"/>
			<cargo id="15"/>
		</impossiblecargos>
		<neighbours>
			<tank id="30"/>
			<tank id="18"/>
			<tank id="4"/>
			<tank id="32"/>
			<tank id="20"/>
			<tank id="14"/>
			<tank id="25"/>
			<tank id="10"/>
			<tank id="35"/>
			<tank id="36"/>
			<tank id="29"/>
			<tank id="8"/>
			<tank id="7"/>
			<tank id="21"/>
			<tank id="38"/>
			<tank id="27"/>
			<tank id="40"/>
			<tank id="23"/>
			<tank id="34"/>
			<tank id="2"/>
			<tank id="5"/>
			<tank id="28"/>
			<tank id="19"/>
			<tank id="24"/>
			<tank id="16"/>
		</neighbours>
	</tank>
	<tank id="12" capa="206">
		<impossiblecargos>
			<cargo id="1"/>
			<cargo id="3"/>
			<cargo id="4"/>
			<cargo id="5"/>
			<cargo id="6"/>
			<cargo id="7"/>
			<cargo id="8"/>
			<cargo id="11"/>
			<cargo id="13"/>
			<cargo id="14"/>
		</impossiblecargos>
		<neighbours>
			<tank id="3"/>
			<tank id="25"/>
			<tank id="29"/>
			<tank id="6"/>
			<tank id="15"/>
			<tank id="36"/>
			<tank id="22"/>
			<tank id="33"/>
			<tank id="7"/>
			<tank id="2"/>
			<tank id="21"/>
			<tank id="14"/>
			<tank id="32"/>
			<tank id="1"/>
			<tank id="27"/>
			<tank id="30"/>
		</neighbours>
	</tank>
	<tank id="13" capa="210">
		<impossiblecargos>
			<cargo id="1"/>
			<cargo id="3"/>
			<cargo id="6"/>
			<cargo id="8"/>
			<cargo id="10"/>
			<cargo id="11"/>
			<cargo id="12"/>
			<cargo id="14"/>
		</impossiblecargos>
		<neighbours>
			<tank id="20"/>
			<tank id="30"/>
			<tank id="15"/>
			<tank id="25"/>
			<tank id="35"/>
			<tank id="33"/>
			<tank id="8"/>
			<tank id="7"/>
			<tank id="26"/>
			<tank id="40"/>
			<tank id="16"/>
			<tank id="37"/>
			<tank id="29"/>
			<tank id="2"/>
			<tank id="10"/>
			<tank id="22"/>
			<tank id="14"/>
			<tank id="38"/>
		</neighbours>
	</tank>
	<tank id="14" capa="211">
		<impossiblecargos>
			<cargo id="3"/>
			<cargo id="4"/>
			<cargo id="5"/>
			<cargo id="6"/>
			<cargo id="7"/>
			<cargo id="8"/>
			<cargo id="9"/>
			<cargo id="12"/>
			<cargo id="14"/>
			<cargo id="15"/>
		</impossiblecargos>
		<neighbours>
			<tank id="6"/>
			<tank id="16"/>
			<tank id="7"/>
			<tank id="9"/>
			<tank id="11"/>
			<tank id="37"/>
			<tank id="17"/>
			<tank id="28"/>
			<tank id="12"/>
			<tank id="36"/>
			<tank id="33"/>
			<tank id="8"/>
			<tank id="3"/>
			<tank id="13"/>
		</neighbours>
	</tank>
	<tank id="15" capa="207">
		<impossiblecargos>
			<cargo id="1"/>
			<cargo id="2"/>
			<cargo id="4"/>
			<cargo id="5"/>
			<cargo id="6"/>
			<cargo id="7"/>
			<cargo id="8"/>
			<cargo id="11"/>
			<cargo id="13"/>
			<cargo id="14"/>
			<cargo id="15"/>
		</impossiblecargos>
		<neighbours>
			<tank id="29"/>
			<tank id="21"/>
			<tank id="1"/>
			<tank id="28"/>
			<tank id="22"/>
			<tank id="13"/>
			<tank id="3"/>
			<tank id="39"/>
			<tank id="2"/>
			<tank id="12"/>
			<tank id="16"/>
			<tank id="23"/>
			<tank id="24"/>
			<tank id="25"/>
			<tank id="27"/>
			<tank id="4"/>
			<tank id="8"/>
			<tank id="38"/>
			<tank id="30"/>
			<tank id="17"/>
			<tank id="18"/>
			<tank id="40"/>
			<tank id="10"/>
			<tank id="9"/>
		</neighbours>
	</tank>
	<tank id="16" capa="282">
		<impossiblecargos>
			<cargo id="1"/>
			<cargo id="2"/>
			<cargo id="3"/>
			<cargo id="4"/>
			<cargo id="5"/>
			<cargo id="9"/>
			<cargo id="10"/>
			<cargo id="11"/>
			<cargo id="12"/>
			<cargo id="13"/>
			<cargo id="14"/>
		</impossiblecargos>
		<neighbours>
			<tank id="14"/>
			<tank id="5"/>
			<tank id="29"/>
			<tank id="18"/>
			<tank id="25"/>
			<tank id="39"/>
			<tank id="15"/>
			<tank id="10"/>
			<tank id="23"/>
			<tank id="8"/>
			<tank id="24"/>
			<tank id="28"/>
			<tank id="13"/>
			<tank id="36"/>
			<tank id="4"/>
			<tank id="34"/>
			<tank id="21"/>
			<tank id="30"/>
			<tank id="33"/>
			<tank id="11"/>
			<tank id="9"/>
		</neighbours>
	</tank>
	<tank id="17" capa="260">
		<impossiblecargos>
			<cargo id="1"/>
			<cargo id="2"/>
			<cargo id="3"/>
			<cargo id="4"/>
			<cargo id="7"/>
			<cargo id="8"/>
			<cargo id="9"/>
			<cargo id="10"/>
			<cargo id="12"/>
			<cargo id="13"/>
			<cargo id="14"/>
			<cargo id="15"/>
		</impossiblecargos>
		<neighbours>
			<tank id="7"/>
			<tank id="20"/>
			<tank id="22"/>
			<tank id="27"/>
			<tank id="3"/>
			<tank id="37"/>
			<tank id="9"/>
			<tank id="36"/>
			<tank id="14"/>
			<tank id="35"/>
			<tank id="19"/>
			<tank id="33"/>
			<tank id="39"/>
			<tank id="34"/>
			<tank id="15"/>
			<tank id="38"/>
			<tank id="32"/>
			<tank id="21"/>
			<tank id="8"/>
		</neighbours>
	</tank>
	<tank id="18" capa="295">
		<impossiblecargos>
			<cargo id="1"/>
			<cargo id="2"/>
			<cargo id="4"/>
			<cargo id="5"/>
			<cargo id="6"/>
			<cargo id="8"/>
			<cargo id="10"/>
			<cargo id="12"/>
			<cargo id="14"/>
		</impossiblecargos>
		<neighbours>
			<tank id="38"/>
			<tank id="7"/>
			<tank id="11"/>
			<tank id="10"/>
			<tank id="31"/>
			<tank id="16"/>
			<tank id="23"/>
			<tank id="1"/>
			<tank id="26"/>
			<tank id="27"/>
			<tank id="37"/>
			<tank id="3"/>
			<tank id="40"/>
			<tank id="4"/>
			<tank id="20"/>
			<tank id="9"/>
			<tank id="30"/>
			<tank id="15"/>
			<tank id="8"/>
			<tank id="32"/>
		</neighbours>
	</tank>
	<tank id="19" capa="293">
		<impossiblecargos>
			<cargo id="2"/>
			<cargo id="4"/>
			<cargo id="5"/>
			<cargo id="7"/>
			<cargo id="8"/>
			<cargo id="9"/>
			<cargo id="10"/>
			<cargo id="12"/>
			<cargo id="13"/>
			<cargo id="14"/>
		</impossiblecargos>
		<neighbours>
			<tank id="32"/>
			<tank id="22"/>
			<tank id="24"/>
			<tank id="27"/>
			<tank id="38"/>
			<tank id="37"/>
			<tank id="7"/>
			<tank id="9"/>
			<tank id="17"/>
			<tank id="39"/>
			<tank id="11"/>
			<tank id="3"/>
			<tank id="8"/>
			<tank id="25"/>
			<tank id="10"/>
			<tank id="34"/>
		</neighbours>
	</tank>
	<tank id="20" capa="263">
		<impossiblecargos>
			<cargo id="1"/>
			<cargo id="3"/>
			<cargo id="4"/>
			<cargo id="5"/>
			<cargo id="6"/>
			<cargo id="8"/>
			<cargo id="10"/>
			<cargo id="11"/>
			<cargo id="12"/>
			<cargo id="13"/>
			<cargo id="15"/>
		</impossiblecargos>
		<neighbours>
			<tank id="17"/>
			<tank id="13"/>
			<tank id="21"/>
			<tank id="36"/>
			<tank id="7"/>
			<tank id="10"/>
			<tank id="11"/>
			<tank id="30"/>
			<tank id="23"/>
			<tank id="18"/>
			<tank id="22"/>
			<tank id="31"/>
			<tank id="25"/>
			<tank id="3"/>
			<tank id="34"/>
			<tank id="26"/>
		</neighbours>
	</tank>
	<tank id="21" capa="217">
		<impossiblecargos>
			<cargo id="1"/>
			<cargo id="2"/>
			<cargo id="4"/>
			<cargo id="5"/>
			<cargo id="8"/>
			<cargo id="9"/>
			<cargo id="10"/>
			<cargo id="11"/>
			<cargo id="12"/>
			<cargo id="13"/>
			<cargo id="14"/>
			<cargo id="15"/>
		</impossiblecargos>
		<neighbours>
			<tank id="15"/>
			<tank id="37"/>
			<tank id="20"/>
			<tank id="6"/>
			<tank id="35"/>
			<tank id="34"/>
			<tank id="10"/>
			<tank id="1"/>
			<tank id="8"/>
			<tank id="11"/>
			<tank id="32"/>
			<tank id="3"/>
			<tank id="12"/>
			<tank id="9"/>
			<tank id="16"/>
			<tank id="31"/>
			<tank id="24"/>
			<tank id="40"/>
			<tank id="26"/>
			<tank id="17"/>
			<tank id="27"/>
		</neighbours>
	</tank>
	<tank id="22" capa="283">
		<impossiblecargos>
			<cargo id="1"/>
			<cargo id="2"/>
			<cargo id="3"/>
			<cargo id="9"/>
			<cargo id="10"/>
			<cargo id="11"/>
			<cargo id="12"/>
			<cargo id="13"/>
			<cargo id="15"/>
		</impossiblecargos>
		<neighbours>
			<tank id="37"/>
			<tank id="17"/>
			<tank id="19"/>
			<tank id="15"/>
			<tank id="10"/>
			<tank id="23"/>
			<tank id="9"/>
			<tank id="33"/>
			<tank id="12"/>
			<tank id="36"/>
			<tank id="28"/>
			<tank id="30"/>
			<tank id="5"/>
			<tank id="3"/>
			<tank id="20"/>
			<tank id="38"/>
			<tank id="27"/>
			<tank id="1"/>
			<tank id="35"/>
			<tank id="6"/>
			<tank id="24"/>
			<tank id="34"/>
			<tank id="13"/>
			<tank id="7"/>
			<tank id="39"/>
		</neighbours>
	</tank>
	<tank id="23" capa="248">
		<impossiblecargos>
			<cargo id="1"/>
			<cargo id="2"/>
			<cargo id="5"/>
			<cargo id="6"/>
			<cargo id="9"/>
			<cargo id="11"/>
			<cargo id="12"/>
			<cargo id="13"/>
			<cargo id="14"/>
		</impossiblecargos>
		<neighbours>
			<tank id="27"/>
			<tank id="5"/>
			<tank id="36"/>
			<tank id="31"/>
			<tank id="22"/>
			<tank id="18"/>
			<tank id="37"/>
			<tank id="15"/>
			<tank id="20"/>
			<tank id="7"/>
			<tank id="30"/>
			<tank id="26"/>
			<tank id="16"/>
			<tank id="38"/>
			<tank id="2"/>
			<tank id="11"/>
			<tank id="4"/>
			<tank id="39"/>
			<tank id="3"/>
		</neighbours>
	</tank>
	<tank id="24" capa="201">
		<impossiblecargos>
			<cargo id="1"/>
			<cargo id="3"/>
			<cargo id="4"/>
			<cargo id="6"/>
			<cargo id="7"/>
			<cargo id="8"/>
			<cargo id="10"/>
			<cargo id="11"/>
			<cargo id="12"/>
			<cargo id="13"/>
			<cargo id="15"/>
		</impossiblecargos>
		<neighbours>
			<tank id="33"/>
			<tank id="19"/>
			<tank id="6"/>
			<tank id="39"/>
			<tank id="35"/>
			<tank id="40"/>
			<tank id="2"/>
			<tank id="15"/>
			<tank id="29"/>
			<tank id="8"/>
			<tank id="26"/>
			<tank id="30"/>
			<tank id="16"/>
			<tank id="32"/>
			<tank id="22"/>
			<tank id="34"/>
			<tank id="21"/>
			<tank id="11"/>
			<tank id="28"/>
			<tank id="38"/>
			<tank id="3"/>
		</neighbours>
	</tank>
	<tank id="25" capa="259">
		<impossiblecargos>
			<cargo id="1"/>
			<cargo id="4"/>
			<cargo id="5"/>
			<cargo id="7"/>
			<cargo id="8"/>
			<cargo id="9"/>
			<cargo id="10"/>
			<cargo id="12"/>
			<cargo id="14"/>
			<cargo id="15"/>
		</impossiblecargos>
		<neighbours>
			<tank id="12"/>
			<tank id="4"/>
			<tank id="16"/>
			<tank id="6"/>
			<tank id="13"/>
			<tank id="31"/>
			<tank id="40"/>
			<tank id="11"/>
			<tank id="15"/>
			<tank id="30"/>
			<tank id="37"/>
			<tank id="1"/>
			<tank id="9"/>
			<tank id="20"/>
			<tank id="29"/>
			<tank id="26"/>
			<tank id="19"/>
			<tank id="8"/>
		</neighbours>
	</tank>
	<tank id="26" capa="294">
		<impossiblecargos>
			<cargo id="1"/>
			<cargo id="2"/>
			<cargo id="3"/>
			<cargo id="4"/>
			<cargo id="6"/>
			<cargo id="7"/>
			<cargo id="10"/>
			<cargo id="11"/>
			<cargo id="12"/>
			<cargo id="13"/>
			<cargo id="14"/>
			<cargo id="15"/>
		</impossiblecargos>
		<neighbours>
			<tank id="30"/>
			<tank id="9"/>
			<tank id="32"/>
			<tank id="8"/>
			<tank id="18"/>
			<tank id="10"/>
			<tank id="5"/>
			<tank id="13"/>
			<tank id="38"/>
			<tank id="23"/>
			<tank id="24"/>
			<tank id="31"/>
			<tank id="33"/>
			<tank id="29"/>
			<tank id="37"/>
			<tank id="3"/>
			<tank id="34"/>
			<tank id="21"/>
			<tank id="6"/>
			<tank id="40"/>
			<tank id="28"/>
			<tank id="27"/>
			<tank id="25"/>
			<tank id="20"/>
		</neighbours>
	</tank>
	<tank id="27" capa="285">
		<impossiblecargos>
			<cargo id="1"/>
			<cargo id="2"/>
			<cargo id="4"/>
			<cargo id="5"/>
			<cargo id="8"/>
			<cargo id="10"/>
			<cargo id="11"/>
			<cargo id="12"/>
			<cargo id="14"/>
			<cargo id="15"/>
		</impossiblecargos>
		<neighbours>
			<tank id="5"/>
			<tank id="23"/>
			<tank id="38"/>
			<tank id="36"/>
			<tank id="33"/>
			<tank id="35"/>
			<tank id="17"/>
			<tank id="7"/>
			<tank id="18"/>
			<tank id="31"/>
			<tank id="30"/>
			<tank id="19"/>
			<tank id="15"/>
			<tank id="10"/>
			<tank id="39"/>
			<tank id="11"/>
			<tank id="22"/>
			<tank id="3"/>
			<tank id="26"/>
			<tank id="28"/>
			<tank id="12"/>
			<tank id="21"/>
		</neighbours>
	</tank>
	<tank id="28" capa="292">
		<impossiblecargos>
			<cargo id="1"/>
			<cargo id="2"/>
			<cargo id="3"/>
			<cargo id="6"/>
			<cargo id="8"/>
			<cargo id="9"/>
			<cargo id="11"/>
			<cargo id="12"/>
			<cargo id="13"/>
			<cargo id="14"/>
			<cargo id="15"/>
		</impossiblecargos>
		<neighbours>
			<tank id="15"/>
			<tank id="39"/>
			<tank id="34"/>
			<tank id="32"/>
			<tank id="31"/>
			<tank id="22"/>
			<tank id="6"/>
			<tank id="14"/>
			<tank id="16"/>
			<tank id="1"/>
			<tank id="3"/>
			<tank id="11"/>
			<tank id="37"/>
			<tank id="26"/>
			<tank id="40"/>
			<tank id="27"/>
			<tank id="24"/>
			<tank id="30"/>
			<tank id="9"/>
		</neighbours>
	</tank>
	<tank id="29" capa="275">
		<impossiblecargos>
			<cargo id="1"/>
			<cargo id="2"/>
			<cargo id="3"/>
			<cargo id="5"/>
			<cargo id="6"/>
			<cargo id="8"/>
			<cargo id="9"/>
			<cargo id="10"/>
			<cargo id="11"/>
			<cargo id="12"/>
			<cargo id="13"/>
			<cargo id="15"/>
		</impossiblecargos>
		<neighbours>
			<tank id="15"/>
			<tank id="8"/>
			<tank id="16"/>
			<tank id="40"/>
			<tank id="35"/>
			<tank id="12"/>
			<tank id="33"/>
			<tank id="5"/>
			<tank id="34"/>
			<tank id="11"/>
			<tank id="39"/>
			<tank id="24"/>
			<tank id="6"/>
			<tank id="37"/>
			<tank id="26"/>
			<tank id="13"/>
			<tank id="36"/>
			<tank id="25"/>
			<tank id="10"/>
			<tank id="32"/>
		</neighbours>
	</tank>
	<tank id="30" capa="280">
		<impossiblecargos>
			<cargo id="2"/>
			<cargo id="4"/>
			<cargo id="6"/>
			<cargo id="9"/>
			<cargo id="10"/>
			<cargo id="11"/>
			<cargo id="12"/>
			<cargo id="13"/>
			<cargo id="14"/>
			<cargo id="15"/>
		</impossiblecargos>
		<neighbours>
			<tank id="26"/>
			<tank id="11"/>
			<tank id="13"/>
			<tank id="37"/>
			<tank id="31"/>
			<tank id="34"/>
			<tank id="20"/>
			<tank id="27"/>
			<tank id="22"/>
			<tank id="25"/>
			<tank id="23"/>
			<tank id="40"/>
			<tank id="18"/>
			<tank id="1"/>
			<tank id="39"/>
			<tank id="24"/>
			<tank id="15"/>
			<tank id="33"/>
			<tank id="6"/>
			<tank id="16"/>
			<tank id="5"/>
			<tank id="28"/>
			<tank id="12"/>
			<tank id="32"/>
		</neighbours>
	</tank>
	<tank id="31" capa="221">
		<impossiblecargos>
			<cargo id="1"/>
			<cargo id="2"/>
			<cargo id="4"/>
			<cargo id="5"/>
			<cargo id="6"/>
			<cargo id="8"/>
			<cargo id="9"/>
			<cargo id="11"/>
			<cargo id="12"/>
			<cargo id="15"/>
		</impossiblecargos>
		<neighbours>
			<tank id="18"/>
			<tank id="23"/>
			<tank id="30"/>
			<tank id="32"/>
			<tank id="25"/>
			<tank id="28"/>
			<tank id="33"/>
			<tank id="27"/>
			<tank id="35"/>
			<tank id="26"/>
			<tank id="2"/>
			<tank id="20"/>
			<tank id="9"/>
			<tank id="21"/>
			<tank id="3"/>
			<tank id="37"/>
		</neighbours>
	</tank>
	<tank id="32" capa="248">
		<impossiblecargos>
			<cargo id="1"/>
			<cargo id="4"/>
			<cargo id="5"/>
			<cargo id="6"/>
			<cargo id="9"/>
			<cargo id="15"/>
		</impossiblecargos>
		<neighbours>
			<tank id="19"/>
			<tank id="11"/>
			<tank id="26"/>
			<tank id="28"/>
			<tank id="36"/>
			<tank id="31"/>
			<tank id="8"/>
			<tank id="5"/>
			<tank id="21"/>
			<tank id="33"/>
			<tank id="7"/>
			<tank id="24"/>
			<tank id="17"/>
			<tank id="39"/>
			<tank id="12"/>
			<tank id="18"/>
			<tank id="29"/>
			<tank id="30"/>
		</neighbours>
	</tank>
	<tank id="33" capa="261">
		<impossiblecargos>
			<cargo id="2"/>
			<cargo id="4"/>
			<cargo id="5"/>
			<cargo id="6"/>
			<cargo id="7"/>
			<cargo id="8"/>
			<cargo id="9"/>
			<cargo id="10"/>
			<cargo id="11"/>
			<cargo id="14"/>
		</impossiblecargos>
		<neighbours>
			<tank id="3"/>
			<tank id="24"/>
			<tank id="35"/>
			<tank id="39"/>
			<tank id="27"/>
			<tank id="10"/>
			<tank id="9"/>
			<tank id="22"/>
			<tank id="37"/>
			<tank id="31"/>
			<tank id="13"/>
			<tank id="12"/>
			<tank id="29"/>
			<tank id="6"/>
			<tank id="32"/>
			<tank id="36"/>
			<tank id="8"/>
			<tank id="26"/>
			<tank id="2"/>
			<tank id="14"/>
			<tank id="17"/>
			<tank id="1"/>
			<tank id="30"/>
			<tank id="16"/>
		</neighbours>
	</tank>
	<tank id="34" capa="280">
		<impossiblecargos>
			<cargo id="1"/>
			<cargo id="2"/>
			<cargo id="3"/>
			<cargo id="4"/>
			<cargo id="5"/>
			<cargo id="6"/>
			<cargo id="8"/>
			<cargo id="11"/>
			<cargo id="12"/>
			<cargo id="13"/>
			<cargo id="14"/>
		</impossiblecargos>
		<neighbours>
			<tank id="28"/>
			<tank id="1"/>
			<tank id="21"/>
			<tank id="30"/>
			<tank id="6"/>
			<tank id="5"/>
			<tank id="37"/>
			<tank id="29"/>
			<tank id="35"/>
			<tank id="17"/>
			<tank id="11"/>
			<tank id="24"/>
			<tank id="16"/>
			<tank id="38"/>
			<tank id="26"/>
			<tank id="20"/>
			<tank id="3"/>
			<tank id="22"/>
			<tank id="19"/>
		</neighbours>
	</tank>
	<tank id="35" capa="277">
		<impossiblecargos>
			<cargo id="2"/>
			<cargo id="3"/>
			<cargo id="5"/>
			<cargo id="6"/>
			<cargo id="7"/>
			<cargo id="8"/>
			<cargo id="9"/>
			<cargo id="10"/>
			<cargo id="11"/>
			<cargo id="12"/>
			<cargo id="15"/>
		</impossiblecargos>
		<neighbours>
			<tank id="8"/>
			<tank id="39"/>
			<tank id="33"/>
			<tank id="21"/>
			<tank id="29"/>
			<tank id="27"/>
			<tank id="24"/>
			<tank id="13"/>
			<tank id="4"/>
			<tank id="9"/>
			<tank id="11"/>
			<tank id="31"/>
			<tank id="38"/>
			<tank id="17"/>
			<tank id="34"/>
			<tank id="22"/>
			<tank id="1"/>
			<tank id="3"/>
			<tank id="40"/>
		</neighbours>
	</tank>
	<tank id="36" capa="280">
		<impossiblecargos>
			<cargo id="1"/>
			<cargo id="3"/>
			<cargo id="4"/>
			<cargo id="5"/>
			<cargo id="6"/>
			<cargo id="8"/>
			<cargo id="9"/>
			<cargo id="10"/>
			<cargo id="11"/>
			<cargo id="12"/>
			<cargo id="13"/>
			<cargo id="14"/>
			<cargo id="15"/>
		</impossiblecargos>
		<neighbours>
			<tank id="23"/>
			<tank id="27"/>
			<tank id="20"/>
			<tank id="2"/>
			<tank id="32"/>
			<tank id="3"/>
			<tank id="6"/>
			<tank id="12"/>
			<tank id="22"/>
			<tank id="11"/>
			<tank id="17"/>
			<tank id="33"/>
			<tank id="14"/>
			<tank id="16"/>
			<tank id="29"/>
			<tank id="10"/>
			<tank id="9"/>
		</neighbours>
	</tank>
	<tank id="37" capa="278">
		<impossiblecargos>
			<cargo id="1"/>
			<cargo id="3"/>
			<cargo id="4"/>
			<cargo id="5"/>
			<cargo id="7"/>
			<cargo id="8"/>
			<cargo id="9"/>
			<cargo id="11"/>
			<cargo id="13"/>
			<cargo id="14"/>
			<cargo id="15"/>
		</impossiblecargos>
		<neighbours>
			<tank id="21"/>
			<tank id="22"/>
			<tank id="23"/>
			<tank id="30"/>
			<tank id="33"/>
			<tank id="2"/>
			<tank id="34"/>
			<tank id="17"/>
			<tank id="18"/>
			<tank id="14"/>
			<tank id="9"/>
			<tank id="25"/>
			<tank id="19"/>
			<tank id="38"/>
			<tank id="29"/>
			<tank id="26"/>
			<tank id="13"/>
			<tank id="28"/>
			<tank id="31"/>
		</neighbours>
	</tank>
	<tank id="38" capa="273">
		<impossiblecargos>
			<cargo id="1"/>
			<cargo id="2"/>
			<cargo id="3"/>
			<cargo id="4"/>
			<cargo id="5"/>
			<cargo id="6"/>
			<cargo id="7"/>
			<cargo id="11"/>
			<cargo id="12"/>
			<cargo id="14"/>
			<cargo id="15"/>
		</impossiblecargos>
		<neighbours>
			<tank id="9"/>
			<tank id="18"/>
			<tank id="3"/>
			<tank id="27"/>
			<tank id="2"/>
			<tank id="5"/>
			<tank id="6"/>
			<tank id="26"/>
			<tank id="19"/>
			<tank id="11"/>
			<tank id="35"/>
			<tank id="37"/>
			<tank id="22"/>
			<tank id="23"/>
			<tank id="15"/>
			<tank id="17"/>
			<tank id="34"/>
			<tank id="24"/>
			<tank id="13"/>
		</neighbours>
	</tank>
	<tank id="39" capa="255">
		<impossiblecargos>
			<cargo id="3"/>
			<cargo id="4"/>
			<cargo id="5"/>
			<cargo id="6"/>
			<cargo id="8"/>
			<cargo id="9"/>
			<cargo id="11"/>
			<cargo id="13"/>
			<cargo id="14"/>
			<cargo id="15"/>
		</impossiblecargos>
		<neighbours>
			<tank id="35"/>
			<tank id="28"/>
			<tank id="33"/>
			<tank id="15"/>
			<tank id="24"/>
			<tank id="16"/>
			<tank id="10"/>
			<tank id="2"/>
			<tank id="29"/>
			<tank id="27"/>
			<tank id="30"/>
			<tank id="17"/>
			<tank id="19"/>
			<tank id="32"/>
			<tank id="23"/>
			<tank id="22"/>
		</neighbours>
	</tank>
	<tank id="40" capa="297">
		<impossiblecargos>
			<cargo id="2"/>
			<cargo id="3"/>
			<cargo id="4"/>
			<cargo id="5"/>
			<cargo id="7"/>
			<cargo id="9"/>
			<cargo id="11"/>
			<cargo id="12"/>
			<cargo id="13"/>
			<cargo id="14"/>
			<cargo id="15"/>
		</impossiblecargos>
		<neighbours>
			<tank id="8"/>
			<tank id="29"/>
			<tank id="10"/>
			<tank id="3"/>
			<tank id="24"/>
			<tank id="25"/>
			<tank id="18"/>
			<tank id="30"/>
			<tank id="6"/>
			<tank id="11"/>
			<tank id="13"/>
			<tank id="2"/>
			<tank id="9"/>
			<tank id="4"/>
			<tank id="21"/>
			<tank id="26"/>
			<tank id="35"/>
			<tank id="28"/>
			<tank id="15"/>
		</neighbours>
	</tank>
</tanks>
</problem>
