<?xml version="1.0" encoding="UTF-8"?>
<!--
This is a random problem, generated with these parameters:
nCargo = 15
nTanks = 35
nEmptyTanks = 1
tankMinSize = 200
tankMaxSize = 300
tankFillRatioMin = 0.5
tankFillRatioMax = 1.0
connectivityRatio = 0.5
impossibleCargoRatio = 0.25
notNeighbouringRatio = 0.5
-->
<problem>
<cargos nb="15">
	<cargo id="1" name="c1" volume="742"/>
	<cargo id="2" name="c2" volume="346"/>
	<cargo id="3" name="c3" volume="590"/>
	<cargo id="4" name="c4" volume="0"/>
	<cargo id="5" name="c5" volume="520"/>
	<cargo id="6" name="c6" volume="107"/>
	<cargo id="7" name="c7" volume="540"/>
	<cargo id="8" name="c8" volume="763"/>
	<cargo id="9" name="c9" volume="405"/>
	<cargo id="10" name="c10" volume="384"/>
	<cargo id="11" name="c11" volume="695"/>
	<cargo id="12" name="c12" volume="238"/>
	<cargo id="13" name="c13" volume="509"/>
	<cargo id="14" name="c14" volume="157"/>
	<cargo id="15" name="c15" volume="181"/>
</cargos>
<incompatibles>
	<incompatible cargo1="1"  cargo2="4"/>
	<incompatible cargo1="2"  cargo2="6"/>
	<incompatible cargo1="2"  cargo2="15"/>
	<incompatible cargo1="3"  cargo2="4"/>
	<incompatible cargo1="4"  cargo2="6"/>
	<incompatible cargo1="4"  cargo2="8"/>
	<incompatible cargo1="4"  cargo2="10"/>
	<incompatible cargo1="4"  cargo2="11"/>
	<incompatible cargo1="4"  cargo2="13"/>
	<incompatible cargo1="4"  cargo2="14"/>
	<incompatible cargo1="4"  cargo2="15"/>
	<incompatible cargo1="6"  cargo2="12"/>
	<incompatible cargo1="6"  cargo2="15"/>
	<incompatible cargo1="9"  cargo2="14"/>
</incompatibles>
<tanks nb="35">
	<tank id="1" capa="297">
		<impossiblecargos>
			<cargo id="1"/>
			<cargo id="3"/>
			<cargo id="6"/>
			<cargo id="10"/>
		</impossiblecargos>
		<neighbours>
			<tank id="29"/>
			<tank id="18"/>
			<tank id="4"/>
			<tank id="24"/>
			<tank id="23"/>
			<tank id="14"/>
			<tank id="13"/>
			<tank id="16"/>
			<tank id="11"/>
			<tank id="25"/>
			<tank id="34"/>
			<tank id="31"/>
			<tank id="12"/>
			<tank id="3"/>
			<tank id="30"/>
			<tank id="35"/>
		</neighbours>
	</tank>
	<tank id="2" capa="201">
		<impossiblecargos>
			<cargo id="7"/>
			<cargo id="12"/>
		</impossiblecargos>
		<neighbours>
			<tank id="23"/>
			<tank id="9"/>
			<tank id="20"/>
			<tank id="28"/>
			<tank id="25"/>
			<tank id="14"/>
			<tank id="22"/>
			<tank id="19"/>
			<tank id="21"/>
			<tank id="24"/>
			<tank id="27"/>
			<tank id="10"/>
		</neighbours>
	</tank>
	<tank id="3" capa="256">
		<impossiblecargos>
			<cargo id="14"/>
		</impossiblecargos>
		<neighbours>
			<tank id="11"/>
			<tank id="34"/>
			<tank id="29"/>
			<tank id="31"/>
			<tank id="5"/>
			<tank id="24"/>
			<tank id="26"/>
			<tank id="21"/>
			<tank id="33"/>
			<tank id="10"/>
			<tank id="32"/>
			<tank id="30"/>
			<tank id="22"/>
			<tank id="8"/>
			<tank id="6"/>
			<tank id="18"/>
			<tank id="15"/>
			<tank id="1"/>
			<tank id="4"/>
			<tank id="20"/>
			<tank id="35"/>
		</neighbours>
	</tank>
	<tank id="4" capa="209">
		<impossiblecargos>
			<cargo id="1"/>
			<cargo id="2"/>
			<cargo id="3"/>
			<cargo id="9"/>
		</impossiblecargos>
		<neighbours>
			<tank id="34"/>
			<tank id="21"/>
			<tank id="5"/>
			<tank id="32"/>
			<tank id="27"/>
			<tank id="25"/>
			<tank id="1"/>
			<tank id="33"/>
			<tank id="24"/>
			<tank id="22"/>
			<tank id="18"/>
			<tank id="11"/>
			<tank id="17"/>
			<tank id="10"/>
			<tank id="29"/>
			<tank id="30"/>
			<tank id="16"/>
			<tank id="3"/>
		</neighbours>
	</tank>
	<tank id="5" capa="214">
		<impossiblecargos>
			<cargo id="1"/>
			<cargo id="4"/>
			<cargo id="12"/>
			<cargo id="14"/>
			<cargo id="15"/>
		</impossiblecargos>
		<neighbours>
			<tank id="4"/>
			<tank id="3"/>
			<tank id="7"/>
			<tank id="23"/>
			<tank id="8"/>
			<tank id="10"/>
			<tank id="12"/>
			<tank id="16"/>
			<tank id="20"/>
			<tank id="31"/>
			<tank id="21"/>
			<tank id="18"/>
			<tank id="32"/>
			<tank id="35"/>
			<tank id="33"/>
			<tank id="26"/>
		</neighbours>
	</tank>
	<tank id="6" capa="237">
		<impossiblecargos>
			<cargo id="1"/>
			<cargo id="4"/>
			<cargo id="8"/>
			<cargo id="9"/>
			<cargo id="11"/>
		</impossiblecargos>
		<neighbours>
			<tank id="22"/>
			<tank id="35"/>
			<tank id="27"/>
			<tank id="13"/>
			<tank id="23"/>
			<tank id="25"/>
			<tank id="17"/>
			<tank id="10"/>
			<tank id="12"/>
			<tank id="19"/>
			<tank id="14"/>
			<tank id="16"/>
			<tank id="30"/>
			<tank id="29"/>
			<tank id="32"/>
			<tank id="3"/>
			<tank id="15"/>
			<tank id="18"/>
			<tank id="9"/>
		</neighbours>
	</tank>
	<tank id="7" capa="238">
		<impossiblecargos>
			<cargo id="9"/>
			<cargo id="10"/>
			<cargo id="13"/>
		</impossiblecargos>
		<neighbours>
			<tank id="17"/>
			<tank id="11"/>
			<tank id="26"/>
			<tank id="22"/>
			<tank id="34"/>
			<tank id="16"/>
			<tank id="8"/>
			<tank id="5"/>
			<tank id="19"/>
			<tank id="27"/>
			<tank id="32"/>
			<tank id="23"/>
			<tank id="9"/>
			<tank id="25"/>
			<tank id="15"/>
			<tank id="21"/>
		</neighbours>
	</tank>
	<tank id="8" capa="291">
		<impossiblecargos>
			<cargo id="4"/>
			<cargo id="8"/>
			<cargo id="11"/>
			<cargo id="14"/>
		</impossiblecargos>
		<neighbours>
			<tank id="18"/>
			<tank id="9"/>
			<tank id="10"/>
			<tank id="30"/>
			<tank id="34"/>
			<tank id="21"/>
			<tank id="7"/>
			<tank id="35"/>
			<tank id="5"/>
			<tank id="27"/>
			<tank id="12"/>
			<tank id="32"/>
			<tank id="13"/>
			<tank id="25"/>
			<tank id="24"/>
			<tank id="3"/>
			<tank id="14"/>
			<tank id="28"/>
			<tank id="33"/>
		</neighbours>
	</tank>
	<tank id="9" capa="208">
		<impossiblecargos>
			<cargo id="1"/>
			<cargo id="2"/>
			<cargo id="4"/>
			<cargo id="5"/>
			<cargo id="6"/>
			<cargo id="11"/>
			<cargo id="15"/>
		</impossiblecargos>
		<neighbours>
			<tank id="2"/>
			<tank id="8"/>
			<tank id="18"/>
			<tank id="28"/>
			<tank id="15"/>
			<tank id="34"/>
			<tank id="22"/>
			<tank id="24"/>
			<tank id="14"/>
			<tank id="26"/>
			<tank id="32"/>
			<tank id="13"/>
			<tank id="7"/>
			<tank id="12"/>
			<tank id="35"/>
			<tank id="29"/>
			<tank id="25"/>
			<tank id="6"/>
		</neighbours>
	</tank>
	<tank id="10" capa="223">
		<impossiblecargos>
			<cargo id="9"/>
			<cargo id="11"/>
		</impossiblecargos>
		<neighbours>
			<tank id="8"/>
			<tank id="12"/>
			<tank id="16"/>
			<tank id="33"/>
			<tank id="6"/>
			<tank id="5"/>
			<tank id="3"/>
			<tank id="34"/>
			<tank id="4"/>
			<tank id="32"/>
			<tank id="14"/>
			<tank id="25"/>
			<tank id="15"/>
			<tank id="19"/>
			<tank id="2"/>
			<tank id="20"/>
			<tank id="13"/>
		</neighbours>
	</tank>
	<tank id="11" capa="292">
		<impossiblecargos>
			<cargo id="1"/>
			<cargo id="2"/>
			<cargo id="15"/>
		</impossiblecargos>
		<neighbours>
			<tank id="26"/>
			<tank id="7"/>
			<tank id="3"/>
			<tank id="35"/>
			<tank id="4"/>
			<tank id="22"/>
			<tank id="28"/>
			<tank id="1"/>
			<tank id="20"/>
			<tank id="23"/>
			<tank id="33"/>
			<tank id="13"/>
			<tank id="24"/>
			<tank id="30"/>
		</neighbours>
	</tank>
	<tank id="12" capa="290">
		<impossiblecargos>
			<cargo id="4"/>
			<cargo id="6"/>
			<cargo id="7"/>
			<cargo id="10"/>
			<cargo id="11"/>
			<cargo id="12"/>
			<cargo id="13"/>
		</impossiblecargos>
		<neighbours>
			<tank id="32"/>
			<tank id="10"/>
			<tank id="30"/>
			<tank id="6"/>
			<tank id="22"/>
			<tank id="5"/>
			<tank id="16"/>
			<tank id="35"/>
			<tank id="8"/>
			<tank id="27"/>
			<tank id="19"/>
			<tank id="15"/>
			<tank id="9"/>
			<tank id="1"/>
			<tank id="23"/>
			<tank id="24"/>
			<tank id="26"/>
			<tank id="33"/>
			<tank id="25"/>
		</neighbours>
	</tank>
	<tank id="13" capa="276">
		<impossiblecargos>
			<cargo id="8"/>
			<cargo id="13"/>
		</impossiblecargos>
		<neighbours>
			<tank id="19"/>
			<tank id="32"/>
			<tank id="31"/>
			<tank id="6"/>
			<tank id="20"/>
			<tank id="29"/>
			<tank id="14"/>
			<tank id="1"/>
			<tank id="33"/>
			<tank id="16"/>
			<tank id="25"/>
			<tank id="8"/>
			<tank id="35"/>
			<tank id="9"/>
			<tank id="28"/>
			<tank id="26"/>
			<tank id="11"/>
			<tank id="23"/>
			<tank id="17"/>
			<tank id="10"/>
		</neighbours>
	</tank>
	<tank id="14" capa="269">
		<impossiblecargos>
			<cargo id="7"/>
			<cargo id="12"/>
		</impossiblecargos>
		<neighbours>
			<tank id="20"/>
			<tank id="34"/>
			<tank id="17"/>
			<tank id="1"/>
			<tank id="2"/>
			<tank id="13"/>
			<tank id="26"/>
			<tank id="9"/>
			<tank id="6"/>
			<tank id="10"/>
			<tank id="8"/>
			<tank id="27"/>
			<tank id="29"/>
		</neighbours>
	</tank>
	<tank id="15" capa="206">
		<impossiblecargos>
			<cargo id="6"/>
			<cargo id="8"/>
		</impossiblecargos>
		<neighbours>
			<tank id="32"/>
			<tank id="23"/>
			<tank id="9"/>
			<tank id="12"/>
			<tank id="35"/>
			<tank id="24"/>
			<tank id="29"/>
			<tank id="34"/>
			<tank id="10"/>
			<tank id="7"/>
			<tank id="6"/>
			<tank id="3"/>
		</neighbours>
	</tank>
	<tank id="16" capa="292">
		<impossiblecargos>
			<cargo id="3"/>
			<cargo id="10"/>
			<cargo id="13"/>
			<cargo id="15"/>
		</impossiblecargos>
		<neighbours>
			<tank id="25"/>
			<tank id="7"/>
			<tank id="28"/>
			<tank id="22"/>
			<tank id="20"/>
			<tank id="10"/>
			<tank id="18"/>
			<tank id="17"/>
			<tank id="19"/>
			<tank id="12"/>
			<tank id="1"/>
			<tank id="34"/>
			<tank id="33"/>
			<tank id="35"/>
			<tank id="13"/>
			<tank id="5"/>
			<tank id="23"/>
			<tank id="6"/>
			<tank id="4"/>
		</neighbours>
	</tank>
	<tank id="17" capa="229">
		<impossiblecargos>
			<cargo id="12"/>
			<cargo id="13"/>
			<cargo id="14"/>
			<cargo id="15"/>
		</impossiblecargos>
		<neighbours>
			<tank id="7"/>
			<tank id="28"/>
			<tank id="14"/>
			<tank id="6"/>
			<tank id="16"/>
			<tank id="4"/>
			<tank id="20"/>
			<tank id="21"/>
			<tank id="24"/>
			<tank id="29"/>
			<tank id="13"/>
		</neighbours>
	</tank>
	<tank id="18" capa="280">
		<impossiblecargos>
			<cargo id="4"/>
		</impossiblecargos>
		<neighbours>
			<tank id="8"/>
			<tank id="27"/>
			<tank id="1"/>
			<tank id="33"/>
			<tank id="9"/>
			<tank id="4"/>
			<tank id="20"/>
			<tank id="16"/>
			<tank id="26"/>
			<tank id="21"/>
			<tank id="30"/>
			<tank id="35"/>
			<tank id="5"/>
			<tank id="31"/>
			<tank id="3"/>
			<tank id="22"/>
			<tank id="6"/>
		</neighbours>
	</tank>
	<tank id="19" capa="265">
		<impossiblecargos>
			<cargo id="4"/>
			<cargo id="8"/>
			<cargo id="14"/>
		</impossiblecargos>
		<neighbours>
			<tank id="29"/>
			<tank id="33"/>
			<tank id="13"/>
			<tank id="21"/>
			<tank id="26"/>
			<tank id="7"/>
			<tank id="16"/>
			<tank id="6"/>
			<tank id="12"/>
			<tank id="2"/>
			<tank id="32"/>
			<tank id="20"/>
			<tank id="22"/>
			<tank id="10"/>
		</neighbours>
	</tank>
	<tank id="20" capa="241">
		<impossiblecargos>
			<cargo id="2"/>
			<cargo id="11"/>
		</impossiblecargos>
		<neighbours>
			<tank id="2"/>
			<tank id="14"/>
			<tank id="26"/>
			<tank id="32"/>
			<tank id="29"/>
			<tank id="16"/>
			<tank id="13"/>
			<tank id="18"/>
			<tank id="33"/>
			<tank id="24"/>
			<tank id="17"/>
			<tank id="30"/>
			<tank id="21"/>
			<tank id="5"/>
			<tank id="11"/>
			<tank id="19"/>
			<tank id="3"/>
			<tank id="10"/>
		</neighbours>
	</tank>
	<tank id="21" capa="278">
		<impossiblecargos>
			<cargo id="3"/>
			<cargo id="9"/>
			<cargo id="10"/>
			<cargo id="12"/>
			<cargo id="14"/>
		</impossiblecargos>
		<neighbours>
			<tank id="4"/>
			<tank id="30"/>
			<tank id="31"/>
			<tank id="8"/>
			<tank id="19"/>
			<tank id="3"/>
			<tank id="25"/>
			<tank id="18"/>
			<tank id="33"/>
			<tank id="26"/>
			<tank id="20"/>
			<tank id="17"/>
			<tank id="2"/>
			<tank id="5"/>
			<tank id="29"/>
			<tank id="7"/>
		</neighbours>
	</tank>
	<tank id="22" capa="215">
		<impossiblecargos>
			<cargo id="1"/>
			<cargo id="2"/>
			<cargo id="3"/>
			<cargo id="11"/>
			<cargo id="15"/>
		</impossiblecargos>
		<neighbours>
			<tank id="6"/>
			<tank id="7"/>
			<tank id="31"/>
			<tank id="4"/>
			<tank id="11"/>
			<tank id="16"/>
			<tank id="35"/>
			<tank id="34"/>
			<tank id="9"/>
			<tank id="12"/>
			<tank id="3"/>
			<tank id="2"/>
			<tank id="24"/>
			<tank id="18"/>
			<tank id="19"/>
			<tank id="33"/>
			<tank id="28"/>
			<tank id="23"/>
		</neighbours>
	</tank>
	<tank id="23" capa="295">
		<impossiblecargos>
			<cargo id="2"/>
			<cargo id="4"/>
			<cargo id="6"/>
			<cargo id="9"/>
		</impossiblecargos>
		<neighbours>
			<tank id="2"/>
			<tank id="15"/>
			<tank id="1"/>
			<tank id="5"/>
			<tank id="6"/>
			<tank id="32"/>
			<tank id="26"/>
			<tank id="30"/>
			<tank id="31"/>
			<tank id="16"/>
			<tank id="24"/>
			<tank id="7"/>
			<tank id="11"/>
			<tank id="28"/>
			<tank id="12"/>
			<tank id="13"/>
			<tank id="22"/>
		</neighbours>
	</tank>
	<tank id="24" capa="296">
		<impossiblecargos>
			<cargo id="6"/>
			<cargo id="12"/>
		</impossiblecargos>
		<neighbours>
			<tank id="4"/>
			<tank id="1"/>
			<tank id="3"/>
			<tank id="32"/>
			<tank id="33"/>
			<tank id="9"/>
			<tank id="20"/>
			<tank id="23"/>
			<tank id="8"/>
			<tank id="25"/>
			<tank id="15"/>
			<tank id="22"/>
			<tank id="2"/>
			<tank id="12"/>
			<tank id="11"/>
			<tank id="17"/>
			<tank id="28"/>
		</neighbours>
	</tank>
	<tank id="25" capa="250">
		<impossiblecargos>
			<cargo id="4"/>
			<cargo id="14"/>
			<cargo id="15"/>
		</impossiblecargos>
		<neighbours>
			<tank id="16"/>
			<tank id="4"/>
			<tank id="2"/>
			<tank id="6"/>
			<tank id="21"/>
			<tank id="30"/>
			<tank id="34"/>
			<tank id="13"/>
			<tank id="32"/>
			<tank id="1"/>
			<tank id="8"/>
			<tank id="24"/>
			<tank id="26"/>
			<tank id="35"/>
			<tank id="10"/>
			<tank id="7"/>
			<tank id="28"/>
			<tank id="33"/>
			<tank id="12"/>
			<tank id="9"/>
		</neighbours>
	</tank>
	<tank id="26" capa="236">
		<impossiblecargos>
			<cargo id="2"/>
			<cargo id="4"/>
			<cargo id="8"/>
		</impossiblecargos>
		<neighbours>
			<tank id="11"/>
			<tank id="7"/>
			<tank id="20"/>
			<tank id="27"/>
			<tank id="33"/>
			<tank id="3"/>
			<tank id="19"/>
			<tank id="18"/>
			<tank id="14"/>
			<tank id="23"/>
			<tank id="21"/>
			<tank id="9"/>
			<tank id="13"/>
			<tank id="25"/>
			<tank id="30"/>
			<tank id="12"/>
			<tank id="5"/>
		</neighbours>
	</tank>
	<tank id="27" capa="208">
		<impossiblecargos>
			<cargo id="1"/>
			<cargo id="4"/>
			<cargo id="7"/>
			<cargo id="9"/>
			<cargo id="12"/>
		</impossiblecargos>
		<neighbours>
			<tank id="18"/>
			<tank id="28"/>
			<tank id="4"/>
			<tank id="26"/>
			<tank id="6"/>
			<tank id="8"/>
			<tank id="7"/>
			<tank id="12"/>
			<tank id="30"/>
			<tank id="32"/>
			<tank id="14"/>
			<tank id="2"/>
		</neighbours>
	</tank>
	<tank id="28" capa="225">
		<impossiblecargos>
			<cargo id="4"/>
			<cargo id="9"/>
			<cargo id="10"/>
		</impossiblecargos>
		<neighbours>
			<tank id="17"/>
			<tank id="27"/>
			<tank id="34"/>
			<tank id="30"/>
			<tank id="2"/>
			<tank id="16"/>
			<tank id="35"/>
			<tank id="9"/>
			<tank id="11"/>
			<tank id="13"/>
			<tank id="23"/>
			<tank id="29"/>
			<tank id="33"/>
			<tank id="8"/>
			<tank id="25"/>
			<tank id="22"/>
			<tank id="24"/>
		</neighbours>
	</tank>
	<tank id="29" capa="281">
		<impossiblecargos>
			<cargo id="3"/>
			<cargo id="5"/>
			<cargo id="6"/>
			<cargo id="11"/>
			<cargo id="12"/>
			<cargo id="15"/>
		</impossiblecargos>
		<neighbours>
			<tank id="1"/>
			<tank id="31"/>
			<tank id="3"/>
			<tank id="19"/>
			<tank id="20"/>
			<tank id="30"/>
			<tank id="35"/>
			<tank id="13"/>
			<tank id="4"/>
			<tank id="6"/>
			<tank id="21"/>
			<tank id="15"/>
			<tank id="28"/>
			<tank id="9"/>
			<tank id="17"/>
			<tank id="32"/>
			<tank id="14"/>
		</neighbours>
	</tank>
	<tank id="30" capa="235">
		<impossiblecargos>
			<cargo id="2"/>
			<cargo id="3"/>
			<cargo id="6"/>
			<cargo id="13"/>
		</impossiblecargos>
		<neighbours>
			<tank id="21"/>
			<tank id="8"/>
			<tank id="28"/>
			<tank id="35"/>
			<tank id="33"/>
			<tank id="12"/>
			<tank id="29"/>
			<tank id="18"/>
			<tank id="25"/>
			<tank id="3"/>
			<tank id="23"/>
			<tank id="31"/>
			<tank id="20"/>
			<tank id="27"/>
			<tank id="32"/>
			<tank id="6"/>
			<tank id="4"/>
			<tank id="26"/>
			<tank id="34"/>
			<tank id="11"/>
			<tank id="1"/>
		</neighbours>
	</tank>
	<tank id="31" capa="245">
		<impossiblecargos>
			<cargo id="2"/>
			<cargo id="4"/>
			<cargo id="8"/>
		</impossiblecargos>
		<neighbours>
			<tank id="29"/>
			<tank id="21"/>
			<tank id="3"/>
			<tank id="22"/>
			<tank id="13"/>
			<tank id="35"/>
			<tank id="32"/>
			<tank id="30"/>
			<tank id="23"/>
			<tank id="5"/>
			<tank id="1"/>
			<tank id="18"/>
		</neighbours>
	</tank>
	<tank id="32" capa="278">
		<impossiblecargos>
			<cargo id="1"/>
			<cargo id="7"/>
			<cargo id="12"/>
			<cargo id="13"/>
			<cargo id="15"/>
		</impossiblecargos>
		<neighbours>
			<tank id="12"/>
			<tank id="15"/>
			<tank id="4"/>
			<tank id="20"/>
			<tank id="13"/>
			<tank id="33"/>
			<tank id="34"/>
			<tank id="24"/>
			<tank id="23"/>
			<tank id="3"/>
			<tank id="7"/>
			<tank id="31"/>
			<tank id="9"/>
			<tank id="8"/>
			<tank id="19"/>
			<tank id="25"/>
			<tank id="35"/>
			<tank id="30"/>
			<tank id="10"/>
			<tank id="27"/>
			<tank id="5"/>
			<tank id="6"/>
			<tank id="29"/>
		</neighbours>
	</tank>
	<tank id="33" capa="234">
		<impossiblecargos>
			<cargo id="1"/>
			<cargo id="13"/>
		</impossiblecargos>
		<neighbours>
			<tank id="35"/>
			<tank id="19"/>
			<tank id="18"/>
			<tank id="4"/>
			<tank id="30"/>
			<tank id="32"/>
			<tank id="26"/>
			<tank id="10"/>
			<tank id="24"/>
			<tank id="20"/>
			<tank id="21"/>
			<tank id="3"/>
			<tank id="13"/>
			<tank id="16"/>
			<tank id="11"/>
			<tank id="5"/>
			<tank id="28"/>
			<tank id="22"/>
			<tank id="12"/>
			<tank id="8"/>
			<tank id="25"/>
		</neighbours>
	</tank>
	<tank id="34" capa="227">
		<impossiblecargos>
			<cargo id="4"/>
			<cargo id="6"/>
			<cargo id="13"/>
			<cargo id="14"/>
		</impossiblecargos>
		<neighbours>
			<tank id="4"/>
			<tank id="3"/>
			<tank id="28"/>
			<tank id="8"/>
			<tank id="7"/>
			<tank id="14"/>
			<tank id="32"/>
			<tank id="22"/>
			<tank id="9"/>
			<tank id="10"/>
			<tank id="25"/>
			<tank id="16"/>
			<tank id="1"/>
			<tank id="15"/>
			<tank id="30"/>
			<tank id="35"/>
		</neighbours>
	</tank>
	<tank id="35" capa="289">
		<impossiblecargos>
			<cargo id="1"/>
			<cargo id="4"/>
			<cargo id="6"/>
			<cargo id="11"/>
			<cargo id="13"/>
		</impossiblecargos>
		<neighbours>
			<tank id="33"/>
			<tank id="30"/>
			<tank id="6"/>
			<tank id="29"/>
			<tank id="28"/>
			<tank id="11"/>
			<tank id="8"/>
			<tank id="22"/>
			<tank id="31"/>
			<tank id="18"/>
			<tank id="12"/>
			<tank id="16"/>
			<tank id="13"/>
			<tank id="32"/>
			<tank id="15"/>
			<tank id="5"/>
			<tank id="9"/>
			<tank id="25"/>
			<tank id="34"/>
			<tank id="3"/>
			<tank id="1"/>
		</neighbours>
	</tank>
</tanks>
</problem>
