<?xml version="1.0" encoding="UTF-8"?>
<!--
This is a random problem, generated with these parameters:
nCargo = 25
nTanks = 40
nEmptyTanks = 1
tankMinSize = 200
tankMaxSize = 1000
tankFillRatioMin = 0.9
tankFillRatioMax = 1.0
connectivityRatio = 0.75
impossibleCargoRatio = 0.5
notNeighbouringRatio = 0.25
-->
<problem>
<cargos nb="25">
	<cargo id="1" name="c1" volume="1628"/>
	<cargo id="2" name="c2" volume="0"/>
	<cargo id="3" name="c3" volume="1615"/>
	<cargo id="4" name="c4" volume="1778"/>
	<cargo id="5" name="c5" volume="412"/>
	<cargo id="6" name="c6" volume="0"/>
	<cargo id="7" name="c7" volume="2332"/>
	<cargo id="8" name="c8" volume="2247"/>
	<cargo id="9" name="c9" volume="2095"/>
	<cargo id="10" name="c10" volume="937"/>
	<cargo id="11" name="c11" volume="0"/>
	<cargo id="12" name="c12" volume="1464"/>
	<cargo id="13" name="c13" volume="823"/>
	<cargo id="14" name="c14" volume="525"/>
	<cargo id="15" name="c15" volume="363"/>
	<cargo id="16" name="c16" volume="0"/>
	<cargo id="17" name="c17" volume="291"/>
	<cargo id="18" name="c18" volume="522"/>
	<cargo id="19" name="c19" volume="238"/>
	<cargo id="20" name="c20" volume="639"/>
	<cargo id="21" name="c21" volume="1750"/>
	<cargo id="22" name="c22" volume="481"/>
	<cargo id="23" name="c23" volume="1122"/>
	<cargo id="24" name="c24" volume="1586"/>
	<cargo id="25" name="c25" volume="0"/>
</cargos>
<incompatibles>
	<incompatible cargo1="1"  cargo2="2"/>
	<incompatible cargo1="1"  cargo2="11"/>
	<incompatible cargo1="1"  cargo2="25"/>
	<incompatible cargo1="2"  cargo2="4"/>
	<incompatible cargo1="2"  cargo2="16"/>
	<incompatible cargo1="3"  cargo2="11"/>
	<incompatible cargo1="4"  cargo2="6"/>
	<incompatible cargo1="4"  cargo2="16"/>
	<incompatible cargo1="4"  cargo2="25"/>
	<incompatible cargo1="5"  cargo2="25"/>
	<incompatible cargo1="6"  cargo2="11"/>
	<incompatible cargo1="6"  cargo2="14"/>
	<incompatible cargo1="6"  cargo2="22"/>
	<incompatible cargo1="7"  cargo2="11"/>
	<incompatible cargo1="10"  cargo2="16"/>
	<incompatible cargo1="11"  cargo2="15"/>
	<incompatible cargo1="11"  cargo2="18"/>
	<incompatible cargo1="11"  cargo2="21"/>
	<incompatible cargo1="13"  cargo2="18"/>
	<incompatible cargo1="14"  cargo2="15"/>
	<incompatible cargo1="15"  cargo2="25"/>
	<incompatible cargo1="16"  cargo2="22"/>
	<incompatible cargo1="16"  cargo2="23"/>
	<incompatible cargo1="18"  cargo2="22"/>
	<incompatible cargo1="19"  cargo2="25"/>
	<incompatible cargo1="24"  cargo2="25"/>
</incompatibles>
<tanks nb="40">
	<tank id="1" capa="994">
		<impossiblecargos>
			<cargo id="4"/>
			<cargo id="5"/>
			<cargo id="7"/>
			<cargo id="8"/>
			<cargo id="9"/>
			<cargo id="10"/>
			<cargo id="11"/>
			<cargo id="15"/>
			<cargo id="16"/>
			<cargo id="19"/>
			<cargo id="20"/>
			<cargo id="25"/>
		</impossiblecargos>
		<neighbours>
			<tank id="2"/>
			<tank id="8"/>
			<tank id="37"/>
			<tank id="22"/>
			<tank id="28"/>
			<tank id="38"/>
			<tank id="14"/>
			<tank id="26"/>
			<tank id="36"/>
			<tank id="7"/>
			<tank id="34"/>
			<tank id="39"/>
			<tank id="6"/>
			<tank id="16"/>
			<tank id="18"/>
			<tank id="5"/>
			<tank id="33"/>
			<tank id="19"/>
			<tank id="11"/>
			<tank id="3"/>
			<tank id="40"/>
			<tank id="10"/>
			<tank id="4"/>
			<tank id="9"/>
			<tank id="21"/>
			<tank id="13"/>
			<tank id="20"/>
			<tank id="25"/>
			<tank id="12"/>
		</neighbours>
	</tank>
	<tank id="2" capa="815">
		<impossiblecargos>
			<cargo id="2"/>
			<cargo id="3"/>
			<cargo id="5"/>
			<cargo id="6"/>
			<cargo id="8"/>
			<cargo id="10"/>
			<cargo id="13"/>
			<cargo id="14"/>
			<cargo id="15"/>
			<cargo id="16"/>
			<cargo id="17"/>
			<cargo id="18"/>
			<cargo id="21"/>
			<cargo id="23"/>
			<cargo id="24"/>
		</impossiblecargos>
		<neighbours>
			<tank id="9"/>
			<tank id="1"/>
			<tank id="3"/>
			<tank id="6"/>
			<tank id="37"/>
			<tank id="30"/>
			<tank id="36"/>
			<tank id="13"/>
			<tank id="4"/>
			<tank id="39"/>
			<tank id="23"/>
			<tank id="38"/>
			<tank id="19"/>
			<tank id="25"/>
			<tank id="14"/>
			<tank id="32"/>
			<tank id="5"/>
			<tank id="17"/>
			<tank id="40"/>
			<tank id="21"/>
			<tank id="7"/>
			<tank id="18"/>
			<tank id="8"/>
			<tank id="27"/>
			<tank id="31"/>
			<tank id="12"/>
		</neighbours>
	</tank>
	<tank id="3" capa="435">
		<impossiblecargos>
			<cargo id="2"/>
			<cargo id="6"/>
			<cargo id="9"/>
			<cargo id="11"/>
			<cargo id="12"/>
			<cargo id="14"/>
			<cargo id="15"/>
			<cargo id="16"/>
			<cargo id="18"/>
			<cargo id="23"/>
			<cargo id="25"/>
		</impossiblecargos>
		<neighbours>
			<tank id="16"/>
			<tank id="10"/>
			<tank id="14"/>
			<tank id="2"/>
			<tank id="26"/>
			<tank id="25"/>
			<tank id="20"/>
			<tank id="35"/>
			<tank id="23"/>
			<tank id="13"/>
			<tank id="33"/>
			<tank id="37"/>
			<tank id="40"/>
			<tank id="31"/>
			<tank id="4"/>
			<tank id="36"/>
			<tank id="5"/>
			<tank id="19"/>
			<tank id="30"/>
			<tank id="1"/>
			<tank id="11"/>
			<tank id="21"/>
			<tank id="38"/>
			<tank id="29"/>
			<tank id="27"/>
			<tank id="9"/>
			<tank id="39"/>
			<tank id="7"/>
			<tank id="15"/>
			<tank id="17"/>
			<tank id="8"/>
			<tank id="6"/>
			<tank id="12"/>
		</neighbours>
	</tank>
	<tank id="4" capa="420">
		<impossiblecargos>
			<cargo id="3"/>
			<cargo id="5"/>
			<cargo id="6"/>
			<cargo id="7"/>
			<cargo id="8"/>
			<cargo id="9"/>
			<cargo id="12"/>
			<cargo id="13"/>
			<cargo id="16"/>
			<cargo id="18"/>
			<cargo id="20"/>
			<cargo id="21"/>
			<cargo id="24"/>
		</impossiblecargos>
		<neighbours>
			<tank id="29"/>
			<tank id="37"/>
			<tank id="26"/>
			<tank id="32"/>
			<tank id="14"/>
			<tank id="11"/>
			<tank id="38"/>
			<tank id="15"/>
			<tank id="2"/>
			<tank id="30"/>
			<tank id="27"/>
			<tank id="28"/>
			<tank id="13"/>
			<tank id="7"/>
			<tank id="3"/>
			<tank id="24"/>
			<tank id="6"/>
			<tank id="20"/>
			<tank id="22"/>
			<tank id="1"/>
			<tank id="39"/>
			<tank id="21"/>
			<tank id="9"/>
			<tank id="16"/>
			<tank id="12"/>
			<tank id="8"/>
			<tank id="25"/>
			<tank id="18"/>
			<tank id="19"/>
		</neighbours>
	</tank>
	<tank id="5" capa="953">
		<impossiblecargos>
			<cargo id="3"/>
			<cargo id="4"/>
			<cargo id="6"/>
			<cargo id="10"/>
			<cargo id="11"/>
			<cargo id="13"/>
			<cargo id="14"/>
			<cargo id="17"/>
			<cargo id="18"/>
			<cargo id="20"/>
			<cargo id="21"/>
			<cargo id="23"/>
		</impossiblecargos>
		<neighbours>
			<tank id="12"/>
			<tank id="32"/>
			<tank id="6"/>
			<tank id="28"/>
			<tank id="13"/>
			<tank id="27"/>
			<tank id="26"/>
			<tank id="35"/>
			<tank id="38"/>
			<tank id="1"/>
			<tank id="18"/>
			<tank id="8"/>
			<tank id="19"/>
			<tank id="3"/>
			<tank id="37"/>
			<tank id="17"/>
			<tank id="2"/>
			<tank id="29"/>
			<tank id="24"/>
			<tank id="36"/>
			<tank id="10"/>
			<tank id="30"/>
			<tank id="9"/>
			<tank id="39"/>
			<tank id="25"/>
			<tank id="16"/>
		</neighbours>
	</tank>
	<tank id="6" capa="688">
		<impossiblecargos>
			<cargo id="1"/>
			<cargo id="2"/>
			<cargo id="5"/>
			<cargo id="6"/>
			<cargo id="7"/>
			<cargo id="8"/>
			<cargo id="9"/>
			<cargo id="10"/>
			<cargo id="11"/>
			<cargo id="12"/>
			<cargo id="13"/>
			<cargo id="19"/>
			<cargo id="22"/>
			<cargo id="23"/>
			<cargo id="24"/>
			<cargo id="25"/>
		</impossiblecargos>
		<neighbours>
			<tank id="8"/>
			<tank id="13"/>
			<tank id="2"/>
			<tank id="15"/>
			<tank id="5"/>
			<tank id="29"/>
			<tank id="26"/>
			<tank id="9"/>
			<tank id="30"/>
			<tank id="18"/>
			<tank id="33"/>
			<tank id="24"/>
			<tank id="1"/>
			<tank id="20"/>
			<tank id="28"/>
			<tank id="12"/>
			<tank id="34"/>
			<tank id="25"/>
			<tank id="4"/>
			<tank id="39"/>
			<tank id="14"/>
			<tank id="7"/>
			<tank id="23"/>
			<tank id="19"/>
			<tank id="36"/>
			<tank id="10"/>
			<tank id="27"/>
			<tank id="40"/>
			<tank id="17"/>
			<tank id="21"/>
			<tank id="16"/>
			<tank id="35"/>
			<tank id="3"/>
		</neighbours>
	</tank>
	<tank id="7" capa="377">
		<impossiblecargos>
			<cargo id="3"/>
			<cargo id="4"/>
			<cargo id="5"/>
			<cargo id="6"/>
			<cargo id="7"/>
			<cargo id="8"/>
			<cargo id="9"/>
			<cargo id="10"/>
			<cargo id="11"/>
			<cargo id="12"/>
			<cargo id="13"/>
			<cargo id="17"/>
			<cargo id="22"/>
			<cargo id="24"/>
		</impossiblecargos>
		<neighbours>
			<tank id="9"/>
			<tank id="13"/>
			<tank id="39"/>
			<tank id="36"/>
			<tank id="10"/>
			<tank id="14"/>
			<tank id="1"/>
			<tank id="8"/>
			<tank id="31"/>
			<tank id="28"/>
			<tank id="40"/>
			<tank id="35"/>
			<tank id="18"/>
			<tank id="12"/>
			<tank id="4"/>
			<tank id="33"/>
			<tank id="32"/>
			<tank id="29"/>
			<tank id="24"/>
			<tank id="38"/>
			<tank id="21"/>
			<tank id="20"/>
			<tank id="6"/>
			<tank id="22"/>
			<tank id="34"/>
			<tank id="2"/>
			<tank id="3"/>
			<tank id="11"/>
			<tank id="19"/>
			<tank id="37"/>
			<tank id="23"/>
			<tank id="17"/>
			<tank id="25"/>
		</neighbours>
	</tank>
	<tank id="8" capa="752">
		<impossiblecargos>
			<cargo id="2"/>
			<cargo id="3"/>
			<cargo id="4"/>
			<cargo id="6"/>
			<cargo id="10"/>
			<cargo id="13"/>
			<cargo id="17"/>
			<cargo id="18"/>
			<cargo id="19"/>
			<cargo id="20"/>
			<cargo id="21"/>
		</impossiblecargos>
		<neighbours>
			<tank id="9"/>
			<tank id="40"/>
			<tank id="6"/>
			<tank id="1"/>
			<tank id="18"/>
			<tank id="27"/>
			<tank id="10"/>
			<tank id="22"/>
			<tank id="7"/>
			<tank id="28"/>
			<tank id="11"/>
			<tank id="16"/>
			<tank id="12"/>
			<tank id="5"/>
			<tank id="26"/>
			<tank id="35"/>
			<tank id="29"/>
			<tank id="31"/>
			<tank id="15"/>
			<tank id="33"/>
			<tank id="25"/>
			<tank id="32"/>
			<tank id="38"/>
			<tank id="34"/>
			<tank id="2"/>
			<tank id="24"/>
			<tank id="20"/>
			<tank id="3"/>
			<tank id="4"/>
		</neighbours>
	</tank>
	<tank id="9" capa="561">
		<impossiblecargos>
			<cargo id="1"/>
			<cargo id="3"/>
			<cargo id="4"/>
			<cargo id="8"/>
			<cargo id="9"/>
			<cargo id="11"/>
			<cargo id="12"/>
			<cargo id="16"/>
			<cargo id="19"/>
			<cargo id="22"/>
			<cargo id="24"/>
			<cargo id="25"/>
		</impossiblecargos>
		<neighbours>
			<tank id="2"/>
			<tank id="7"/>
			<tank id="8"/>
			<tank id="38"/>
			<tank id="21"/>
			<tank id="20"/>
			<tank id="14"/>
			<tank id="23"/>
			<tank id="29"/>
			<tank id="26"/>
			<tank id="28"/>
			<tank id="6"/>
			<tank id="19"/>
			<tank id="11"/>
			<tank id="36"/>
			<tank id="34"/>
			<tank id="13"/>
			<tank id="22"/>
			<tank id="25"/>
			<tank id="15"/>
			<tank id="3"/>
			<tank id="31"/>
			<tank id="1"/>
			<tank id="5"/>
			<tank id="27"/>
			<tank id="4"/>
			<tank id="18"/>
			<tank id="17"/>
			<tank id="35"/>
		</neighbours>
	</tank>
	<tank id="10" capa="805">
		<impossiblecargos>
			<cargo id="3"/>
			<cargo id="5"/>
			<cargo id="7"/>
			<cargo id="9"/>
			<cargo id="10"/>
			<cargo id="11"/>
			<cargo id="12"/>
			<cargo id="14"/>
			<cargo id="17"/>
			<cargo id="23"/>
			<cargo id="24"/>
			<cargo id="25"/>
		</impossiblecargos>
		<neighbours>
			<tank id="31"/>
			<tank id="3"/>
			<tank id="30"/>
			<tank id="17"/>
			<tank id="27"/>
			<tank id="7"/>
			<tank id="8"/>
			<tank id="38"/>
			<tank id="39"/>
			<tank id="25"/>
			<tank id="11"/>
			<tank id="24"/>
			<tank id="16"/>
			<tank id="29"/>
			<tank id="12"/>
			<tank id="22"/>
			<tank id="36"/>
			<tank id="20"/>
			<tank id="18"/>
			<tank id="1"/>
			<tank id="6"/>
			<tank id="5"/>
			<tank id="32"/>
			<tank id="21"/>
			<tank id="19"/>
			<tank id="28"/>
			<tank id="34"/>
		</neighbours>
	</tank>
	<tank id="11" capa="506">
		<impossiblecargos>
			<cargo id="4"/>
			<cargo id="5"/>
			<cargo id="7"/>
			<cargo id="9"/>
			<cargo id="10"/>
			<cargo id="11"/>
			<cargo id="12"/>
			<cargo id="16"/>
			<cargo id="19"/>
			<cargo id="21"/>
			<cargo id="25"/>
		</impossiblecargos>
		<neighbours>
			<tank id="38"/>
			<tank id="24"/>
			<tank id="4"/>
			<tank id="39"/>
			<tank id="19"/>
			<tank id="25"/>
			<tank id="32"/>
			<tank id="9"/>
			<tank id="30"/>
			<tank id="14"/>
			<tank id="8"/>
			<tank id="15"/>
			<tank id="16"/>
			<tank id="22"/>
			<tank id="10"/>
			<tank id="33"/>
			<tank id="17"/>
			<tank id="20"/>
			<tank id="37"/>
			<tank id="1"/>
			<tank id="3"/>
			<tank id="7"/>
			<tank id="35"/>
			<tank id="26"/>
			<tank id="27"/>
		</neighbours>
	</tank>
	<tank id="12" capa="435">
		<impossiblecargos>
			<cargo id="3"/>
			<cargo id="4"/>
			<cargo id="6"/>
			<cargo id="9"/>
			<cargo id="10"/>
			<cargo id="13"/>
			<cargo id="14"/>
			<cargo id="15"/>
			<cargo id="17"/>
			<cargo id="19"/>
			<cargo id="20"/>
			<cargo id="21"/>
			<cargo id="24"/>
		</impossiblecargos>
		<neighbours>
			<tank id="28"/>
			<tank id="13"/>
			<tank id="5"/>
			<tank id="39"/>
			<tank id="14"/>
			<tank id="35"/>
			<tank id="23"/>
			<tank id="21"/>
			<tank id="33"/>
			<tank id="18"/>
			<tank id="37"/>
			<tank id="20"/>
			<tank id="8"/>
			<tank id="7"/>
			<tank id="27"/>
			<tank id="6"/>
			<tank id="17"/>
			<tank id="22"/>
			<tank id="38"/>
			<tank id="32"/>
			<tank id="10"/>
			<tank id="26"/>
			<tank id="34"/>
			<tank id="25"/>
			<tank id="4"/>
			<tank id="36"/>
			<tank id="2"/>
			<tank id="19"/>
			<tank id="3"/>
			<tank id="29"/>
			<tank id="1"/>
			<tank id="16"/>
		</neighbours>
	</tank>
	<tank id="13" capa="520">
		<impossiblecargos>
			<cargo id="2"/>
			<cargo id="5"/>
			<cargo id="6"/>
			<cargo id="7"/>
			<cargo id="13"/>
			<cargo id="16"/>
			<cargo id="17"/>
			<cargo id="18"/>
			<cargo id="20"/>
			<cargo id="24"/>
			<cargo id="25"/>
		</impossiblecargos>
		<neighbours>
			<tank id="32"/>
			<tank id="40"/>
			<tank id="12"/>
			<tank id="25"/>
			<tank id="6"/>
			<tank id="16"/>
			<tank id="39"/>
			<tank id="17"/>
			<tank id="24"/>
			<tank id="7"/>
			<tank id="5"/>
			<tank id="2"/>
			<tank id="23"/>
			<tank id="18"/>
			<tank id="37"/>
			<tank id="34"/>
			<tank id="15"/>
			<tank id="3"/>
			<tank id="4"/>
			<tank id="9"/>
			<tank id="29"/>
			<tank id="22"/>
			<tank id="19"/>
			<tank id="27"/>
			<tank id="20"/>
			<tank id="1"/>
			<tank id="31"/>
			<tank id="33"/>
			<tank id="28"/>
			<tank id="26"/>
		</neighbours>
	</tank>
	<tank id="14" capa="716">
		<impossiblecargos>
			<cargo id="5"/>
			<cargo id="8"/>
			<cargo id="9"/>
			<cargo id="11"/>
			<cargo id="12"/>
			<cargo id="13"/>
			<cargo id="14"/>
			<cargo id="18"/>
			<cargo id="19"/>
			<cargo id="22"/>
			<cargo id="25"/>
		</impossiblecargos>
		<neighbours>
			<tank id="32"/>
			<tank id="4"/>
			<tank id="3"/>
			<tank id="25"/>
			<tank id="9"/>
			<tank id="19"/>
			<tank id="12"/>
			<tank id="37"/>
			<tank id="36"/>
			<tank id="1"/>
			<tank id="7"/>
			<tank id="24"/>
			<tank id="11"/>
			<tank id="16"/>
			<tank id="15"/>
			<tank id="26"/>
			<tank id="31"/>
			<tank id="33"/>
			<tank id="2"/>
			<tank id="21"/>
			<tank id="28"/>
			<tank id="6"/>
			<tank id="23"/>
			<tank id="39"/>
			<tank id="22"/>
			<tank id="20"/>
			<tank id="29"/>
			<tank id="40"/>
		</neighbours>
	</tank>
	<tank id="15" capa="481">
		<impossiblecargos>
			<cargo id="9"/>
			<cargo id="13"/>
			<cargo id="15"/>
			<cargo id="16"/>
			<cargo id="17"/>
			<cargo id="18"/>
			<cargo id="22"/>
			<cargo id="23"/>
			<cargo id="24"/>
		</impossiblecargos>
		<neighbours>
			<tank id="18"/>
			<tank id="16"/>
			<tank id="6"/>
			<tank id="36"/>
			<tank id="33"/>
			<tank id="4"/>
			<tank id="29"/>
			<tank id="21"/>
			<tank id="30"/>
			<tank id="32"/>
			<tank id="39"/>
			<tank id="20"/>
			<tank id="26"/>
			<tank id="34"/>
			<tank id="13"/>
			<tank id="17"/>
			<tank id="14"/>
			<tank id="11"/>
			<tank id="31"/>
			<tank id="23"/>
			<tank id="24"/>
			<tank id="38"/>
			<tank id="9"/>
			<tank id="8"/>
			<tank id="25"/>
			<tank id="35"/>
			<tank id="22"/>
			<tank id="3"/>
			<tank id="40"/>
		</neighbours>
	</tank>
	<tank id="16" capa="548">
		<impossiblecargos>
			<cargo id="2"/>
			<cargo id="3"/>
			<cargo id="13"/>
			<cargo id="15"/>
			<cargo id="20"/>
			<cargo id="24"/>
		</impossiblecargos>
		<neighbours>
			<tank id="3"/>
			<tank id="15"/>
			<tank id="13"/>
			<tank id="26"/>
			<tank id="19"/>
			<tank id="40"/>
			<tank id="21"/>
			<tank id="31"/>
			<tank id="27"/>
			<tank id="38"/>
			<tank id="29"/>
			<tank id="1"/>
			<tank id="14"/>
			<tank id="20"/>
			<tank id="18"/>
			<tank id="25"/>
			<tank id="24"/>
			<tank id="8"/>
			<tank id="11"/>
			<tank id="30"/>
			<tank id="10"/>
			<tank id="23"/>
			<tank id="39"/>
			<tank id="33"/>
			<tank id="34"/>
			<tank id="28"/>
			<tank id="36"/>
			<tank id="6"/>
			<tank id="4"/>
			<tank id="5"/>
			<tank id="12"/>
		</neighbours>
	</tank>
	<tank id="17" capa="358">
		<impossiblecargos>
			<cargo id="1"/>
			<cargo id="2"/>
			<cargo id="6"/>
			<cargo id="13"/>
			<cargo id="14"/>
			<cargo id="15"/>
			<cargo id="17"/>
			<cargo id="19"/>
			<cargo id="20"/>
			<cargo id="21"/>
			<cargo id="22"/>
			<cargo id="23"/>
			<cargo id="24"/>
			<cargo id="25"/>
		</impossiblecargos>
		<neighbours>
			<tank id="24"/>
			<tank id="25"/>
			<tank id="20"/>
			<tank id="23"/>
			<tank id="31"/>
			<tank id="13"/>
			<tank id="10"/>
			<tank id="33"/>
			<tank id="37"/>
			<tank id="22"/>
			<tank id="32"/>
			<tank id="15"/>
			<tank id="12"/>
			<tank id="27"/>
			<tank id="11"/>
			<tank id="5"/>
			<tank id="28"/>
			<tank id="2"/>
			<tank id="40"/>
			<tank id="18"/>
			<tank id="26"/>
			<tank id="30"/>
			<tank id="35"/>
			<tank id="34"/>
			<tank id="6"/>
			<tank id="3"/>
			<tank id="9"/>
			<tank id="7"/>
		</neighbours>
	</tank>
	<tank id="18" capa="793">
		<impossiblecargos>
			<cargo id="2"/>
			<cargo id="3"/>
			<cargo id="4"/>
			<cargo id="5"/>
			<cargo id="6"/>
			<cargo id="7"/>
			<cargo id="10"/>
			<cargo id="11"/>
			<cargo id="13"/>
			<cargo id="16"/>
			<cargo id="19"/>
			<cargo id="22"/>
			<cargo id="23"/>
			<cargo id="24"/>
			<cargo id="25"/>
		</impossiblecargos>
		<neighbours>
			<tank id="15"/>
			<tank id="33"/>
			<tank id="8"/>
			<tank id="40"/>
			<tank id="38"/>
			<tank id="25"/>
			<tank id="6"/>
			<tank id="32"/>
			<tank id="13"/>
			<tank id="29"/>
			<tank id="1"/>
			<tank id="16"/>
			<tank id="12"/>
			<tank id="24"/>
			<tank id="7"/>
			<tank id="5"/>
			<tank id="37"/>
			<tank id="31"/>
			<tank id="22"/>
			<tank id="26"/>
			<tank id="17"/>
			<tank id="10"/>
			<tank id="30"/>
			<tank id="28"/>
			<tank id="2"/>
			<tank id="21"/>
			<tank id="23"/>
			<tank id="9"/>
			<tank id="36"/>
			<tank id="4"/>
		</neighbours>
	</tank>
	<tank id="19" capa="484">
		<impossiblecargos>
			<cargo id="1"/>
			<cargo id="10"/>
			<cargo id="11"/>
			<cargo id="12"/>
			<cargo id="13"/>
			<cargo id="14"/>
			<cargo id="16"/>
			<cargo id="17"/>
			<cargo id="18"/>
			<cargo id="19"/>
			<cargo id="20"/>
			<cargo id="21"/>
			<cargo id="23"/>
			<cargo id="25"/>
		</impossiblecargos>
		<neighbours>
			<tank id="28"/>
			<tank id="35"/>
			<tank id="40"/>
			<tank id="26"/>
			<tank id="34"/>
			<tank id="11"/>
			<tank id="14"/>
			<tank id="9"/>
			<tank id="16"/>
			<tank id="32"/>
			<tank id="21"/>
			<tank id="2"/>
			<tank id="29"/>
			<tank id="13"/>
			<tank id="5"/>
			<tank id="3"/>
			<tank id="30"/>
			<tank id="38"/>
			<tank id="1"/>
			<tank id="33"/>
			<tank id="6"/>
			<tank id="39"/>
			<tank id="20"/>
			<tank id="37"/>
			<tank id="22"/>
			<tank id="36"/>
			<tank id="7"/>
			<tank id="31"/>
			<tank id="10"/>
			<tank id="12"/>
			<tank id="4"/>
		</neighbours>
	</tank>
	<tank id="20" capa="437">
		<impossiblecargos>
			<cargo id="2"/>
			<cargo id="3"/>
			<cargo id="6"/>
			<cargo id="8"/>
			<cargo id="9"/>
			<cargo id="11"/>
			<cargo id="12"/>
			<cargo id="14"/>
			<cargo id="15"/>
			<cargo id="17"/>
			<cargo id="21"/>
			<cargo id="23"/>
		</impossiblecargos>
		<neighbours>
			<tank id="17"/>
			<tank id="33"/>
			<tank id="9"/>
			<tank id="35"/>
			<tank id="30"/>
			<tank id="37"/>
			<tank id="3"/>
			<tank id="15"/>
			<tank id="25"/>
			<tank id="31"/>
			<tank id="16"/>
			<tank id="36"/>
			<tank id="34"/>
			<tank id="6"/>
			<tank id="12"/>
			<tank id="38"/>
			<tank id="29"/>
			<tank id="11"/>
			<tank id="4"/>
			<tank id="7"/>
			<tank id="13"/>
			<tank id="10"/>
			<tank id="27"/>
			<tank id="39"/>
			<tank id="1"/>
			<tank id="19"/>
			<tank id="8"/>
			<tank id="26"/>
			<tank id="14"/>
		</neighbours>
	</tank>
	<tank id="21" capa="942">
		<impossiblecargos>
			<cargo id="3"/>
			<cargo id="4"/>
			<cargo id="6"/>
			<cargo id="9"/>
			<cargo id="11"/>
			<cargo id="12"/>
			<cargo id="13"/>
			<cargo id="14"/>
			<cargo id="15"/>
			<cargo id="16"/>
			<cargo id="17"/>
			<cargo id="22"/>
		</impossiblecargos>
		<neighbours>
			<tank id="9"/>
			<tank id="39"/>
			<tank id="27"/>
			<tank id="15"/>
			<tank id="36"/>
			<tank id="26"/>
			<tank id="28"/>
			<tank id="34"/>
			<tank id="31"/>
			<tank id="12"/>
			<tank id="16"/>
			<tank id="19"/>
			<tank id="33"/>
			<tank id="25"/>
			<tank id="37"/>
			<tank id="35"/>
			<tank id="14"/>
			<tank id="7"/>
			<tank id="2"/>
			<tank id="3"/>
			<tank id="32"/>
			<tank id="1"/>
			<tank id="24"/>
			<tank id="6"/>
			<tank id="4"/>
			<tank id="10"/>
			<tank id="18"/>
			<tank id="23"/>
			<tank id="29"/>
			<tank id="40"/>
			<tank id="22"/>
		</neighbours>
	</tank>
	<tank id="22" capa="504">
		<impossiblecargos>
			<cargo id="3"/>
			<cargo id="5"/>
			<cargo id="6"/>
			<cargo id="9"/>
			<cargo id="10"/>
			<cargo id="11"/>
			<cargo id="12"/>
			<cargo id="14"/>
			<cargo id="15"/>
			<cargo id="17"/>
			<cargo id="18"/>
			<cargo id="20"/>
			<cargo id="21"/>
		</impossiblecargos>
		<neighbours>
			<tank id="31"/>
			<tank id="30"/>
			<tank id="1"/>
			<tank id="36"/>
			<tank id="39"/>
			<tank id="33"/>
			<tank id="28"/>
			<tank id="37"/>
			<tank id="8"/>
			<tank id="34"/>
			<tank id="17"/>
			<tank id="32"/>
			<tank id="23"/>
			<tank id="27"/>
			<tank id="26"/>
			<tank id="11"/>
			<tank id="13"/>
			<tank id="12"/>
			<tank id="9"/>
			<tank id="24"/>
			<tank id="18"/>
			<tank id="10"/>
			<tank id="4"/>
			<tank id="7"/>
			<tank id="14"/>
			<tank id="19"/>
			<tank id="15"/>
			<tank id="21"/>
		</neighbours>
	</tank>
	<tank id="23" capa="554">
		<impossiblecargos>
			<cargo id="1"/>
			<cargo id="4"/>
			<cargo id="6"/>
			<cargo id="8"/>
			<cargo id="9"/>
			<cargo id="12"/>
			<cargo id="13"/>
			<cargo id="14"/>
			<cargo id="15"/>
			<cargo id="16"/>
			<cargo id="17"/>
			<cargo id="20"/>
			<cargo id="24"/>
		</impossiblecargos>
		<neighbours>
			<tank id="38"/>
			<tank id="32"/>
			<tank id="17"/>
			<tank id="9"/>
			<tank id="25"/>
			<tank id="30"/>
			<tank id="12"/>
			<tank id="37"/>
			<tank id="2"/>
			<tank id="13"/>
			<tank id="3"/>
			<tank id="22"/>
			<tank id="24"/>
			<tank id="15"/>
			<tank id="28"/>
			<tank id="33"/>
			<tank id="27"/>
			<tank id="39"/>
			<tank id="16"/>
			<tank id="6"/>
			<tank id="14"/>
			<tank id="40"/>
			<tank id="21"/>
			<tank id="36"/>
			<tank id="18"/>
			<tank id="7"/>
			<tank id="35"/>
			<tank id="34"/>
		</neighbours>
	</tank>
	<tank id="24" capa="701">
		<impossiblecargos>
			<cargo id="1"/>
			<cargo id="2"/>
			<cargo id="5"/>
			<cargo id="6"/>
			<cargo id="7"/>
			<cargo id="10"/>
			<cargo id="11"/>
			<cargo id="14"/>
			<cargo id="15"/>
			<cargo id="16"/>
			<cargo id="18"/>
			<cargo id="19"/>
			<cargo id="20"/>
			<cargo id="21"/>
			<cargo id="23"/>
			<cargo id="25"/>
		</impossiblecargos>
		<neighbours>
			<tank id="17"/>
			<tank id="35"/>
			<tank id="11"/>
			<tank id="32"/>
			<tank id="36"/>
			<tank id="13"/>
			<tank id="25"/>
			<tank id="38"/>
			<tank id="14"/>
			<tank id="6"/>
			<tank id="23"/>
			<tank id="16"/>
			<tank id="18"/>
			<tank id="30"/>
			<tank id="4"/>
			<tank id="15"/>
			<tank id="10"/>
			<tank id="22"/>
			<tank id="7"/>
			<tank id="28"/>
			<tank id="27"/>
			<tank id="39"/>
			<tank id="5"/>
			<tank id="21"/>
			<tank id="8"/>
			<tank id="37"/>
			<tank id="33"/>
		</neighbours>
	</tank>
	<tank id="25" capa="564">
		<impossiblecargos>
			<cargo id="3"/>
			<cargo id="7"/>
			<cargo id="11"/>
			<cargo id="14"/>
			<cargo id="15"/>
			<cargo id="16"/>
			<cargo id="17"/>
			<cargo id="18"/>
			<cargo id="21"/>
			<cargo id="24"/>
		</impossiblecargos>
		<neighbours>
			<tank id="31"/>
			<tank id="29"/>
			<tank id="13"/>
			<tank id="17"/>
			<tank id="33"/>
			<tank id="14"/>
			<tank id="23"/>
			<tank id="38"/>
			<tank id="24"/>
			<tank id="11"/>
			<tank id="3"/>
			<tank id="18"/>
			<tank id="27"/>
			<tank id="32"/>
			<tank id="20"/>
			<tank id="21"/>
			<tank id="16"/>
			<tank id="10"/>
			<tank id="2"/>
			<tank id="6"/>
			<tank id="9"/>
			<tank id="28"/>
			<tank id="40"/>
			<tank id="8"/>
			<tank id="15"/>
			<tank id="36"/>
			<tank id="1"/>
			<tank id="37"/>
			<tank id="12"/>
			<tank id="5"/>
			<tank id="30"/>
			<tank id="26"/>
			<tank id="4"/>
			<tank id="7"/>
		</neighbours>
	</tank>
	<tank id="26" capa="696">
		<impossiblecargos>
			<cargo id="1"/>
			<cargo id="2"/>
			<cargo id="3"/>
			<cargo id="4"/>
			<cargo id="9"/>
			<cargo id="10"/>
			<cargo id="11"/>
			<cargo id="12"/>
			<cargo id="14"/>
			<cargo id="16"/>
			<cargo id="21"/>
			<cargo id="23"/>
		</impossiblecargos>
		<neighbours>
			<tank id="4"/>
			<tank id="3"/>
			<tank id="19"/>
			<tank id="30"/>
			<tank id="9"/>
			<tank id="6"/>
			<tank id="39"/>
			<tank id="5"/>
			<tank id="16"/>
			<tank id="21"/>
			<tank id="1"/>
			<tank id="15"/>
			<tank id="27"/>
			<tank id="38"/>
			<tank id="22"/>
			<tank id="14"/>
			<tank id="36"/>
			<tank id="33"/>
			<tank id="8"/>
			<tank id="37"/>
			<tank id="40"/>
			<tank id="12"/>
			<tank id="18"/>
			<tank id="28"/>
			<tank id="17"/>
			<tank id="29"/>
			<tank id="31"/>
			<tank id="35"/>
			<tank id="20"/>
			<tank id="11"/>
			<tank id="13"/>
			<tank id="25"/>
			<tank id="34"/>
		</neighbours>
	</tank>
	<tank id="27" capa="830">
		<impossiblecargos>
			<cargo id="1"/>
			<cargo id="2"/>
			<cargo id="7"/>
			<cargo id="9"/>
			<cargo id="10"/>
			<cargo id="11"/>
			<cargo id="12"/>
			<cargo id="17"/>
			<cargo id="20"/>
			<cargo id="21"/>
			<cargo id="22"/>
			<cargo id="23"/>
		</impossiblecargos>
		<neighbours>
			<tank id="21"/>
			<tank id="8"/>
			<tank id="5"/>
			<tank id="10"/>
			<tank id="25"/>
			<tank id="37"/>
			<tank id="16"/>
			<tank id="31"/>
			<tank id="26"/>
			<tank id="4"/>
			<tank id="22"/>
			<tank id="39"/>
			<tank id="29"/>
			<tank id="12"/>
			<tank id="17"/>
			<tank id="13"/>
			<tank id="23"/>
			<tank id="34"/>
			<tank id="33"/>
			<tank id="30"/>
			<tank id="24"/>
			<tank id="36"/>
			<tank id="20"/>
			<tank id="3"/>
			<tank id="32"/>
			<tank id="6"/>
			<tank id="2"/>
			<tank id="9"/>
			<tank id="11"/>
			<tank id="28"/>
		</neighbours>
	</tank>
	<tank id="28" capa="454">
		<impossiblecargos>
			<cargo id="5"/>
			<cargo id="6"/>
			<cargo id="10"/>
			<cargo id="12"/>
			<cargo id="15"/>
			<cargo id="16"/>
			<cargo id="17"/>
			<cargo id="18"/>
			<cargo id="19"/>
			<cargo id="20"/>
			<cargo id="24"/>
		</impossiblecargos>
		<neighbours>
			<tank id="36"/>
			<tank id="19"/>
			<tank id="12"/>
			<tank id="33"/>
			<tank id="5"/>
			<tank id="1"/>
			<tank id="9"/>
			<tank id="22"/>
			<tank id="37"/>
			<tank id="21"/>
			<tank id="8"/>
			<tank id="7"/>
			<tank id="4"/>
			<tank id="6"/>
			<tank id="23"/>
			<tank id="40"/>
			<tank id="39"/>
			<tank id="32"/>
			<tank id="17"/>
			<tank id="24"/>
			<tank id="14"/>
			<tank id="25"/>
			<tank id="35"/>
			<tank id="26"/>
			<tank id="18"/>
			<tank id="16"/>
			<tank id="31"/>
			<tank id="10"/>
			<tank id="38"/>
			<tank id="13"/>
			<tank id="29"/>
			<tank id="27"/>
		</neighbours>
	</tank>
	<tank id="29" capa="601">
		<impossiblecargos>
			<cargo id="2"/>
			<cargo id="5"/>
			<cargo id="6"/>
			<cargo id="7"/>
			<cargo id="8"/>
			<cargo id="13"/>
			<cargo id="14"/>
			<cargo id="15"/>
			<cargo id="20"/>
			<cargo id="24"/>
			<cargo id="25"/>
		</impossiblecargos>
		<neighbours>
			<tank id="25"/>
			<tank id="4"/>
			<tank id="34"/>
			<tank id="6"/>
			<tank id="9"/>
			<tank id="39"/>
			<tank id="15"/>
			<tank id="33"/>
			<tank id="35"/>
			<tank id="18"/>
			<tank id="16"/>
			<tank id="27"/>
			<tank id="19"/>
			<tank id="13"/>
			<tank id="31"/>
			<tank id="20"/>
			<tank id="7"/>
			<tank id="8"/>
			<tank id="10"/>
			<tank id="5"/>
			<tank id="3"/>
			<tank id="26"/>
			<tank id="14"/>
			<tank id="32"/>
			<tank id="37"/>
			<tank id="21"/>
			<tank id="28"/>
			<tank id="12"/>
			<tank id="40"/>
		</neighbours>
	</tank>
	<tank id="30" capa="521">
		<impossiblecargos>
			<cargo id="2"/>
			<cargo id="3"/>
			<cargo id="4"/>
			<cargo id="5"/>
			<cargo id="6"/>
			<cargo id="8"/>
			<cargo id="11"/>
			<cargo id="12"/>
			<cargo id="13"/>
			<cargo id="18"/>
			<cargo id="22"/>
			<cargo id="24"/>
			<cargo id="25"/>
		</impossiblecargos>
		<neighbours>
			<tank id="32"/>
			<tank id="10"/>
			<tank id="22"/>
			<tank id="2"/>
			<tank id="26"/>
			<tank id="23"/>
			<tank id="15"/>
			<tank id="6"/>
			<tank id="20"/>
			<tank id="11"/>
			<tank id="4"/>
			<tank id="31"/>
			<tank id="16"/>
			<tank id="24"/>
			<tank id="19"/>
			<tank id="3"/>
			<tank id="27"/>
			<tank id="18"/>
			<tank id="17"/>
			<tank id="39"/>
			<tank id="36"/>
			<tank id="34"/>
			<tank id="5"/>
			<tank id="25"/>
			<tank id="35"/>
		</neighbours>
	</tank>
	<tank id="31" capa="684">
		<impossiblecargos>
			<cargo id="1"/>
			<cargo id="5"/>
			<cargo id="11"/>
			<cargo id="12"/>
			<cargo id="13"/>
			<cargo id="15"/>
			<cargo id="18"/>
			<cargo id="20"/>
			<cargo id="21"/>
			<cargo id="22"/>
			<cargo id="23"/>
			<cargo id="24"/>
			<cargo id="25"/>
		</impossiblecargos>
		<neighbours>
			<tank id="25"/>
			<tank id="10"/>
			<tank id="39"/>
			<tank id="22"/>
			<tank id="17"/>
			<tank id="37"/>
			<tank id="35"/>
			<tank id="21"/>
			<tank id="16"/>
			<tank id="7"/>
			<tank id="20"/>
			<tank id="30"/>
			<tank id="27"/>
			<tank id="15"/>
			<tank id="40"/>
			<tank id="14"/>
			<tank id="3"/>
			<tank id="18"/>
			<tank id="29"/>
			<tank id="38"/>
			<tank id="8"/>
			<tank id="36"/>
			<tank id="9"/>
			<tank id="26"/>
			<tank id="13"/>
			<tank id="33"/>
			<tank id="28"/>
			<tank id="19"/>
			<tank id="2"/>
		</neighbours>
	</tank>
	<tank id="32" capa="451">
		<impossiblecargos>
			<cargo id="2"/>
			<cargo id="3"/>
			<cargo id="4"/>
			<cargo id="5"/>
			<cargo id="6"/>
			<cargo id="7"/>
			<cargo id="11"/>
			<cargo id="14"/>
			<cargo id="15"/>
			<cargo id="16"/>
			<cargo id="17"/>
			<cargo id="18"/>
			<cargo id="21"/>
			<cargo id="22"/>
			<cargo id="23"/>
			<cargo id="24"/>
			<cargo id="25"/>
		</impossiblecargos>
		<neighbours>
			<tank id="14"/>
			<tank id="13"/>
			<tank id="23"/>
			<tank id="4"/>
			<tank id="30"/>
			<tank id="5"/>
			<tank id="24"/>
			<tank id="33"/>
			<tank id="36"/>
			<tank id="11"/>
			<tank id="15"/>
			<tank id="25"/>
			<tank id="19"/>
			<tank id="18"/>
			<tank id="17"/>
			<tank id="22"/>
			<tank id="28"/>
			<tank id="7"/>
			<tank id="2"/>
			<tank id="37"/>
			<tank id="12"/>
			<tank id="34"/>
			<tank id="27"/>
			<tank id="8"/>
			<tank id="21"/>
			<tank id="38"/>
			<tank id="10"/>
			<tank id="29"/>
			<tank id="40"/>
		</neighbours>
	</tank>
	<tank id="33" capa="895">
		<impossiblecargos>
			<cargo id="2"/>
			<cargo id="3"/>
			<cargo id="6"/>
			<cargo id="7"/>
			<cargo id="11"/>
			<cargo id="12"/>
			<cargo id="14"/>
			<cargo id="15"/>
			<cargo id="18"/>
			<cargo id="22"/>
			<cargo id="24"/>
		</impossiblecargos>
		<neighbours>
			<tank id="18"/>
			<tank id="20"/>
			<tank id="28"/>
			<tank id="15"/>
			<tank id="25"/>
			<tank id="32"/>
			<tank id="36"/>
			<tank id="22"/>
			<tank id="17"/>
			<tank id="29"/>
			<tank id="6"/>
			<tank id="35"/>
			<tank id="12"/>
			<tank id="21"/>
			<tank id="3"/>
			<tank id="1"/>
			<tank id="26"/>
			<tank id="37"/>
			<tank id="7"/>
			<tank id="14"/>
			<tank id="23"/>
			<tank id="11"/>
			<tank id="27"/>
			<tank id="19"/>
			<tank id="8"/>
			<tank id="16"/>
			<tank id="13"/>
			<tank id="31"/>
			<tank id="40"/>
			<tank id="24"/>
		</neighbours>
	</tank>
	<tank id="34" capa="535">
		<impossiblecargos>
			<cargo id="3"/>
			<cargo id="5"/>
			<cargo id="8"/>
			<cargo id="9"/>
			<cargo id="12"/>
			<cargo id="14"/>
			<cargo id="15"/>
			<cargo id="17"/>
			<cargo id="19"/>
			<cargo id="21"/>
			<cargo id="24"/>
			<cargo id="25"/>
		</impossiblecargos>
		<neighbours>
			<tank id="38"/>
			<tank id="29"/>
			<tank id="19"/>
			<tank id="21"/>
			<tank id="22"/>
			<tank id="15"/>
			<tank id="13"/>
			<tank id="1"/>
			<tank id="39"/>
			<tank id="9"/>
			<tank id="36"/>
			<tank id="20"/>
			<tank id="40"/>
			<tank id="37"/>
			<tank id="6"/>
			<tank id="27"/>
			<tank id="35"/>
			<tank id="12"/>
			<tank id="32"/>
			<tank id="16"/>
			<tank id="7"/>
			<tank id="8"/>
			<tank id="17"/>
			<tank id="30"/>
			<tank id="10"/>
			<tank id="26"/>
			<tank id="23"/>
		</neighbours>
	</tank>
	<tank id="35" capa="309">
		<impossiblecargos>
			<cargo id="3"/>
			<cargo id="4"/>
			<cargo id="5"/>
			<cargo id="9"/>
			<cargo id="13"/>
			<cargo id="14"/>
			<cargo id="15"/>
			<cargo id="16"/>
			<cargo id="18"/>
			<cargo id="19"/>
			<cargo id="21"/>
			<cargo id="22"/>
		</impossiblecargos>
		<neighbours>
			<tank id="24"/>
			<tank id="19"/>
			<tank id="31"/>
			<tank id="20"/>
			<tank id="12"/>
			<tank id="29"/>
			<tank id="5"/>
			<tank id="33"/>
			<tank id="3"/>
			<tank id="7"/>
			<tank id="37"/>
			<tank id="34"/>
			<tank id="8"/>
			<tank id="21"/>
			<tank id="40"/>
			<tank id="28"/>
			<tank id="15"/>
			<tank id="17"/>
			<tank id="11"/>
			<tank id="26"/>
			<tank id="6"/>
			<tank id="23"/>
			<tank id="9"/>
			<tank id="30"/>
		</neighbours>
	</tank>
	<tank id="36" capa="240">
		<impossiblecargos>
			<cargo id="1"/>
			<cargo id="5"/>
			<cargo id="8"/>
			<cargo id="10"/>
			<cargo id="11"/>
			<cargo id="13"/>
			<cargo id="14"/>
			<cargo id="16"/>
			<cargo id="18"/>
			<cargo id="21"/>
			<cargo id="22"/>
			<cargo id="23"/>
		</impossiblecargos>
		<neighbours>
			<tank id="38"/>
			<tank id="28"/>
			<tank id="24"/>
			<tank id="15"/>
			<tank id="22"/>
			<tank id="32"/>
			<tank id="2"/>
			<tank id="33"/>
			<tank id="7"/>
			<tank id="21"/>
			<tank id="14"/>
			<tank id="1"/>
			<tank id="9"/>
			<tank id="34"/>
			<tank id="20"/>
			<tank id="26"/>
			<tank id="3"/>
			<tank id="40"/>
			<tank id="31"/>
			<tank id="27"/>
			<tank id="10"/>
			<tank id="6"/>
			<tank id="5"/>
			<tank id="30"/>
			<tank id="25"/>
			<tank id="19"/>
			<tank id="16"/>
			<tank id="37"/>
			<tank id="23"/>
			<tank id="12"/>
			<tank id="18"/>
			<tank id="39"/>
		</neighbours>
	</tank>
	<tank id="37" capa="986">
		<impossiblecargos>
			<cargo id="1"/>
			<cargo id="5"/>
			<cargo id="8"/>
			<cargo id="10"/>
			<cargo id="12"/>
			<cargo id="14"/>
			<cargo id="15"/>
			<cargo id="16"/>
			<cargo id="17"/>
			<cargo id="19"/>
			<cargo id="23"/>
			<cargo id="25"/>
		</impossiblecargos>
		<neighbours>
			<tank id="4"/>
			<tank id="2"/>
			<tank id="1"/>
			<tank id="31"/>
			<tank id="22"/>
			<tank id="28"/>
			<tank id="14"/>
			<tank id="20"/>
			<tank id="17"/>
			<tank id="23"/>
			<tank id="27"/>
			<tank id="13"/>
			<tank id="35"/>
			<tank id="12"/>
			<tank id="34"/>
			<tank id="3"/>
			<tank id="33"/>
			<tank id="18"/>
			<tank id="5"/>
			<tank id="21"/>
			<tank id="32"/>
			<tank id="26"/>
			<tank id="11"/>
			<tank id="40"/>
			<tank id="19"/>
			<tank id="25"/>
			<tank id="24"/>
			<tank id="7"/>
			<tank id="36"/>
			<tank id="29"/>
			<tank id="39"/>
		</neighbours>
	</tank>
	<tank id="38" capa="541">
		<impossiblecargos>
			<cargo id="2"/>
			<cargo id="4"/>
			<cargo id="5"/>
			<cargo id="6"/>
			<cargo id="7"/>
			<cargo id="8"/>
			<cargo id="9"/>
			<cargo id="11"/>
			<cargo id="12"/>
			<cargo id="15"/>
			<cargo id="17"/>
			<cargo id="19"/>
			<cargo id="20"/>
			<cargo id="22"/>
			<cargo id="23"/>
			<cargo id="24"/>
			<cargo id="25"/>
		</impossiblecargos>
		<neighbours>
			<tank id="34"/>
			<tank id="36"/>
			<tank id="23"/>
			<tank id="11"/>
			<tank id="9"/>
			<tank id="4"/>
			<tank id="39"/>
			<tank id="25"/>
			<tank id="1"/>
			<tank id="18"/>
			<tank id="24"/>
			<tank id="2"/>
			<tank id="16"/>
			<tank id="5"/>
			<tank id="26"/>
			<tank id="10"/>
			<tank id="20"/>
			<tank id="15"/>
			<tank id="12"/>
			<tank id="31"/>
			<tank id="19"/>
			<tank id="7"/>
			<tank id="3"/>
			<tank id="8"/>
			<tank id="32"/>
			<tank id="28"/>
		</neighbours>
	</tank>
	<tank id="39" capa="876">
		<impossiblecargos>
			<cargo id="4"/>
			<cargo id="6"/>
			<cargo id="8"/>
			<cargo id="9"/>
			<cargo id="11"/>
			<cargo id="15"/>
			<cargo id="16"/>
			<cargo id="22"/>
			<cargo id="24"/>
			<cargo id="25"/>
		</impossiblecargos>
		<neighbours>
			<tank id="31"/>
			<tank id="12"/>
			<tank id="11"/>
			<tank id="38"/>
			<tank id="13"/>
			<tank id="21"/>
			<tank id="7"/>
			<tank id="29"/>
			<tank id="22"/>
			<tank id="26"/>
			<tank id="15"/>
			<tank id="2"/>
			<tank id="34"/>
			<tank id="1"/>
			<tank id="27"/>
			<tank id="10"/>
			<tank id="28"/>
			<tank id="23"/>
			<tank id="6"/>
			<tank id="16"/>
			<tank id="40"/>
			<tank id="24"/>
			<tank id="20"/>
			<tank id="14"/>
			<tank id="3"/>
			<tank id="19"/>
			<tank id="30"/>
			<tank id="4"/>
			<tank id="5"/>
			<tank id="37"/>
			<tank id="36"/>
		</neighbours>
	</tank>
	<tank id="40" capa="638">
		<impossiblecargos>
			<cargo id="1"/>
			<cargo id="2"/>
			<cargo id="3"/>
			<cargo id="4"/>
			<cargo id="5"/>
			<cargo id="6"/>
			<cargo id="7"/>
			<cargo id="9"/>
			<cargo id="13"/>
			<cargo id="16"/>
			<cargo id="20"/>
			<cargo id="21"/>
			<cargo id="22"/>
			<cargo id="23"/>
			<cargo id="25"/>
		</impossiblecargos>
		<neighbours>
			<tank id="13"/>
			<tank id="8"/>
			<tank id="19"/>
			<tank id="18"/>
			<tank id="16"/>
			<tank id="7"/>
			<tank id="34"/>
			<tank id="3"/>
			<tank id="31"/>
			<tank id="28"/>
			<tank id="36"/>
			<tank id="26"/>
			<tank id="2"/>
			<tank id="35"/>
			<tank id="37"/>
			<tank id="25"/>
			<tank id="17"/>
			<tank id="39"/>
			<tank id="1"/>
			<tank id="6"/>
			<tank id="23"/>
			<tank id="14"/>
			<tank id="33"/>
			<tank id="32"/>
			<tank id="21"/>
			<tank id="29"/>
			<tank id="15"/>
		</neighbours>
	</tank>
</tanks>
</problem>
